line,status,message,path,current,new,entity_type,entity_id,old_name_ar
2,skipped_same,"Already has target name_ar","المركبات > المركبات التجارية > شاحنات وشاحنات خفيفة > Hyundai > h > 100",100,H-100,subcategory,39045,H-100
3,skipped_same,"Already has target name_ar","المركبات > المركبات التجارية > شاحنات وشاحنات خفيفة > Hyundai > h > 350",350,H350,subcategory,39046,H350
4,skipped_same,"Already has target name_ar","المركبات > المركبات التجارية > شاحنات وشاحنات خفيفة > Hyundai > h > porter ii","porter ii","Porter II",,,
5,skipped_same,"Already has target name_ar","المركبات > المركبات التجارية > الشاحنات والشاحنات الخفيفة > Ford > e- transit","e- transit",E-Transit,subcategory,39023,E-Transit
6,skipped_same,"Already has target name_ar","المركبات > المركبات التجارية > الشاحنات والشاحنات الخفيفة > Ford > p 100","p 100",P100,subcategory,39025,P100
7,skipped_same,"Already has target name_ar","المركبات > المركبات التجارية > الشاحنات والشاحنات الخفيفة > Ford > ranger",ranger,Ranger,,,
8,skipped_same,"Already has target name_ar","المركبات > المركبات التجارية > الشاحنات والشاحنات الخفيفة > Ford > transit",transit,Transit,,,
9,skipped_same,"Already has target name_ar","المركبات > المركبات التجارية > الشاحنات والشاحنات الخفيفة > Ford > سلسلة F","سلسلة F",F-Series,subcategory,39024,F-Series
10,skipped_same,"Already has target name_ar","المركبات > المركبات التجارية > الشاحنات والشاحنات الخفيفة > Ford > شاحنات",شاحنات,"Other Ford Trucks",subcategory,39028,"Other Ford Trucks"
11,skipped_same,"Already has target name_ar","المركبات > المركبات التجارية > الشاحنات والشاحنات الخفيفة > Renault > d",d,"D Series",subcategory,39445,"D Series"
12,skipped_same,"Already has target name_ar","المركبات > المركبات التجارية > الشاحنات والشاحنات الخفيفة > Renault > k",k,"K Series",subcategory,39446,"K Series"
13,skipped_same,"Already has target name_ar","المركبات > المركبات التجارية > الشاحنات والشاحنات الخفيفة > Renault > kerax",kerax,Kerax,,,
14,skipped_same,"Already has target name_ar","المركبات > المركبات التجارية > الشاحنات والشاحنات الخفيفة > Renault > mascott",mascott,Mascott,,,
15,skipped_same,"Already has target name_ar","المركبات > المركبات التجارية > الشاحنات والشاحنات الخفيفة > Renault > master",master,Master,,,
16,skipped_same,"Already has target name_ar","المركبات > المركبات التجارية > الشاحنات والشاحنات الخفيفة > Renault > midlum",midlum,Midlum,,,
17,skipped_same,"Already has target name_ar","المركبات > المركبات التجارية > الشاحنات والشاحنات الخفيفة > Renault > premium",premium,Premium,,,
18,skipped_same,"Already has target name_ar","المركبات > سيارات > Kia > Ceed > 1.5 هايبرد","1.5 هايبرد","1.5 Hybrid",subcategory,21956,"1.5 Hybrid"
19,skipped_same,"Already has target name_ar","المركبات > سيارات > Kia > Ceed > 1.6 هايبرد","1.6 هايبرد","1.6 Hybrid",subcategory,21990,"1.6 Hybrid"
20,skipped_same,"Already has target name_ar","المركبات > سيارات > Kia > Picanto > 1.0 MPI فيل","1.0 MPI فيل","1.0 MPI Feel",subcategory,22038,"1.0 MPI Feel"
21,skipped_same,"Already has target name_ar","المركبات > سيارات > Kia > Picanto > 1.0 MPI كول","1.0 MPI كول","1.0 MPI Cool",subcategory,22037,"1.0 MPI Cool"
22,skipped_same,"Already has target name_ar","المركبات > سيارات > Kia > Picanto > 1.0 MPI لايف","1.0 MPI لايف","1.0 MPI Live",subcategory,22039,"1.0 MPI Live"
23,skipped_same,"Already has target name_ar","المركبات > سيارات > Kia > Rio > 1.2",1.2,"1.2 MPI",subcategory,22051,"1.2 MPI"
24,not_found,"Subcategory not found at segment: بي إم دبليو","المركبات > سيارات > بي إم دبليو > الفئة 5 > 520d جران توريزمو","520d جران توريزمو","520d Gran Turismo",,,
25,not_found,"Subcategory not found at segment: بي إم دبليو","المركبات > سيارات > بي إم دبليو > الفئة 5 > 530xd جران توريزمو","530xd جران توريزمو","530xd Gran Turismo",,,
26,skipped_same,"Already has target name_ar","سلع مستعملة وجديدة > كمبيوتر > أجهزة لوحية > موديلات > 1 زائد","1 زائد",OnePlus,subcategory,26153,OnePlus
27,skipped_same,"Already has target name_ar","سلع مستعملة وجديدة > كمبيوتر > أجهزة لوحية > موديلات > آبل",آبل,Apple,subcategory,26115,Apple
28,skipped_same,"Already has target name_ar","سلع مستعملة وجديدة > كمبيوتر > أجهزة لوحية > موديلات > آسوس أسترا","آسوس أسترا",Asus,subcategory,26117,Asus
29,skipped_same,"Already has target name_ar","سلع مستعملة وجديدة > كمبيوتر > أجهزة لوحية > موديلات > أمازون",أمازون,Amazon,subcategory,26114,Amazon
30,skipped_same,"Already has target name_ar","سلع مستعملة وجديدة > كمبيوتر > أجهزة لوحية > موديلات > أوري",أوري,Auri,subcategory,26118,Auri
31,skipped_same,"Already has target name_ar","سلع مستعملة وجديدة > كمبيوتر > أجهزة لوحية > موديلات > أوليفون",أوليفون,Ulefone,subcategory,26171,Ulefone
32,skipped_same,"Already has target name_ar","سلع مستعملة وجديدة > كمبيوتر > أجهزة لوحية > موديلات > أووكيتيل",أووكيتيل,Oukitel,subcategory,26155,Oukitel
33,skipped_same,"Already has target name_ar","سلع مستعملة وجديدة > كمبيوتر > أجهزة لوحية > موديلات > أيسر",أيسر,Acer,subcategory,26111,Acer
34,skipped_same,"Already has target name_ar","سلع مستعملة وجديدة > كمبيوتر > أجهزة لوحية > موديلات > أينول",أينول,Ainol,subcategory,26112,Ainol
35,skipped_same,"Already has target name_ar","سلع مستعملة وجديدة > كمبيوتر > أجهزة لوحية > موديلات > إزكول",إزكول,Ezcool,subcategory,26129,Ezcool
36,skipped_same,"Already has target name_ar","سلع مستعملة وجديدة > كمبيوتر > أجهزة لوحية > موديلات > إكسبير",إكسبير,Exper,subcategory,26128,Exper
37,skipped_same,"Already has target name_ar","سلع مستعملة وجديدة > كمبيوتر > أجهزة لوحية > موديلات > إل جي","إل جي",LG,subcategory,26143,LG
38,skipped_same,"Already has target name_ar","سلع مستعملة وجديدة > كمبيوتر > أجهزة لوحية > موديلات > الكاتيل فيستينج","الكاتيل فيستينج",Alcatel,subcategory,26113,Alcatel
39,skipped_same,"Already has target name_ar","سلع مستعملة وجديدة > كمبيوتر > أجهزة لوحية > موديلات > اوندا",اوندا,Onda,subcategory,26152,Onda
40,skipped_same,"Already has target name_ar","سلع مستعملة وجديدة > كمبيوتر > أجهزة لوحية > موديلات > اونيو",اونيو,Onyo,subcategory,26154,Onyo
41,skipped_same,"Already has target name_ar","سلع مستعملة وجديدة > كمبيوتر > أجهزة لوحية > موديلات > ايفرست",ايفرست,Everest,subcategory,26127,Everest
42,skipped_same,"Already has target name_ar","سلع مستعملة وجديدة > كمبيوتر > أجهزة لوحية > موديلات > باناسونيك",باناسونيك,Panasonic,subcategory,26156,Panasonic
43,skipped_same,"Already has target name_ar","سلع مستعملة وجديدة > كمبيوتر > أجهزة لوحية > موديلات > بلاك بيري","بلاك بيري",BlackBerry,subcategory,26119,BlackBerry
44,skipped_same,"Already has target name_ar","سلع مستعملة وجديدة > كمبيوتر > أجهزة لوحية > موديلات > بلاكفيو",بلاكفيو,Blackview,subcategory,26120,Blackview
45,skipped_same,"Already has target name_ar","سلع مستعملة وجديدة > كمبيوتر > أجهزة لوحية > موديلات > بولارويد",بولارويد,Polaroid,subcategory,26159,Polaroid
46,skipped_same,"Already has target name_ar","سلع مستعملة وجديدة > كمبيوتر > أجهزة لوحية > موديلات > بوليباد",بوليباد,Polypad,subcategory,26160,Polypad
47,skipped_same,"Already has target name_ar","سلع مستعملة وجديدة > كمبيوتر > أجهزة لوحية > موديلات > بيبو",بيبو,Pipo,subcategory,26157,Pipo
48,skipped_same,"Already has target name_ar","سلع مستعملة وجديدة > كمبيوتر > أجهزة لوحية > موديلات > تشوي",تشوي,Chuwi,subcategory,26122,Chuwi
49,skipped_same,"Already has target name_ar","سلع مستعملة وجديدة > كمبيوتر > أجهزة لوحية > موديلات > توركسيل",توركسيل,Turkcell,subcategory,26170,Turkcell
50,skipped_same,"Already has target name_ar","سلع مستعملة وجديدة > كمبيوتر > أجهزة لوحية > موديلات > توشيبا",توشيبا,Toshiba,subcategory,26169,Toshiba
51,skipped_same,"Already has target name_ar","سلع مستعملة وجديدة > كمبيوتر > أجهزة لوحية > موديلات > تي سي إل","تي سي إل",TCL,subcategory,26167,TCL
52,skipped_same,"Already has target name_ar","سلع مستعملة وجديدة > كمبيوتر > أجهزة لوحية > موديلات > تيكلاست",تيكلاست,Teclast,subcategory,26168,Teclast
53,skipped_same,"Already has target name_ar","سلع مستعملة وجديدة > كمبيوتر > أجهزة لوحية > موديلات > جرونديج",جرونديج,Grundig,subcategory,26134,Grundig
54,skipped_same,"Already has target name_ar","سلع مستعملة وجديدة > كمبيوتر > أجهزة لوحية > موديلات > جوجل",جوجل,Google,subcategory,26133,Google
55,skipped_same,"Already has target name_ar","سلع مستعملة وجديدة > كمبيوتر > أجهزة لوحية > موديلات > جولد ماستر","جولد ماستر",GoldMaster,subcategory,26132,GoldMaster
56,skipped_same,"Already has target name_ar","سلع مستعملة وجديدة > كمبيوتر > أجهزة لوحية > موديلات > جي تي اكس","جي تي اكس",GTX,subcategory,26135,GTX
57,skipped_same,"Already has target name_ar","سلع مستعملة وجديدة > كمبيوتر > أجهزة لوحية > موديلات > دوجي",دوجي,Doogee,subcategory,26126,Doogee
58,skipped_same,"Already has target name_ar","سلع مستعملة وجديدة > كمبيوتر > أجهزة لوحية > موديلات > ديل",ديل,Dell,subcategory,26125,Dell
59,skipped_same,"Already has target name_ar","سلع مستعملة وجديدة > كمبيوتر > أجهزة لوحية > موديلات > ريدر",ريدر,Reeder,subcategory,26161,Reeder
60,skipped_same,"Already has target name_ar","سلع مستعملة وجديدة > كمبيوتر > أجهزة لوحية > موديلات > زد تي إي سنات","زد تي إي سنات",ZTE,subcategory,26178,ZTE
61,skipped_same,"Already has target name_ar","سلع مستعملة وجديدة > كمبيوتر > أجهزة لوحية > موديلات > سامسونج",سامسونج,Samsung,subcategory,26162,Samsung
62,skipped_same,"Already has target name_ar","سلع مستعملة وجديدة > كمبيوتر > أجهزة لوحية > موديلات > سمارت كيو","سمارت كيو",SmartQ,subcategory,26163,SmartQ
63,skipped_same,"Already has target name_ar","سلع مستعملة وجديدة > كمبيوتر > أجهزة لوحية > موديلات > سمكة البيرانا","سمكة البيرانا",Piranha,subcategory,26158,Piranha
64,skipped_same,"Already has target name_ar","سلع مستعملة وجديدة > كمبيوتر > أجهزة لوحية > موديلات > سوني",سوني,Sony,subcategory,26164,Sony
65,skipped_same,"Already has target name_ar","سلع مستعملة وجديدة > كمبيوتر > أجهزة لوحية > موديلات > سيروكس",سيروكس,Syrox,subcategory,26166,Syrox
66,skipped_same,"Already has target name_ar","سلع مستعملة وجديدة > كمبيوتر > أجهزة لوحية > موديلات > شاومي",شاومي,Xiaomi,subcategory,26177,Xiaomi
67,skipped_same,"Already has target name_ar","سلع مستعملة وجديدة > كمبيوتر > أجهزة لوحية > موديلات > صني",صني,Sunny,subcategory,26165,Sunny
68,skipped_same,"Already has target name_ar","سلع مستعملة وجديدة > كمبيوتر > أجهزة لوحية > موديلات > طرد اركوس","طرد اركوس",Archos,subcategory,26116,Archos
69,skipped_same,"Already has target name_ar","سلع مستعملة وجديدة > كمبيوتر > أجهزة لوحية > موديلات > فودافون",فودافون,Vodafone,subcategory,26175,Vodafone
70,skipped_same,"Already has target name_ar","سلع مستعملة وجديدة > كمبيوتر > أجهزة لوحية > موديلات > فوركوم",فوركوم,Vorcom,subcategory,26176,Vorcom
71,skipped_same,"Already has target name_ar","سلع مستعملة وجديدة > كمبيوتر > أجهزة لوحية > موديلات > فوسيبوت",فوسيبوت,Fossibot,subcategory,26130,Fossibot
72,skipped_same,"Already has target name_ar","سلع مستعملة وجديدة > كمبيوتر > أجهزة لوحية > موديلات > فيستل",فيستل,Vestel,subcategory,26174,Vestel
73,skipped_same,"Already has target name_ar","سلع مستعملة وجديدة > كمبيوتر > أجهزة لوحية > موديلات > كاسبر",كاسبر,Casper,subcategory,26121,Casper
74,skipped_same,"Already has target name_ar","سلع مستعملة وجديدة > كمبيوتر > أجهزة لوحية > موديلات > كاواي",كاواي,Kawai,subcategory,26141,Kawai
75,skipped_same,"Already has target name_ar","سلع مستعملة وجديدة > كمبيوتر > أجهزة لوحية > موديلات > كودجن",كودجن,Codegen,subcategory,26123,Codegen
76,skipped_same,"Already has target name_ar","سلع مستعملة وجديدة > كمبيوتر > أجهزة لوحية > موديلات > كونكورد",كونكورد,Concord,subcategory,26124,Concord
77,skipped_same,"Already has target name_ar","سلع مستعملة وجديدة > كمبيوتر > أجهزة لوحية > موديلات > لينوفو",لينوفو,Lenovo,subcategory,26142,Lenovo
78,skipped_same,"Already has target name_ar","سلع مستعملة وجديدة > كمبيوتر > أجهزة لوحية > موديلات > مالاتا",مالاتا,Malata,subcategory,26144,Malata
79,skipped_same,"Already has target name_ar","سلع مستعملة وجديدة > كمبيوتر > أجهزة لوحية > موديلات > مايكروسوفت",مايكروسوفت,Microsoft,subcategory,26145,Microsoft
80,skipped_same,"Already has target name_ar","سلع مستعملة وجديدة > كمبيوتر > أجهزة لوحية > موديلات > موبايل عام","موبايل عام","General Mobile",subcategory,26131,"General Mobile"
81,skipped_same,"Already has target name_ar","سلع مستعملة وجديدة > كمبيوتر > أجهزة لوحية > موديلات > موبي",موبي,Mobi,subcategory,26146,Mobi
82,skipped_same,"Already has target name_ar","سلع مستعملة وجديدة > كمبيوتر > أجهزة لوحية > موديلات > نافكينج",نافكينج,Navking,subcategory,26148,Navking
83,skipped_same,"Already has target name_ar","سلع مستعملة وجديدة > كمبيوتر > أجهزة لوحية > موديلات > نافيتك",نافيتك,Navitech,subcategory,26147,Navitech
84,skipped_same,"Already has target name_ar","سلع مستعملة وجديدة > كمبيوتر > أجهزة لوحية > موديلات > نكست",نكست,Next,subcategory,26149,Next
85,skipped_same,"Already has target name_ar","سلع مستعملة وجديدة > كمبيوتر > أجهزة لوحية > موديلات > نوكيا",نوكيا,Nokia,subcategory,26151,Nokia
86,skipped_same,"Already has target name_ar","سلع مستعملة وجديدة > كمبيوتر > أجهزة لوحية > موديلات > نيكستبوك",نيكستبوك,Nextbook,subcategory,26150,Nextbook
87,skipped_same,"Already has target name_ar","سلع مستعملة وجديدة > كمبيوتر > أجهزة لوحية > موديلات > هواوي",هواوي,Huawei,subcategory,26139,Huawei
88,skipped_same,"Already has target name_ar","سلع مستعملة وجديدة > كمبيوتر > أجهزة لوحية > موديلات > هومتك",هومتك,Hometech,subcategory,26136,Hometech
89,skipped_same,"Already has target name_ar","سلع مستعملة وجديدة > كمبيوتر > أجهزة لوحية > موديلات > هونر",هونر,Honor,subcategory,26137,Honor
90,skipped_same,"Already has target name_ar","سلع مستعملة وجديدة > كمبيوتر > أجهزة لوحية > موديلات > يونيباد",يونيباد,Unipad,subcategory,26173,Unipad
91,skipped_same,"Already has target name_ar","سلع مستعملة وجديدة > كمبيوتر > أجهزة لوحية > موديلات > يونيهيرتز",يونيهيرتز,Unihertz,subcategory,26172,Unihertz
92,skipped_same,"Already has target name_ar","سلع مستعملة وجديدة > كمبيوتر > كمبيوتر مكتبي > موديلات > آبل",آبل,Apple,subcategory,25865,Apple
93,skipped_same,"Already has target name_ar","سلع مستعملة وجديدة > كمبيوتر > كمبيوتر مكتبي > موديلات > آسروك",آسروك,Asrock,subcategory,25867,Asrock
94,skipped_same,"Already has target name_ar","سلع مستعملة وجديدة > كمبيوتر > كمبيوتر مكتبي > موديلات > آسوس",آسوس,Asus,subcategory,25868,Asus
95,skipped_same,"Already has target name_ar","سلع مستعملة وجديدة > كمبيوتر > كمبيوتر مكتبي > موديلات > آي بي إم","آي بي إم",IBM,subcategory,25891,IBM
96,skipped_same,"Already has target name_ar","سلع مستعملة وجديدة > كمبيوتر > كمبيوتر مكتبي > موديلات > آي لايف","آي لايف",I-Life,subcategory,25892,I-Life
97,skipped_same,"Already has target name_ar","سلع مستعملة وجديدة > كمبيوتر > كمبيوتر مكتبي > موديلات > أرسيليك",أرسيليك,Arçelik,subcategory,25866,Arçelik
98,skipped_same,"Already has target name_ar","سلع مستعملة وجديدة > كمبيوتر > كمبيوتر مكتبي > موديلات > أفانترون",أفانترون,Avantron,subcategory,25869,Avantron
99,skipped_same,"Already has target name_ar","سلع مستعملة وجديدة > كمبيوتر > كمبيوتر مكتبي > موديلات > أوفيس كيس","أوفيس كيس",Officecase,subcategory,25902,Officecase
100,skipped_same,"Already has target name_ar","سلع مستعملة وجديدة > كمبيوتر > كمبيوتر مكتبي > موديلات > أوليفيتي",أوليفيتي,Olivetti,subcategory,25903,Olivetti
101,skipped_same,"Already has target name_ar","سلع مستعملة وجديدة > كمبيوتر > كمبيوتر مكتبي > موديلات > أيسر",أيسر,Acer,subcategory,25862,Acer
102,skipped_same,"Already has target name_ar","سلع مستعملة وجديدة > كمبيوتر > كمبيوتر مكتبي > موديلات > إكسبير",إكسبير,Exper,subcategory,25881,Exper
103,skipped_same,"Already has target name_ar","سلع مستعملة وجديدة > كمبيوتر > كمبيوتر مكتبي > موديلات > إم إس آي","إم إس آي",MSI,subcategory,25899,MSI
104,skipped_same,"Already has target name_ar","سلع مستعملة وجديدة > كمبيوتر > كمبيوتر مكتبي > موديلات > إن إي سي","إن إي سي",NEC,subcategory,25901,NEC
105,skipped_same,"Already has target name_ar","سلع مستعملة وجديدة > كمبيوتر > كمبيوتر مكتبي > موديلات > إن سي آر","إن سي آر",NCR,subcategory,25900,NCR
106,skipped_same,"Already has target name_ar","سلع مستعملة وجديدة > كمبيوتر > كمبيوتر مكتبي > موديلات > إنتل إنتل","إنتل إنتل",Intel,subcategory,25893,Intel
107,skipped_same,"Already has target name_ar","سلع مستعملة وجديدة > كمبيوتر > كمبيوتر مكتبي > موديلات > إيداتا ستيفيو","إيداتا ستيفيو",Aidata,subcategory,25864,Aidata
108,skipped_same,"Already has target name_ar","سلع مستعملة وجديدة > كمبيوتر > كمبيوتر مكتبي > موديلات > إيزولي",إيزولي,Izoly,subcategory,25894,Izoly
109,skipped_same,"Already has target name_ar","سلع مستعملة وجديدة > كمبيوتر > كمبيوتر مكتبي > موديلات > ايروكول",ايروكول,Aerocool,subcategory,25863,Aerocool
110,skipped_same,"Already has target name_ar","سلع مستعملة وجديدة > كمبيوتر > كمبيوتر مكتبي > موديلات > باكارد بيل","باكارد بيل","Packard Bell",subcategory,25905,"Packard Bell"
111,skipped_same,"Already has target name_ar","سلع مستعملة وجديدة > كمبيوتر > كمبيوتر مكتبي > موديلات > باورجيت",باورجيت,PowerGate,subcategory,25907,PowerGate
112,skipped_same,"Already has target name_ar","سلع مستعملة وجديدة > كمبيوتر > كمبيوتر مكتبي > موديلات > برو2000",برو2000,Pro2000,subcategory,25908,Pro2000
113,skipped_same,"Already has target name_ar","سلع مستعملة وجديدة > كمبيوتر > كمبيوتر مكتبي > موديلات > بلاكفيو",بلاكفيو,Blackview,subcategory,25872,Blackview
114,skipped_same,"Already has target name_ar","سلع مستعملة وجديدة > كمبيوتر > كمبيوتر مكتبي > موديلات > بيكو",بيكو,Beko,subcategory,25870,Beko
115,skipped_same,"Already has target name_ar","سلع مستعملة وجديدة > كمبيوتر > كمبيوتر مكتبي > موديلات > تكنو بي سي دومينيشن","تكنو بي سي دومينيشن",Technopc,subcategory,25916,Technopc
116,skipped_same,"Already has target name_ar","سلع مستعملة وجديدة > كمبيوتر > كمبيوتر مكتبي > موديلات > توربوكس",توربوكس,Turbox,subcategory,25917,Turbox
117,skipped_same,"Already has target name_ar","سلع مستعملة وجديدة > كمبيوتر > كمبيوتر مكتبي > موديلات > جرونديج",جرونديج,Grundig,subcategory,25885,Grundig
118,skipped_same,"Already has target name_ar","سلع مستعملة وجديدة > كمبيوتر > كمبيوتر مكتبي > موديلات > جيجابايت",جيجابايت,Gigabyte,subcategory,25884,Gigabyte
119,skipped_same,"Already has target name_ar","سلع مستعملة وجديدة > كمبيوتر > كمبيوتر مكتبي > موديلات > دراغوس",دراغوس,Dragos,subcategory,25880,Dragos
120,skipped_same,"Already has target name_ar","سلع مستعملة وجديدة > كمبيوتر > كمبيوتر مكتبي > موديلات > ديل",ديل,Dell,subcategory,25878,Dell
121,skipped_same,"Already has target name_ar","سلع مستعملة وجديدة > كمبيوتر > كمبيوتر مكتبي > موديلات > دينتي",دينتي,Dente,subcategory,25879,Dente
122,skipped_same,"Already has target name_ar","سلع مستعملة وجديدة > كمبيوتر > كمبيوتر مكتبي > موديلات > راسبيري بي","راسبيري بي","Raspberry Pi",subcategory,25910,"Raspberry Pi"
123,skipped_same,"Already has target name_ar","سلع مستعملة وجديدة > كمبيوتر > كمبيوتر مكتبي > موديلات > زوتاك ستيف","زوتاك ستيف",Zotac,subcategory,25923,Zotac
124,skipped_same,"Already has target name_ar","سلع مستعملة وجديدة > كمبيوتر > كمبيوتر مكتبي > موديلات > زيرون",زيرون,Zeron,subcategory,25922,Zeron
125,skipped_same,"Already has target name_ar","سلع مستعملة وجديدة > كمبيوتر > كمبيوتر مكتبي > موديلات > سامسونج",سامسونج,Samsung,subcategory,25911,Samsung
126,skipped_same,"Already has target name_ar","سلع مستعملة وجديدة > كمبيوتر > كمبيوتر مكتبي > موديلات > سوني",سوني,Sony,subcategory,25914,Sony
127,skipped_same,"Already has target name_ar","سلع مستعملة وجديدة > كمبيوتر > كمبيوتر مكتبي > موديلات > سي بوكس","سي بوكس",Cbox,subcategory,25874,Cbox
128,skipped_same,"Already has target name_ar","سلع مستعملة وجديدة > كمبيوتر > كمبيوتر مكتبي > موديلات > سيكليفي",سيكليفي,Seclife,subcategory,25912,Seclife
129,skipped_same,"Already has target name_ar","سلع مستعملة وجديدة > كمبيوتر > كمبيوتر مكتبي > موديلات > شاتل",شاتل,Shuttle,subcategory,25913,Shuttle
130,skipped_same,"Already has target name_ar","سلع مستعملة وجديدة > كمبيوتر > كمبيوتر مكتبي > موديلات > صن",صن,Sun,subcategory,25915,Sun
131,skipped_same,"Already has target name_ar","سلع مستعملة وجديدة > كمبيوتر > كمبيوتر مكتبي > موديلات > عثمانلي كمبيوتر","عثمانلي كمبيوتر","Osmanlı Bilgisayar",subcategory,25904,"Osmanlı Bilgisayar"
132,skipped_same,"Already has target name_ar","سلع مستعملة وجديدة > كمبيوتر > كمبيوتر مكتبي > موديلات > فوجيتسو",فوجيتسو,Fujitsu,subcategory,25882,Fujitsu
133,skipped_same,"Already has target name_ar","سلع مستعملة وجديدة > كمبيوتر > كمبيوتر مكتبي > موديلات > فوجيتسو سيمنز","فوجيتسو سيمنز","Fujitsu Siemens",subcategory,25883,"Fujitsu Siemens"
134,skipped_same,"Already has target name_ar","سلع مستعملة وجديدة > كمبيوتر > كمبيوتر مكتبي > موديلات > فيستل",فيستل,Vestel,subcategory,25918,Vestel
135,skipped_same,"Already has target name_ar","سلع مستعملة وجديدة > كمبيوتر > كمبيوتر مكتبي > موديلات > فيليبس",فيليبس,Philips,subcategory,25906,Philips
136,skipped_same,"Already has target name_ar","سلع مستعملة وجديدة > كمبيوتر > كمبيوتر مكتبي > موديلات > فيوسونيك",فيوسونيك,ViewSonic,subcategory,25919,ViewSonic
137,skipped_same,"Already has target name_ar","سلع مستعملة وجديدة > كمبيوتر > كمبيوتر مكتبي > موديلات > كاسبر",كاسبر,Casper,subcategory,25873,Casper
138,skipped_same,"Already has target name_ar","سلع مستعملة وجديدة > كمبيوتر > كمبيوتر مكتبي > موديلات > كريا",كريا,Crea,subcategory,25877,Crea
139,skipped_same,"Already has target name_ar","سلع مستعملة وجديدة > كمبيوتر > كمبيوتر مكتبي > موديلات > كزاسر",كزاسر,Xaser,subcategory,25921,Xaser
140,skipped_same,"Already has target name_ar","سلع مستعملة وجديدة > كمبيوتر > كمبيوتر مكتبي > موديلات > كوادرو",كوادرو,Quadro,subcategory,25909,Quadro
141,skipped_same,"Already has target name_ar","سلع مستعملة وجديدة > كمبيوتر > كمبيوتر مكتبي > موديلات > كومباك",كومباك,Compaq,subcategory,25876,Compaq
142,skipped_same,"Already has target name_ar","سلع مستعملة وجديدة > كمبيوتر > كمبيوتر مكتبي > موديلات > لينوفو",لينوفو,Lenovo,subcategory,25895,Lenovo
143,skipped_same,"Already has target name_ar","سلع مستعملة وجديدة > كمبيوتر > كمبيوتر مكتبي > موديلات > مايكروسوفت",مايكروسوفت,Microsoft,subcategory,25896,Microsoft
144,skipped_same,"Already has target name_ar","سلع مستعملة وجديدة > كمبيوتر > كمبيوتر مكتبي > موديلات > مستر بلس","مستر بلس","Mister Plus",subcategory,25898,"Mister Plus"
145,skipped_same,"Already has target name_ar","سلع مستعملة وجديدة > كمبيوتر > كمبيوتر مكتبي > موديلات > مونستر ستيفيو","مونستر ستيفيو",Monster,subcategory,25897,Monster
146,skipped_same,"Already has target name_ar","سلع مستعملة وجديدة > كمبيوتر > كمبيوتر مكتبي > موديلات > هواوي",هواوي,Huawei,subcategory,25889,Huawei
147,skipped_same,"Already has target name_ar","سلع مستعملة وجديدة > كمبيوتر > كمبيوتر مكتبي > موديلات > هومتك",هومتك,Hometech,subcategory,25887,Hometech
148,skipped_same,"Already has target name_ar","سلع مستعملة وجديدة > كمبيوتر > كمبيوتر مكتبي > موديلات > هيريكان",هيريكان,Hurricane,subcategory,25890,Hurricane
149,skipped_same,"Already has target name_ar","سلع مستعملة وجديدة > كمبيوتر > كمبيوتر مكتبي > موديلات > واربوكس",واربوكس,Warbox,subcategory,25920,Warbox
150,not_found,"Category not found: سلع مستعملة وجديدة","سلع مستعملة وجديدة > كمبيوتر > لابتوبات ونوت بوك > لابتوبات > NUC إنتل","NUC إنتل","NUC Intel",,,
151,not_found,"Category not found: سلع مستعملة وجديدة","سلع مستعملة وجديدة > كمبيوتر > لابتوبات ونوت بوك > لابتوبات > XIAOMI جاهزة","XIAOMI جاهزة",Xiaomi,,,
152,not_found,"Category not found: سلع مستعملة وجديدة","سلع مستعملة وجديدة > كمبيوتر > لابتوبات ونوت بوك > لابتوبات > آبل ماك بوك","آبل ماك بوك","Apple Macbook",,,
153,not_found,"Category not found: سلع مستعملة وجديدة","سلع مستعملة وجديدة > كمبيوتر > لابتوبات ونوت بوك > لابتوبات > آسوس",آسوس,Asus,,,
154,not_found,"Category not found: سلع مستعملة وجديدة","سلع مستعملة وجديدة > كمبيوتر > لابتوبات ونوت بوك > لابتوبات > آي إكس تك","آي إكس تك",iXtech,,,
155,not_found,"Category not found: سلع مستعملة وجديدة","سلع مستعملة وجديدة > كمبيوتر > لابتوبات ونوت بوك > لابتوبات > آي بي إم","آي بي إم",IBM,,,
156,not_found,"Category not found: سلع مستعملة وجديدة","سلع مستعملة وجديدة > كمبيوتر > لابتوبات ونوت بوك > لابتوبات > آي لايف","آي لايف",I-Life,,,
157,not_found,"Category not found: سلع مستعملة وجديدة","سلع مستعملة وجديدة > كمبيوتر > لابتوبات ونوت بوك > لابتوبات > أدفان",أدفان,Advan,,,
158,not_found,"Category not found: سلع مستعملة وجديدة","سلع مستعملة وجديدة > كمبيوتر > لابتوبات ونوت بوك > لابتوبات > أدفنت",أدفنت,Advent,,,
159,not_found,"Category not found: سلع مستعملة وجديدة","سلع مستعملة وجديدة > كمبيوتر > لابتوبات ونوت بوك > لابتوبات > أرسيليك",أرسيليك,Arçelik,,,
160,not_found,"Category not found: سلع مستعملة وجديدة","سلع مستعملة وجديدة > كمبيوتر > لابتوبات ونوت بوك > لابتوبات > أوروس",أوروس,Aorus,,,
161,not_found,"Category not found: سلع مستعملة وجديدة","سلع مستعملة وجديدة > كمبيوتر > لابتوبات ونوت بوك > لابتوبات > أيسر",أيسر,Acer,,,
162,not_found,"Category not found: سلع مستعملة وجديدة","سلع مستعملة وجديدة > كمبيوتر > لابتوبات ونوت بوك > لابتوبات > إسكورتس",إسكورتس,Escort,,,
163,not_found,"Category not found: سلع مستعملة وجديدة","سلع مستعملة وجديدة > كمبيوتر > لابتوبات ونوت بوك > لابتوبات > إكسا",إكسا,EXA,,,
164,not_found,"Category not found: سلع مستعملة وجديدة","سلع مستعملة وجديدة > كمبيوتر > لابتوبات ونوت بوك > لابتوبات > إكسبير",إكسبير,Exper,,,
165,not_found,"Category not found: سلع مستعملة وجديدة","سلع مستعملة وجديدة > كمبيوتر > لابتوبات ونوت بوك > لابتوبات > إل جي","إل جي",LG,,,
166,not_found,"Category not found: سلع مستعملة وجديدة","سلع مستعملة وجديدة > كمبيوتر > لابتوبات ونوت بوك > لابتوبات > إلين وير","إلين وير",Alienware,,,
167,not_found,"Category not found: سلع مستعملة وجديدة","سلع مستعملة وجديدة > كمبيوتر > لابتوبات ونوت بوك > لابتوبات > إم إس آي","إم إس آي",MSI,,,
168,not_found,"Category not found: سلع مستعملة وجديدة","سلع مستعملة وجديدة > كمبيوتر > لابتوبات ونوت بوك > لابتوبات > إن إي سي","إن إي سي",NEC,,,
169,not_found,"Category not found: سلع مستعملة وجديدة","سلع مستعملة وجديدة > كمبيوتر > لابتوبات ونوت بوك > لابتوبات > إي تشيبس","إي تشيبس",Echips,,,
170,not_found,"Category not found: سلع مستعملة وجديدة","سلع مستعملة وجديدة > كمبيوتر > لابتوبات ونوت بوك > لابتوبات > إيداتا",إيداتا,Aidata,,,
171,not_found,"Category not found: سلع مستعملة وجديدة","سلع مستعملة وجديدة > كمبيوتر > لابتوبات ونوت بوك > لابتوبات > إيفرست",إيفرست,Everest,,,
172,not_found,"Category not found: سلع مستعملة وجديدة","سلع مستعملة وجديدة > كمبيوتر > لابتوبات ونوت بوك > لابتوبات > إيكوتك",إيكوتك,Icotech,,,
173,not_found,"Category not found: سلع مستعملة وجديدة","سلع مستعملة وجديدة > كمبيوتر > لابتوبات ونوت بوك > لابتوبات > باكارد بيل غيتو","باكارد بيل غيتو","Packard Bell",,,
174,not_found,"Category not found: سلع مستعملة وجديدة","سلع مستعملة وجديدة > كمبيوتر > لابتوبات ونوت بوك > لابتوبات > باناسونيك",باناسونيك,Panasonic,,,
175,not_found,"Category not found: سلع مستعملة وجديدة","سلع مستعملة وجديدة > كمبيوتر > لابتوبات ونوت بوك > لابتوبات > براذر",براذر,Brother,,,
176,not_found,"Category not found: سلع مستعملة وجديدة","سلع مستعملة وجديدة > كمبيوتر > لابتوبات ونوت بوك > لابتوبات > بروبوك",بروبوك,Probook,,,
177,not_found,"Category not found: سلع مستعملة وجديدة","سلع مستعملة وجديدة > كمبيوتر > لابتوبات ونوت بوك > لابتوبات > بياك",بياك,Peaq,,,
178,not_found,"Category not found: سلع مستعملة وجديدة","سلع مستعملة وجديدة > كمبيوتر > لابتوبات ونوت بوك > لابتوبات > بيكو",بيكو,Beko,,,
179,not_found,"Category not found: سلع مستعملة وجديدة","سلع مستعملة وجديدة > كمبيوتر > لابتوبات ونوت بوك > لابتوبات > تشوي",تشوي,Chuwi,,,
180,not_found,"Category not found: سلع مستعملة وجديدة","سلع مستعملة وجديدة > كمبيوتر > لابتوبات ونوت بوك > لابتوبات > تصميم بورش","تصميم بورش","Porsche Design",,,
181,not_found,"Category not found: سلع مستعملة وجديدة","سلع مستعملة وجديدة > كمبيوتر > لابتوبات ونوت بوك > لابتوبات > تكنو",تكنو,Tecno,,,
182,not_found,"Category not found: سلع مستعملة وجديدة","سلع مستعملة وجديدة > كمبيوتر > لابتوبات ونوت بوك > لابتوبات > تكنوبك",تكنوبك,Technopc,,,
183,not_found,"Category not found: سلع مستعملة وجديدة","سلع مستعملة وجديدة > كمبيوتر > لابتوبات ونوت بوك > لابتوبات > توشيبا",توشيبا,Toshiba,,,
184,not_found,"Category not found: سلع مستعملة وجديدة","سلع مستعملة وجديدة > كمبيوتر > لابتوبات ونوت بوك > لابتوبات > تيجويس",تيجويس,Tigoes,,,
185,not_found,"Category not found: سلع مستعملة وجديدة","سلع مستعملة وجديدة > كمبيوتر > لابتوبات ونوت بوك > لابتوبات > تيكلاست",تيكلاست,Teclast,,,
186,not_found,"Category not found: سلع مستعملة وجديدة","سلع مستعملة وجديدة > كمبيوتر > لابتوبات ونوت بوك > لابتوبات > جامبرز",جامبرز,Jumper,,,
187,not_found,"Category not found: سلع مستعملة وجديدة","سلع مستعملة وجديدة > كمبيوتر > لابتوبات ونوت بوك > لابتوبات > جوجل",جوجل,Google,,,
188,not_found,"Category not found: سلع مستعملة وجديدة","سلع مستعملة وجديدة > كمبيوتر > لابتوبات ونوت بوك > لابتوبات > جيتاك",جيتاك,Getac,,,
189,not_found,"Category not found: سلع مستعملة وجديدة","سلع مستعملة وجديدة > كمبيوتر > لابتوبات ونوت بوك > لابتوبات > جيجابايت",جيجابايت,Gigabyte,,,
190,not_found,"Category not found: سلع مستعملة وجديدة","سلع مستعملة وجديدة > كمبيوتر > لابتوبات ونوت بوك > لابتوبات > داترون",داترون,Datron,,,
191,not_found,"Category not found: سلع مستعملة وجديدة","سلع مستعملة وجديدة > كمبيوتر > لابتوبات ونوت بوك > لابتوبات > ديل",ديل,Dell,,,
192,not_found,"Category not found: سلع مستعملة وجديدة","سلع مستعملة وجديدة > كمبيوتر > لابتوبات ونوت بوك > لابتوبات > ريدر",ريدر,Reeder,,,
193,not_found,"Category not found: سلع مستعملة وجديدة","سلع مستعملة وجديدة > كمبيوتر > لابتوبات ونوت بوك > لابتوبات > ريزر استرا","ريزر استرا",Razer,,,
194,not_found,"Category not found: سلع مستعملة وجديدة","سلع مستعملة وجديدة > كمبيوتر > لابتوبات ونوت بوك > لابتوبات > سامسونج",سامسونج,Samsung,,,
195,not_found,"Category not found: سلع مستعملة وجديدة","سلع مستعملة وجديدة > كمبيوتر > لابتوبات ونوت بوك > لابتوبات > سوني",سوني,Sony,,,
196,not_found,"Category not found: سلع مستعملة وجديدة","سلع مستعملة وجديدة > كمبيوتر > لابتوبات ونوت بوك > لابتوبات > سي بوكس","سي بوكس",Cbox,,,
197,not_found,"Category not found: سلع مستعملة وجديدة","سلع مستعملة وجديدة > كمبيوتر > لابتوبات ونوت بوك > لابتوبات > صني",صني,Sunny,,,
198,not_found,"Category not found: سلع مستعملة وجديدة","سلع مستعملة وجديدة > كمبيوتر > لابتوبات ونوت بوك > لابتوبات > طرد كوادرو","طرد كوادرو",Quadro,,,
199,not_found,"Category not found: سلع مستعملة وجديدة","سلع مستعملة وجديدة > كمبيوتر > لابتوبات ونوت بوك > لابتوبات > غرونديغ",غرونديغ,Grundig,,,
200,not_found,"Category not found: سلع مستعملة وجديدة","سلع مستعملة وجديدة > كمبيوتر > لابتوبات ونوت بوك > لابتوبات > غيتواي",غيتواي,Gateway,,,
201,not_found,"Category not found: سلع مستعملة وجديدة","سلع مستعملة وجديدة > كمبيوتر > لابتوبات ونوت بوك > لابتوبات > فوجيتسو سيمنز ستيف","فوجيتسو سيمنز ستيف","Fujitsu Siemens",,,
202,not_found,"Category not found: سلع مستعملة وجديدة","سلع مستعملة وجديدة > كمبيوتر > لابتوبات ونوت بوك > لابتوبات > فوجيتسو غيل","فوجيتسو غيل",Fujitsu,,,
203,not_found,"Category not found: سلع مستعملة وجديدة","سلع مستعملة وجديدة > كمبيوتر > لابتوبات ونوت بوك > لابتوبات > فيستل",فيستل,Vestel,,,
204,not_found,"Category not found: سلع مستعملة وجديدة","سلع مستعملة وجديدة > كمبيوتر > لابتوبات ونوت بوك > لابتوبات > فيكتور",فيكتور,Victor,,,
205,not_found,"Category not found: سلع مستعملة وجديدة","سلع مستعملة وجديدة > كمبيوتر > لابتوبات ونوت بوك > لابتوبات > كاسبر",كاسبر,Casper,,,
206,not_found,"Category not found: سلع مستعملة وجديدة","سلع مستعملة وجديدة > كمبيوتر > لابتوبات ونوت بوك > لابتوبات > كريا",كريا,Crea,,,
207,not_found,"Category not found: سلع مستعملة وجديدة","سلع مستعملة وجديدة > كمبيوتر > لابتوبات ونوت بوك > لابتوبات > كوانتم أسترا","كوانتم أسترا",Quantum,,,
208,not_found,"Category not found: سلع مستعملة وجديدة","سلع مستعملة وجديدة > كمبيوتر > لابتوبات ونوت بوك > لابتوبات > كومبانتال",كومبانتال,Compaq,,,
209,not_found,"Category not found: سلع مستعملة وجديدة","سلع مستعملة وجديدة > كمبيوتر > لابتوبات ونوت بوك > لابتوبات > لينوفو دومينيشن","لينوفو دومينيشن",Lenovo,,,
210,not_found,"Category not found: سلع مستعملة وجديدة","سلع مستعملة وجديدة > كمبيوتر > لابتوبات ونوت بوك > لابتوبات > مايكروسوفت غيل","مايكروسوفت غيل",Microsoft,,,
211,not_found,"Category not found: سلع مستعملة وجديدة","سلع مستعملة وجديدة > كمبيوتر > لابتوبات ونوت بوك > لابتوبات > مونستر",مونستر,Monster,,,
212,not_found,"Category not found: سلع مستعملة وجديدة","سلع مستعملة وجديدة > كمبيوتر > لابتوبات ونوت بوك > لابتوبات > ميتريفو",ميتريفو,Mechrevo,,,
213,not_found,"Category not found: سلع مستعملة وجديدة","سلع مستعملة وجديدة > كمبيوتر > لابتوبات ونوت بوك > لابتوبات > ميديون علي","ميديون علي",Medion,,,
214,not_found,"Category not found: سلع مستعملة وجديدة","سلع مستعملة وجديدة > كمبيوتر > لابتوبات ونوت بوك > لابتوبات > نوفاتيك",نوفاتيك,Novatech,,,
215,not_found,"Category not found: سلع مستعملة وجديدة","سلع مستعملة وجديدة > كمبيوتر > لابتوبات ونوت بوك > لابتوبات > هاير",هاير,Haier,,,
216,not_found,"Category not found: سلع مستعملة وجديدة","سلع مستعملة وجديدة > كمبيوتر > لابتوبات ونوت بوك > لابتوبات > هواوي",هواوي,Huawei,,,
217,not_found,"Category not found: سلع مستعملة وجديدة","سلع مستعملة وجديدة > كمبيوتر > لابتوبات ونوت بوك > لابتوبات > هومتك",هومتك,Hometech,,,
218,not_found,"Category not found: سلع مستعملة وجديدة","سلع مستعملة وجديدة > كمبيوتر > لابتوبات ونوت بوك > لابتوبات > هونر",هونر,Honor,,,
219,not_found,"Category not found: سلع مستعملة وجديدة","سلع مستعملة وجديدة > كمبيوتر > لابتوبات ونوت بوك > لابتوبات > وون",وون,Woon,,,
220,not_found,"Category not found: سلع مستعملة وجديدة","سلع مستعملة وجديدة > كمبيوتر > لابتوبات ونوت بوك > لابتوبات > ياسومي",ياسومي,Yasomi,,,
221,skipped_same,"Already has target name_ar","المركبات > المركبات التجارية > الشاحنات والشاحنات الخفيفة > peugeot > boxer kamyonet","boxer kamyonet",Boxer,subcategory,39432,Boxer
222,skipped_same,"Already has target name_ar","المركبات > المركبات التجارية > الشاحنات والشاحنات الخفيفة > citroen > jumper",jumper,Jumper,,,
223,skipped_same,"Already has target name_ar","المركبات > المركبات التجارية > الشاحنات والشاحنات الخفيفة > fiat > ducato",ducato,Ducato,,,
224,not_found,"Subcategory not found at segment: أودي","المركبات > سيارات > أودي > إي-ترون GT > GT RS","GT RS","RS e-tron GT",,,
225,skipped_same,"Already has target name_ar","المركبات > المركبات التجارية > شاحنات وشاحنات خفيفة > isuzu > d- max","d- max",D-Max,subcategory,39051,D-Max
226,skipped_same,"Already has target name_ar","المركبات > المركبات التجارية > شاحنات وشاحنات خفيفة > isuzu > npr",npr,NPR,,,
227,skipped_same,"Already has target name_ar","المركبات > المركبات التجارية > شاحنات وشاحنات خفيفة > isuzu > nqr",nqr,NQR,,,
228,skipped_same,"Already has target name_ar","المركبات > المركبات التجارية > شاحنات وشاحنات خفيفة > kia > bongo",bongo,Bongo,,,
229,skipped_same,"Already has target name_ar","المركبات > المركبات التجارية > شاحنات وشاحنات خفيفة > kia > k",k,"K Series",subcategory,39186,"K Series"
230,skipped_same,"Already has target name_ar","المركبات > المركبات التجارية > شاحنات وشاحنات خفيفة > Hyundai > h",h,"H Series",subcategory,39042,"H Series"
231,not_found,"Subcategory not found at segment: الآلات الزراعية","الآلات والمعدات > الآلات الزراعية > الري > محرك ري (بنكار)","محرك ري (بنكار)","محرك ري بانكار",,,
232,not_found,"Subcategory not found at segment: الآلات الزراعية","الآلات والمعدات > الآلات الزراعية > جرار > اجت",اجت,AGT,,,
233,not_found,"Subcategory not found at segment: الآلات الزراعية","الآلات والمعدات > الآلات الزراعية > جرار > اجروميت",اجروميت,Agromet,,,
234,not_found,"Subcategory not found at segment: الآلات الزراعية","الآلات والمعدات > الآلات الزراعية > جرار > اجريبووير",اجريبووير,Agripower,,,
235,not_found,"Subcategory not found at segment: الآلات الزراعية","الآلات والمعدات > الآلات الزراعية > جرار > اجريفارم",اجريفارم,Agrifarm,,,
236,not_found,"Subcategory not found at segment: الآلات الزراعية","الآلات والمعدات > الآلات الزراعية > جرار > ارتراك سوبيرليني","ارتراك سوبيرليني","Artrak Superline",,,
237,not_found,"Subcategory not found at segment: الآلات الزراعية","الآلات والمعدات > الآلات الزراعية > جرار > اسلان",اسلان,"Aslan Traktör",,,
238,not_found,"Subcategory not found at segment: الآلات الزراعية","الآلات والمعدات > الآلات الزراعية > جرار > انترناشيونال",انترناشيونال,International,,,
239,not_found,"Subcategory not found at segment: الآلات الزراعية","الآلات والمعدات > الآلات الزراعية > جرار > انتونيو كاررارو","انتونيو كاررارو","Antonio Carraro",,,
240,not_found,"Subcategory not found at segment: الآلات الزراعية","الآلات والمعدات > الآلات الزراعية > جرار > باشاك",باشاك,Başak,,,
241,not_found,"Subcategory not found at segment: الآلات الزراعية","الآلات والمعدات > الآلات الزراعية > جرار > باشكينت",باشكينت,Başkent,,,
242,not_found,"Subcategory not found at segment: الآلات الزراعية","الآلات والمعدات > الآلات الزراعية > جرار > باليتور",باليتور,Balitur,,,
243,not_found,"Subcategory not found at segment: الآلات الزراعية","الآلات والمعدات > الآلات الزراعية > جرار > بانكار",بانكار,Pancar,,,
244,not_found,"Subcategory not found at segment: الآلات الزراعية","الآلات والمعدات > الآلات الزراعية > جرار > برانسون",برانسون,Branson,,,
245,not_found,"Subcategory not found at segment: الآلات الزراعية","الآلات والمعدات > الآلات الزراعية > جرار > بمك",بمك,BMC,,,
246,not_found,"Subcategory not found at segment: الآلات الزراعية","الآلات والمعدات > الآلات الزراعية > جرار > بوروون",بوروون,Borwon,,,
247,not_found,"Subcategory not found at segment: الآلات الزراعية","الآلات والمعدات > الآلات الزراعية > جرار > بوزوك",بوزوك,Bozok,,,
248,not_found,"Subcategory not found at segment: الآلات الزراعية","الآلات والمعدات > الآلات الزراعية > جرار > بوغاي",بوغاي,Bolgar,,,
249,not_found,"Subcategory not found at segment: الآلات الزراعية","الآلات والمعدات > الآلات الزراعية > جرار > بوليندير-مونكتيلل",بوليندير-مونكتيلل,Bolinder-Munktell,,,
250,not_found,"Subcategory not found at segment: الآلات الزراعية","الآلات والمعدات > الآلات الزراعية > جرار > بيركيس",بيركيس,Perkis,,,
251,not_found,"Subcategory not found at segment: الآلات الزراعية","الآلات والمعدات > الآلات الزراعية > جرار > تارال",تارال,Taral,,,
252,not_found,"Subcategory not found at segment: الآلات الزراعية","الآلات والمعدات > الآلات الزراعية > جرار > تافي",تافي,Tafe,,,
253,not_found,"Subcategory not found at segment: الآلات الزراعية","الآلات والمعدات > الآلات الزراعية > جرار > تشيري",تشيري,Chery,,,
254,not_found,"Subcategory not found at segment: الآلات الزراعية","الآلات والمعدات > الآلات الزراعية > جرار > تورك تراكتور","تورك تراكتور","Türk Traktör",,,
255,not_found,"Subcategory not found at segment: الآلات الزراعية","الآلات والمعدات > الآلات الزراعية > جرار > توموسان",توموسان,Tümosan,,,
256,not_found,"Subcategory not found at segment: الآلات الزراعية","الآلات والمعدات > الآلات الزراعية > جرار > تووجو",تووجو,Togo,,,
257,not_found,"Subcategory not found at segment: الآلات الزراعية","الآلات والمعدات > الآلات الزراعية > جرار > جراكي",جراكي,Graki,,,
258,not_found,"Subcategory not found at segment: الآلات الزراعية","الآلات والمعدات > الآلات الزراعية > جرار > جكب",جكب,JCB,,,
259,not_found,"Subcategory not found at segment: الآلات الزراعية","الآلات والمعدات > الآلات الزراعية > جرار > جولدوني",جولدوني,Goldoni,,,
260,not_found,"Subcategory not found at segment: الآلات الزراعية","الآلات والمعدات > الآلات الزراعية > جرار > جونين",جونين,Gönen,,,
261,not_found,"Subcategory not found at segment: الآلات الزراعية","الآلات والمعدات > الآلات الزراعية > جرار > جوهن دييري","جوهن دييري","John Deere",,,
262,not_found,"Subcategory not found at segment: الآلات الزراعية","الآلات والمعدات > الآلات الزراعية > جرار > جينما",جينما,Jinma,,,
263,not_found,"Subcategory not found at segment: الآلات الزراعية","الآلات والمعدات > الآلات الزراعية > جرار > ديكستا",ديكستا,Dexta,,,
264,not_found,"Subcategory not found at segment: الآلات الزراعية","الآلات والمعدات > الآلات الزراعية > جرار > ديوتز-فاهر",ديوتز-فاهر,Deutz-Fahr,,,
265,not_found,"Subcategory not found at segment: الآلات الزراعية","الآلات والمعدات > الآلات الزراعية > جرار > ريببا",ريببا,Rippa,,,
266,not_found,"Subcategory not found at segment: الآلات الزراعية","الآلات والمعدات > الآلات الزراعية > جرار > ريناولت",ريناولت,Renault,,,
267,not_found,"Subcategory not found at segment: الآلات الزراعية","الآلات والمعدات > الآلات الزراعية > جرار > زيتور",زيتور,Zetor,,,
268,not_found,"Subcategory not found at segment: الآلات الزراعية","الآلات والمعدات > الآلات الزراعية > جرار > سامي",سامي,Same,,,
269,not_found,"Subcategory not found at segment: الآلات الزراعية","الآلات والمعدات > الآلات الزراعية > جرار > ستيير",ستيير,Steyr,,,
270,not_found,"Subcategory not found at segment: الآلات الزراعية","الآلات والمعدات > الآلات الزراعية > جرار > سوبير ستار","سوبير ستار","Super Star",,,
271,not_found,"Subcategory not found at segment: الآلات الزراعية","الآلات والمعدات > الآلات الزراعية > جرار > سوبير ماجور","سوبير ماجور","Super Major",,,
272,not_found,"Subcategory not found at segment: الآلات الزراعية","الآلات والمعدات > الآلات الزراعية > جرار > سوليس",سوليس,Solis,,,
273,not_found,"Subcategory not found at segment: الآلات الزراعية","الآلات والمعدات > الآلات الزراعية > جرار > سونواي",سونواي,Sunway,,,
274,not_found,"Subcategory not found at segment: الآلات الزراعية","الآلات والمعدات > الآلات الزراعية > جرار > فاتيه",فاتيه,Fatih,,,
275,not_found,"Subcategory not found at segment: الآلات الزراعية","الآلات والمعدات > الآلات الزراعية > جرار > فارمتراك",فارمتراك,Farmtrac,,,
276,not_found,"Subcategory not found at segment: الآلات الزراعية","الآلات والمعدات > الآلات الزراعية > جرار > فالترا",فالترا,Valtra,,,
277,not_found,"Subcategory not found at segment: الآلات الزراعية","الآلات والمعدات > الآلات الزراعية > جرار > فوتون",فوتون,Foton,,,
278,not_found,"Subcategory not found at segment: الآلات الزراعية","الآلات والمعدات > الآلات الزراعية > جرار > فورد",فورد,Ford,,,
279,not_found,"Subcategory not found at segment: الآلات الزراعية","الآلات والمعدات > الآلات الزراعية > جرار > فولفو",فولفو,Volvo,,,
280,not_found,"Subcategory not found at segment: الآلات الزراعية","الآلات والمعدات > الآلات الزراعية > جرار > فيات",فيات,Fiat,,,
281,not_found,"Subcategory not found at segment: الآلات الزراعية","الآلات والمعدات > الآلات الزراعية > جرار > فيرراري",فيرراري,Ferrari,,,
282,not_found,"Subcategory not found at segment: الآلات الزراعية","الآلات والمعدات > الآلات الزراعية > جرار > فيندت",فيندت,Fendt,,,
283,not_found,"Subcategory not found at segment: الآلات الزراعية","الآلات والمعدات > الآلات الزراعية > جرار > كاان",كاان,Kaan,,,
284,not_found,"Subcategory not found at segment: الآلات الزراعية","الآلات والمعدات > الآلات الزراعية > جرار > كابتاين",كابتاين,Captain,,,
285,not_found,"Subcategory not found at segment: الآلات الزراعية","الآلات والمعدات > الآلات الزراعية > جرار > كاتسو",كاتسو,Katsu,,,
286,not_found,"Subcategory not found at segment: الآلات الزراعية","الآلات والمعدات > الآلات الزراعية > جرار > كاراتاش",كاراتاش,Karataş,,,
287,not_found,"Subcategory not found at segment: الآلات الزراعية","الآلات والمعدات > الآلات الزراعية > جرار > كاررارو",كاررارو,Carraro,,,
288,not_found,"Subcategory not found at segment: الآلات الزراعية","الآلات والمعدات > الآلات الزراعية > جرار > كاسي يه","كاسي يه","Case IH",,,
289,not_found,"Subcategory not found at segment: الآلات الزراعية","الآلات والمعدات > الآلات الزراعية > جرار > كلااس",كلااس,Claas,,,
290,not_found,"Subcategory not found at segment: الآلات الزراعية","الآلات والمعدات > الآلات الزراعية > جرار > كوبوتا",كوبوتا,Kubota,,,
291,not_found,"Subcategory not found at segment: الآلات الزراعية","الآلات والمعدات > الآلات الزراعية > جرار > كيوتي",كيوتي,Kioti,,,
292,not_found,"Subcategory not found at segment: الآلات الزراعية","الآلات والمعدات > الآلات الزراعية > جرار > لامبورغيني",لامبورغيني,Lamborghini,,,
293,not_found,"Subcategory not found at segment: الآلات الزراعية","الآلات والمعدات > الآلات الزراعية > جرار > لانديني",لانديني,Landini,,,
294,not_found,"Subcategory not found at segment: الآلات الزراعية","الآلات والمعدات > الآلات الزراعية > جرار > لج",لج,LG,,,
295,not_found,"Subcategory not found at segment: الآلات الزراعية","الآلات والمعدات > الآلات الزراعية > جرار > لس تراكتور","لس تراكتور","LS Tractor",,,
296,not_found,"Subcategory not found at segment: الآلات الزراعية","الآلات والمعدات > الآلات الزراعية > جرار > لومباردين",لومباردين,Lombardini,,,
297,not_found,"Subcategory not found at segment: الآلات الزراعية","الآلات والمعدات > الآلات الزراعية > جرار > لييلاند",لييلاند,Leyland,,,
298,not_found,"Subcategory not found at segment: الآلات الزراعية","الآلات والمعدات > الآلات الزراعية > جرار > ماسسيي فيرجوسون","ماسسيي فيرجوسون","Massey Ferguson",,,
299,not_found,"Subcategory not found at segment: الآلات الزراعية","الآلات والمعدات > الآلات الزراعية > جرار > ماسسيي هارريس","ماسسيي هارريس","Massey Harris",,,
300,not_found,"Subcategory not found at segment: الآلات الزراعية","الآلات والمعدات > الآلات الزراعية > جرار > ماهيندرا",ماهيندرا,Mahindra,,,
301,not_found,"Subcategory not found at segment: الآلات الزراعية","الآلات والمعدات > الآلات الزراعية > جرار > مككورميك",مككورميك,McCormick,,,
302,not_found,"Subcategory not found at segment: الآلات الزراعية","الآلات والمعدات > الآلات الزراعية > جرار > موشوروغلو",موشوروغلو,Muşuroğlu,,,
303,not_found,"Subcategory not found at segment: الآلات الزراعية","الآلات والمعدات > الآلات الزراعية > جرار > مي",مي,Mİ,,,
304,not_found,"Subcategory not found at segment: الآلات الزراعية","الآلات والمعدات > الآلات الزراعية > جرار > ميركيديس-بينز",ميركيديس-بينز,Mercedes-Benz,,,
305,not_found,"Subcategory not found at segment: الآلات الزراعية","الآلات والمعدات > الآلات الزراعية > جرار > نوومان",نوومان,Numan,,,
306,not_found,"Subcategory not found at segment: الآلات الزراعية","الآلات والمعدات > الآلات الزراعية > جرار > نيببي",نيببي,Nibbi,,,
307,not_found,"Subcategory not found at segment: الآلات الزراعية","الآلات والمعدات > الآلات الزراعية > جرار > نيو هوللاند","نيو هوللاند","New Holland",,,
308,not_found,"Subcategory not found at segment: الآلات الزراعية","الآلات والمعدات > الآلات الزراعية > جرار > هاتتات",هاتتات,Hattat,,,
309,not_found,"Subcategory not found at segment: الآلات الزراعية","الآلات والمعدات > الآلات الزراعية > جرار > هارس",هارس,Hars,,,
310,not_found,"Subcategory not found at segment: الآلات الزراعية","الآلات والمعدات > الآلات الزراعية > جرار > هارمان",هارمان,Harman,,,
311,not_found,"Subcategory not found at segment: الآلات الزراعية","الآلات والمعدات > الآلات الزراعية > جرار > هولدير",هولدير,Holder,,,
312,not_found,"Subcategory not found at segment: الآلات الزراعية","الآلات والمعدات > الآلات الزراعية > جرار > هيما",هيما,Hema,,,
313,not_found,"Subcategory not found at segment: الآلات الزراعية","الآلات والمعدات > الآلات الزراعية > جرار > ورسوس",ورسوس,Ursus,,,
314,not_found,"Subcategory not found at segment: الآلات الزراعية","الآلات والمعدات > الآلات الزراعية > جرار > وزيل",وزيل,"Uzel Traktör",,,
315,not_found,"Subcategory not found at segment: الآلات الزراعية","الآلات والمعدات > الآلات الزراعية > جرار > ونيفرسال",ونيفرسال,Universal,,,
316,not_found,"Subcategory not found at segment: الآلات الزراعية","الآلات والمعدات > الآلات الزراعية > جرار > ياغمور",ياغمور,Yağmur,,,
317,not_found,"Subcategory not found at segment: الآلات الزراعية","الآلات والمعدات > الآلات الزراعية > جرار > يانمار",يانمار,Yanmar,,,
318,not_found,"Subcategory not found at segment: الآلات الزراعية","الآلات والمعدات > الآلات الزراعية > جرار > يبرو",يبرو,Ebro,,,
319,not_found,"Subcategory not found at segment: الآلات الزراعية","الآلات والمعدات > الآلات الزراعية > جرار > يركونت",يركونت,Erkunt,,,
320,not_found,"Subcategory not found at segment: الآلات الزراعية","الآلات والمعدات > الآلات الزراعية > جرار > يشبورا",يشبورا,Isbora,,,
321,not_found,"Subcategory not found at segment: الآلات الزراعية","الآلات والمعدات > الآلات الزراعية > جرار > يلتار",يلتار,YılTar,,,
322,not_found,"Subcategory not found at segment: الآلات الزراعية","الآلات والمعدات > الآلات الزراعية > جرار > يمت",يمت,IMT,,,
323,not_found,"Subcategory not found at segment: الآلات الزراعية","الآلات والمعدات > الآلات الزراعية > جرار > ييتشير",ييتشير,Eicher,,,
324,not_found,"Category not found: العقارات","العقارات > سكن > للإيجار > ريزيدنس",ريزيدنس,"شقة ضمن مجمع سكني",,,
325,not_found,"Category not found: العقارات","العقارات > سكن > للإيجار > شقة يالي على الواجهة البحرية","شقة يالي على الواجهة البحرية","شقة مصيفية على البحر",,,
326,not_found,"Category not found: العقارات","العقارات > سكن > للإيجار > قصر أو منزل تراثي","قصر أو منزل تراثي","بيت عربي تراثي",,,
327,not_found,"Category not found: العقارات","العقارات > سكن > للإيجار > منزل مزرعة","منزل مزرعة",مزرعة,,,
328,not_found,"Category not found: العقارات","العقارات > سكن > للإيجار > يالٍ على الواجهة البحرية","يالٍ على الواجهة البحرية","شاليه على البحر",,,
329,not_found,"Category not found: العقارات","العقارات > سكن > للبيع > ريزيدنس",ريزيدنس,"شقة ضمن مجمع سكني",,,
330,not_found,"Category not found: العقارات","العقارات > سكن > للبيع > شقة يالي على الواجهة البحرية","شقة يالي على الواجهة البحرية","شقة مصيفية على البحر",,,
331,not_found,"Category not found: العقارات","العقارات > سكن > للبيع > قصر أو منزل تراثي","قصر أو منزل تراثي","بيت عربي تراثي",,,
332,not_found,"Category not found: العقارات","العقارات > سكن > للبيع > منزل مزرعة","منزل مزرعة",مزرعة,,,
333,not_found,"Category not found: العقارات","العقارات > سكن > للبيع > يالٍ على الواجهة البحرية","يالٍ على الواجهة البحرية","شاليه على البحر",,,
334,not_found,"Category not found: العقارات","العقارات > عقار تجاري > تنازل عن عقد الإيجار > بوفيه شاي","بوفيه شاي","بوفيه أو كافتيريا صغيرة",,,
335,not_found,"Category not found: العقارات","العقارات > عقار تجاري > تنازل عن عقد الإيجار > خدمة فنية","خدمة فنية","خدمات فنية",,,
336,not_found,"Category not found: العقارات","العقارات > عقار تجاري > تنازل عن عقد الإيجار > دورة مياه","دورة مياه","حمام عمومي",,,
337,not_found,"Category not found: العقارات","العقارات > عقار تجاري > تنازل عن عقد الإيجار > سبا وحمام تركي وساونا","سبا وحمام تركي وساونا","سبا وساونا",,,
338,not_found,"Category not found: العقارات","العقارات > عقار تجاري > تنازل عن عقد الإيجار > طابق أو مكتب في ريزيدنس","طابق أو مكتب في ريزيدنس","طابق أو مكتب ضمن مجمع سكني",,,
339,not_found,"Category not found: العقارات","العقارات > عقار تجاري > تنازل عن عقد الإيجار > كشك داخل مركز تسوق","كشك داخل مركز تسوق","كشك داخل مول",,,
340,not_found,"Category not found: العقارات","العقارات > عقار تجاري > تنازل عن عقد الإيجار > متجر شَركوتري","متجر شَركوتري","ملحمة أو قصاب",,,
341,not_found,"Category not found: العقارات","العقارات > عقار تجاري > تنازل عن عقد الإيجار > متجر مشروبات وتبغ مرخص","متجر مشروبات وتبغ مرخص","محل مشروبات وتبغ مرخص",,,
342,not_found,"Category not found: العقارات","العقارات > عقار تجاري > تنازل عن عقد الإيجار > محل بورك","محل بورك","محل معجنات",,,
343,not_found,"Category not found: العقارات","العقارات > عقار تجاري > تنازل عن عقد الإيجار > محل خردوات وخياطة","محل خردوات وخياطة","خردوات ولوازم خياطة",,,
344,not_found,"Category not found: العقارات","العقارات > عقار تجاري > تنازل عن عقد الإيجار > مركز سداد فواتير","مركز سداد فواتير","مركز دفع فواتير",,,
345,not_found,"Category not found: العقارات","العقارات > عقار تجاري > تنازل عن عقد الإيجار > مستودع ومخزن","مستودع ومخزن","مستودع أو مخزن",,,
346,not_found,"Category not found: العقارات","العقارات > عقار تجاري > تنازل عن عقد الإيجار > مكان ريفي وحديقة إفطار","مكان ريفي وحديقة إفطار","استراحة أو مطعم",,,
347,not_found,"Category not found: العقارات","العقارات > عقار تجاري > تنازل عن عقد الإيجار > منشأة رياضية","منشأة رياضية","مركز رياضي",,,
348,not_found,"Category not found: العقارات","العقارات > عقار تجاري > تنازل عن عقد الإيجار > وكيل مياه وأنابيب غاز","وكيل مياه وأنابيب غاز","موزع مياه وغاز",,,
349,not_found,"Category not found: العقارات","العقارات > عقار تجاري > للإيجار > سبا وحمام تركي وساونا","سبا وحمام تركي وساونا","سبا وساونا",,,
350,not_found,"Category not found: العقارات","العقارات > عقار تجاري > للإيجار > طابق أو مكتب في ريزيدنس","طابق أو مكتب في ريزيدنس","طابق أو مكتب ضمن مجمع سكني",,,
351,not_found,"Category not found: العقارات","العقارات > عقار تجاري > للإيجار > مرآب وموقف","مرآب وموقف","كراج أو موقف سيارات",,,
352,not_found,"Category not found: العقارات","العقارات > عقار تجاري > للإيجار > مستودع ومخزن","مستودع ومخزن","مستودع أو مخزن",,,
353,not_found,"Category not found: العقارات","العقارات > عقار تجاري > للإيجار > مكان ريفي وحديقة إفطار","مكان ريفي وحديقة إفطار","استراحة أو مطعم",,,
354,not_found,"Category not found: العقارات","العقارات > عقار تجاري > للإيجار > مكتب جاهز أو افتراضي","مكتب جاهز أو افتراضي","مكتب مجهز",,,
355,not_found,"Category not found: العقارات","العقارات > عقار تجاري > للإيجار > منشأة رياضية","منشأة رياضية","مركز رياضي",,,
356,not_found,"Category not found: العقارات","العقارات > عقار تجاري > للبيع > سبا وحمام تركي وساونا","سبا وحمام تركي وساونا","سبا وساونا",,,
357,not_found,"Category not found: العقارات","العقارات > عقار تجاري > للبيع > طابق أو مكتب في ريزيدنس","طابق أو مكتب في ريزيدنس","طابق أو مكتب ضمن مجمع سكني",,,
358,not_found,"Category not found: العقارات","العقارات > عقار تجاري > للبيع > مرآب وموقف","مرآب وموقف","كراج أو موقف سيارات",,,
359,not_found,"Category not found: العقارات","العقارات > عقار تجاري > للبيع > مستودع ومخزن","مستودع ومخزن","مستودع أو مخزن",,,
360,not_found,"Category not found: العقارات","العقارات > عقار تجاري > للبيع > مكان ريفي وحديقة إفطار","مكان ريفي وحديقة إفطار","استراحة أو مطعم",,,
361,not_found,"Category not found: العقارات","العقارات > عقار تجاري > للبيع > منشأة رياضية","منشأة رياضية","مركز رياضي",,,
362,not_found,"Category not found: العقارات","العقارات > عقار تجاري > للبيع مع التنازل عن النشاط > خدمة فنية","خدمة فنية","خدمات فنية",,,
363,not_found,"Category not found: العقارات","العقارات > عقار تجاري > للبيع مع التنازل عن النشاط > دورة مياه","دورة مياه","حمام عمومي",,,
364,not_found,"Category not found: العقارات","العقارات > عقار تجاري > للبيع مع التنازل عن النشاط > سبا وحمام تركي وساونا","سبا وحمام تركي وساونا","سبا وساونا",,,
365,not_found,"Category not found: العقارات","العقارات > عقار تجاري > للبيع مع التنازل عن النشاط > مكان ريفي وحديقة إفطار","مكان ريفي وحديقة إفطار","استراحة أو مطعم",,,
366,not_found,"Category not found: العقارات","العقارات > عقار تجاري > للبيع مع التنازل عن النشاط > وكيل مياه وأنابيب غاز","وكيل مياه وأنابيب غاز","موزع مياه وغاز",,,
367,skipped_same,"Already has target name_ar","المركبات > المركبات التجارية > الحافلات > akia",akia,AKIA,,,
368,skipped_same,"Already has target name_ar","المركبات > المركبات التجارية > الحافلات > bmc",bmc,BMC,,,
369,skipped_same,"Already has target name_ar","المركبات > المركبات التجارية > الحافلات > gu leryu z","gu leryu z",Güleryüz,subcategory,38081,Güleryüz
370,skipped_same,"Already has target name_ar","المركبات > المركبات التجارية > الحافلات > hyundai",hyundai,Hyundai,,,
371,skipped_same,"Already has target name_ar","المركبات > المركبات التجارية > الحافلات > irizar",irizar,Irizar,,,
372,skipped_same,"Already has target name_ar","المركبات > المركبات التجارية > الحافلات > isuzu",isuzu,Isuzu,,,
373,skipped_same,"Already has target name_ar","المركبات > المركبات التجارية > الحافلات > iveco",iveco,Iveco,,,
374,skipped_same,"Already has target name_ar","المركبات > المركبات التجارية > الحافلات > karsan",karsan,Karsan,,,
375,skipped_same,"Already has target name_ar","المركبات > المركبات التجارية > الحافلات > man",man,MAN,,,
376,skipped_same,"Already has target name_ar","المركبات > المركبات التجارية > الحافلات > mercedes- benz","mercedes- benz",Mercedes-Benz,subcategory,38088,Mercedes-Benz
377,skipped_same,"Already has target name_ar","المركبات > المركبات التجارية > الحافلات > mitsubishi",mitsubishi,Mitsubishi,,,
378,skipped_same,"Already has target name_ar","المركبات > المركبات التجارية > الحافلات > neoplan",neoplan,Neoplan,,,
379,skipped_same,"Already has target name_ar","المركبات > المركبات التجارية > الحافلات > otokar",otokar,Otokar,,,
380,skipped_same,"Already has target name_ar","المركبات > المركبات التجارية > الحافلات > scania",scania,Scania,,,
381,skipped_same,"Already has target name_ar","المركبات > المركبات التجارية > الحافلات > setra",setra,Setra,,,
382,skipped_same,"Already has target name_ar","المركبات > المركبات التجارية > الحافلات > tcv",tcv,TCV,,,
383,skipped_same,"Already has target name_ar","المركبات > المركبات التجارية > الحافلات > temsa",temsa,Temsa,,,
384,skipped_same,"Already has target name_ar","المركبات > المركبات التجارية > الحافلات > tezeller",tezeller,Tezeller,,,
385,skipped_same,"Already has target name_ar","المركبات > المركبات التجارية > الحافلات > tu rkkar","tu rkkar",Türkkar,subcategory,38097,Türkkar
386,not_found,"Subcategory not found at segment: الشاحنات القاطرة","المركبات > المركبات التجارية > الشاحنات القاطرة > askam",askam,Askam,,,
387,not_found,"Subcategory not found at segment: الشاحنات القاطرة","المركبات > المركبات التجارية > الشاحنات القاطرة > bmc",bmc,BMC,,,
388,not_found,"Subcategory not found at segment: الشاحنات القاطرة","المركبات > المركبات التجارية > الشاحنات القاطرة > gazelle",gazelle,GAZelle,,,
389,not_found,"Subcategory not found at segment: الشاحنات القاطرة","المركبات > المركبات التجارية > الشاحنات القاطرة > iveco",iveco,Iveco,,,
390,not_found,"Subcategory not found at segment: الشاحنات القاطرة","المركبات > المركبات التجارية > الشاحنات القاطرة > mack",mack,Mack,,,
391,not_found,"Subcategory not found at segment: الشاحنات القاطرة","المركبات > المركبات التجارية > الشاحنات القاطرة > man",man,MAN,,,
392,not_found,"Subcategory not found at segment: الشاحنات القاطرة","المركبات > المركبات التجارية > الشاحنات القاطرة > maz",maz,MAZ,,,
393,not_found,"Subcategory not found at segment: الشاحنات القاطرة","المركبات > المركبات التجارية > الشاحنات القاطرة > mercedes- benz","mercedes- benz",Mercedes-Benz,,,
394,not_found,"Subcategory not found at segment: الشاحنات القاطرة","المركبات > المركبات التجارية > الشاحنات القاطرة > scania",scania,Scania,,,
395,not_found,"Subcategory not found at segment: الشاحنات القاطرة","المركبات > المركبات التجارية > الشاحنات القاطرة > volvo",volvo,Volvo,,,
396,not_found,"Subcategory not found at segment: الشاحنات القاطرة","المركبات > المركبات التجارية > الشاحنات القاطرة > شاحنات رينو","شاحنات رينو","Renault Trucks",,,
397,not_found,"Subcategory not found at segment: الشاحنات القاطرة","المركبات > المركبات التجارية > الشاحنات القاطرة > شاحنات فورد","شاحنات فورد","Ford Trucks",,,
398,skipped_same,"Already has target name_ar","المركبات > المركبات التجارية > الشاحنات والشاحنات الخفيفة > akeso",akeso,Akeso,,,
399,skipped_same,"Already has target name_ar","المركبات > المركبات التجارية > الشاحنات والشاحنات الخفيفة > alke",alke,Alke,,,
400,skipped_same,"Already has target name_ar","المركبات > المركبات التجارية > الشاحنات والشاحنات الخفيفة > anadol",anadol,Anadol,,,
401,skipped_same,"Already has target name_ar","المركبات > المركبات التجارية > الشاحنات والشاحنات الخفيفة > askam",askam,Askam,,,
402,skipped_same,"Already has target name_ar","المركبات > المركبات التجارية > الشاحنات والشاحنات الخفيفة > astra",astra,Astra,,,
403,skipped_same,"Already has target name_ar","المركبات > المركبات التجارية > الشاحنات والشاحنات الخفيفة > bedford",bedford,Bedford,,,
404,skipped_same,"Already has target name_ar","المركبات > المركبات التجارية > الشاحنات والشاحنات الخفيفة > bmc",bmc,BMC,,,
405,skipped_same,"Already has target name_ar","المركبات > المركبات التجارية > الشاحنات والشاحنات الخفيفة > chrysler",chrysler,Chrysler,,,
406,skipped_same,"Already has target name_ar","المركبات > المركبات التجارية > الشاحنات والشاحنات الخفيفة > citroen",citroen,Citroën,subcategory,38814,Citroën
407,skipped_same,"Already has target name_ar","المركبات > المركبات التجارية > الشاحنات والشاحنات الخفيفة > dacia",dacia,Dacia,,,
408,skipped_same,"Already has target name_ar","المركبات > المركبات التجارية > الشاحنات والشاحنات الخفيفة > daewoo",daewoo,Daewoo,,,
409,skipped_same,"Already has target name_ar","المركبات > المركبات التجارية > الشاحنات والشاحنات الخفيفة > daf",daf,DAF,,,
410,skipped_same,"Already has target name_ar","المركبات > المركبات التجارية > الشاحنات والشاحنات الخفيفة > daihatsu",daihatsu,Daihatsu,,,
411,skipped_same,"Already has target name_ar","المركبات > المركبات التجارية > الشاحنات والشاحنات الخفيفة > dfm",dfm,DFM,,,
412,skipped_same,"Already has target name_ar","المركبات > المركبات التجارية > الشاحنات والشاحنات الخفيفة > dfsk( dfm)","dfsk( dfm)",DFSK,subcategory,38820,DFSK
413,skipped_same,"Already has target name_ar","المركبات > المركبات التجارية > الشاحنات والشاحنات الخفيفة > dodge",dodge,Dodge,,,
414,skipped_same,"Already has target name_ar","المركبات > المركبات التجارية > الشاحنات والشاحنات الخفيفة > fiat",fiat,Fiat,,,
415,skipped_same,"Already has target name_ar","المركبات > المركبات التجارية > الشاحنات والشاحنات الخفيفة > folkvan",folkvan,Folkvan,,,
416,skipped_same,"Already has target name_ar","المركبات > المركبات التجارية > الشاحنات والشاحنات الخفيفة > gaz",gaz,GAZ,,,
417,skipped_same,"Already has target name_ar","المركبات > المركبات التجارية > الشاحنات والشاحنات الخفيفة > hfkanuni",hfkanuni,"HF Kanuni",subcategory,38826,"HF Kanuni"
418,skipped_same,"Already has target name_ar","المركبات > المركبات التجارية > الشاحنات والشاحنات الخفيفة > hino",hino,Hino,,,
419,skipped_same,"Already has target name_ar","المركبات > المركبات التجارية > الشاحنات والشاحنات الخفيفة > hyundai",hyundai,Hyundai,,,
420,skipped_same,"Already has target name_ar","المركبات > المركبات التجارية > الشاحنات والشاحنات الخفيفة > isuzu",isuzu,Isuzu,,,
421,skipped_same,"Already has target name_ar","المركبات > المركبات التجارية > الشاحنات والشاحنات الخفيفة > jac",jac,JAC,,,
422,skipped_same,"Already has target name_ar","المركبات > المركبات التجارية > الشاحنات والشاحنات الخفيفة > kia",kia,Kia,,,
423,skipped_same,"Already has target name_ar","المركبات > المركبات التجارية > الشاحنات والشاحنات الخفيفة > kuba",kuba,Kuba,,,
424,skipped_same,"Already has target name_ar","المركبات > المركبات التجارية > الشاحنات والشاحنات الخفيفة > man",man,MAN,,,
425,skipped_same,"Already has target name_ar","المركبات > المركبات التجارية > الشاحنات والشاحنات الخفيفة > maxus",maxus,Maxus,,,
426,skipped_same,"Already has target name_ar","المركبات > المركبات التجارية > الشاحنات والشاحنات الخفيفة > mazda",mazda,Mazda,,,
427,skipped_same,"Already has target name_ar","المركبات > المركبات التجارية > الشاحنات والشاحنات الخفيفة > mercedes- benz","mercedes- benz",Mercedes-Benz,subcategory,38836,Mercedes-Benz
428,skipped_same,"Already has target name_ar","المركبات > المركبات التجارية > الشاحنات والشاحنات الخفيفة > mitsubishi- temsa","mitsubishi- temsa","Mitsubishi Temsa",subcategory,38837,"Mitsubishi Temsa"
429,skipped_same,"Already has target name_ar","المركبات > المركبات التجارية > الشاحنات والشاحنات الخفيفة > musatti",musatti,Musatti,,,
430,skipped_same,"Already has target name_ar","المركبات > المركبات التجارية > الشاحنات والشاحنات الخفيفة > nissan",nissan,Nissan,,,
431,skipped_same,"Already has target name_ar","المركبات > المركبات التجارية > الشاحنات والشاحنات الخفيفة > opel",opel,Opel,,,
432,skipped_same,"Already has target name_ar","المركبات > المركبات التجارية > الشاحنات والشاحنات الخفيفة > otokar",otokar,Otokar,,,
433,skipped_same,"Already has target name_ar","المركبات > المركبات التجارية > الشاحنات والشاحنات الخفيفة > peugeot",peugeot,Peugeot,,,
434,skipped_same,"Already has target name_ar","المركبات > المركبات التجارية > الشاحنات والشاحنات الخفيفة > piaggio",piaggio,Piaggio,,,
435,skipped_same,"Already has target name_ar","المركبات > المركبات التجارية > الشاحنات والشاحنات الخفيفة > proton",proton,Proton,,,
436,skipped_same,"Already has target name_ar","المركبات > المركبات التجارية > الشاحنات والشاحنات الخفيفة > rainwoll",rainwoll,Rainwoll,,,
437,skipped_same,"Already has target name_ar","المركبات > المركبات التجارية > الشاحنات والشاحنات الخفيفة > relive",relive,Relive,,,
438,skipped_same,"Already has target name_ar","المركبات > المركبات التجارية > الشاحنات والشاحنات الخفيفة > samsung",samsung,Samsung,,,
439,skipped_same,"Already has target name_ar","المركبات > المركبات التجارية > الشاحنات والشاحنات الخفيفة > sany",sany,Sany,,,
440,skipped_same,"Already has target name_ar","المركبات > المركبات التجارية > الشاحنات والشاحنات الخفيفة > scania",scania,Scania,,,
441,skipped_same,"Already has target name_ar","المركبات > المركبات التجارية > الشاحنات والشاحنات الخفيفة > skoda",skoda,Skoda,,,
442,skipped_same,"Already has target name_ar","المركبات > المركبات التجارية > الشاحنات والشاحنات الخفيفة > skyjet",skyjet,Skyjet,,,
443,skipped_same,"Already has target name_ar","المركبات > المركبات التجارية > الشاحنات والشاحنات الخفيفة > suzuki",suzuki,Suzuki,,,
444,skipped_same,"Already has target name_ar","المركبات > المركبات التجارية > الشاحنات والشاحنات الخفيفة > tata",tata,Tata,,,
445,skipped_same,"Already has target name_ar","المركبات > المركبات التجارية > الشاحنات والشاحنات الخفيفة > tenax",tenax,Tenax,,,
446,skipped_same,"Already has target name_ar","المركبات > المركبات التجارية > الشاحنات والشاحنات الخفيفة > toyota",toyota,Toyota,,,
447,skipped_same,"Already has target name_ar","المركبات > المركبات التجارية > الشاحنات والشاحنات الخفيفة > volkswagen",volkswagen,Volkswagen,,,
448,skipped_same,"Already has target name_ar","المركبات > المركبات التجارية > الشاحنات والشاحنات الخفيفة > volta",volta,Volta,,,
449,skipped_same,"Already has target name_ar","المركبات > المركبات التجارية > الشاحنات والشاحنات الخفيفة > volvo",volvo,Volvo,,,
450,skipped_same,"Already has target name_ar","المركبات > المركبات التجارية > الشاحنات والشاحنات الخفيفة > yuki",yuki,Yuki,,,
451,skipped_same,"Already has target name_ar","المركبات > المركبات التجارية > الشاحنات والشاحنات الخفيفة > شاحنات رينو","شاحنات رينو",Renault,subcategory,38848,Renault
452,skipped_same,"Already has target name_ar","المركبات > المركبات التجارية > الشاحنات والشاحنات الخفيفة > شاحنات فورد","شاحنات فورد",Ford,subcategory,38824,Ford
453,not_found,"Subcategory not found at segment: الميني باص والميدي باص","المركبات > المركبات التجارية > الميني باص والميدي باص > bmc",bmc,BMC,,,
454,not_found,"Subcategory not found at segment: الميني باص والميدي باص","المركبات > المركبات التجارية > الميني باص والميدي باص > citroen",citroen,Citroen,,,
455,not_found,"Subcategory not found at segment: الميني باص والميدي باص","المركبات > المركبات التجارية > الميني باص والميدي باص > fiat",fiat,Fiat,,,
456,not_found,"Subcategory not found at segment: الميني باص والميدي باص","المركبات > المركبات التجارية > الميني باص والميدي باص > ford otosan","ford otosan","Ford Otosan",,,
457,not_found,"Subcategory not found at segment: الميني باص والميدي باص","المركبات > المركبات التجارية > الميني باص والميدي باص > gaz",gaz,GAZ,,,
458,not_found,"Subcategory not found at segment: الميني باص والميدي باص","المركبات > المركبات التجارية > الميني باص والميدي باص > hyundai",hyundai,Hyundai,,,
459,not_found,"Subcategory not found at segment: الميني باص والميدي باص","المركبات > المركبات التجارية > الميني باص والميدي باص > isuzu",isuzu,Isuzu,,,
460,not_found,"Subcategory not found at segment: الميني باص والميدي باص","المركبات > المركبات التجارية > الميني باص والميدي باص > iveco- otoyol","iveco- otoyol",Iveco-Otoyol,,,
461,not_found,"Subcategory not found at segment: الميني باص والميدي باص","المركبات > المركبات التجارية > الميني باص والميدي باص > karsan",karsan,Karsan,,,
462,not_found,"Subcategory not found at segment: الميني باص والميدي باص","المركبات > المركبات التجارية > الميني باص والميدي باص > kia",kia,Kia,,,
463,not_found,"Subcategory not found at segment: الميني باص والميدي باص","المركبات > المركبات التجارية > الميني باص والميدي باص > magirus",magirus,Magirus,,,
464,not_found,"Subcategory not found at segment: الميني باص والميدي باص","المركبات > المركبات التجارية > الميني باص والميدي باص > man",man,MAN,,,
465,not_found,"Subcategory not found at segment: الميني باص والميدي باص","المركبات > المركبات التجارية > الميني باص والميدي باص > mercedes- benz","mercedes- benz",Mercedes-Benz,,,
466,not_found,"Subcategory not found at segment: الميني باص والميدي باص","المركبات > المركبات التجارية > الميني باص والميدي باص > mitsubishi",mitsubishi,Mitsubishi,,,
467,not_found,"Subcategory not found at segment: الميني باص والميدي باص","المركبات > المركبات التجارية > الميني باص والميدي باص > opel",opel,Opel,,,
468,not_found,"Subcategory not found at segment: الميني باص والميدي باص","المركبات > المركبات التجارية > الميني باص والميدي باص > otokar",otokar,Otokar,,,
469,not_found,"Subcategory not found at segment: الميني باص والميدي باص","المركبات > المركبات التجارية > الميني باص والميدي باص > peugeot",peugeot,Peugeot,,,
470,not_found,"Subcategory not found at segment: الميني باص والميدي باص","المركبات > المركبات التجارية > الميني باص والميدي باص > renault",renault,Renault,,,
471,not_found,"Subcategory not found at segment: الميني باص والميدي باص","المركبات > المركبات التجارية > الميني باص والميدي باص > temsa",temsa,TEMSA,,,
472,not_found,"Subcategory not found at segment: الميني باص والميدي باص","المركبات > المركبات التجارية > الميني باص والميدي باص > volkswagen",volkswagen,Volkswagen,,,
473,not_found,"Subcategory not found at segment: الميني باص والميدي باص","المركبات > المركبات التجارية > الميني باص والميدي باص > سلاسل أخرى","سلاسل أخرى","ماركات أخرى",,,
474,not_found,"Subcategory not found at segment: أوبل","المركبات > سيارات > أوبل > GT رودستر","GT رودستر","GT Roadster",,,
475,not_found,"Subcategory not found at segment: أوبل","المركبات > سيارات > أوبل > آدم",آدم,Adam,,,
476,not_found,"Subcategory not found at segment: أوبل","المركبات > سيارات > أوبل > أجيلا",أجيلا,Agila,,,
477,not_found,"Subcategory not found at segment: أوبل","المركبات > سيارات > أوبل > أسترا",أسترا,Astra,,,
478,not_found,"Subcategory not found at segment: أوبل","المركبات > سيارات > أوبل > أسترا e","أسترا e",Astra-e,,,
479,not_found,"Subcategory not found at segment: أوبل","المركبات > سيارات > أوبل > أسكونا",أسكونا,Ascona,,,
480,not_found,"Subcategory not found at segment: أوبل","المركبات > سيارات > أوبل > أمبيرا",أمبيرا,Ampera,,,
481,not_found,"Subcategory not found at segment: أوبل","المركبات > سيارات > أوبل > أوميغا",أوميغا,Omega,,,
482,not_found,"Subcategory not found at segment: أوبل","المركبات > سيارات > أوبل > إنسيجنيا",إنسيجنيا,Insignia,,,
483,not_found,"Subcategory not found at segment: أوبل","المركبات > سيارات > أوبل > تيغرا",تيغرا,Tigra,,,
484,not_found,"Subcategory not found at segment: أوبل","المركبات > سيارات > أوبل > ريكورد",ريكورد,Rekord,,,
485,not_found,"Subcategory not found at segment: أوبل","المركبات > سيارات > أوبل > زافيرا",زافيرا,Zafira,,,
486,not_found,"Subcategory not found at segment: أوبل","المركبات > سيارات > أوبل > سيغنم",سيغنم,Signum,,,
487,not_found,"Subcategory not found at segment: أوبل","المركبات > سيارات > أوبل > فيكترا",فيكترا,Vectra,,,
488,not_found,"Subcategory not found at segment: أوبل","المركبات > سيارات > أوبل > كاديت",كاديت,Kadett,,,
489,not_found,"Subcategory not found at segment: أوبل","المركبات > سيارات > أوبل > كارل",كارل,Karl,,,
490,not_found,"Subcategory not found at segment: أوبل","المركبات > سيارات > أوبل > كاسكادا",كاسكادا,Cascada,,,
491,not_found,"Subcategory not found at segment: أوبل","المركبات > سيارات > أوبل > كاليبرا",كاليبرا,Calibra,,,
492,not_found,"Subcategory not found at segment: أوبل","المركبات > سيارات > أوبل > كورسا",كورسا,Corsa,,,
493,not_found,"Subcategory not found at segment: أوبل","المركبات > سيارات > أوبل > كورسا e","كورسا e",Corsa-e,,,
494,not_found,"Subcategory not found at segment: أوبل","المركبات > سيارات > أوبل > ميريفا",ميريفا,Meriva,,,
495,not_found,"Subcategory not found at segment: أودي","المركبات > سيارات > أودي > RS",RS,"RS Series",,,
496,not_found,"Subcategory not found at segment: أودي","المركبات > سيارات > أودي > إي-ترون GT","إي-ترون GT","e-tron GT",,,
497,not_found,"Subcategory not found at segment: أودي","المركبات > سيارات > أودي > سلسلة 100","سلسلة 100","100 Series",,,
498,not_found,"Subcategory not found at segment: أودي","المركبات > سيارات > أودي > سلسلة 80","سلسلة 80","80 Series",,,
499,not_found,"Subcategory not found at segment: أودي","المركبات > سيارات > أودي > سلسلة S","سلسلة S","S Series",,,
500,not_found,"Subcategory not found at segment: بي إم دبليو","المركبات > سيارات > بي إم دبليو > الفئة 1","الفئة 1","1 Series",,,
501,not_found,"Subcategory not found at segment: بي إم دبليو","المركبات > سيارات > بي إم دبليو > الفئة 2","الفئة 2","2 Series",,,
502,not_found,"Subcategory not found at segment: بي إم دبليو","المركبات > سيارات > بي إم دبليو > الفئة 3","الفئة 3","3 Series",,,
503,not_found,"Subcategory not found at segment: بي إم دبليو","المركبات > سيارات > بي إم دبليو > الفئة 4","الفئة 4","4 Series",,,
504,not_found,"Subcategory not found at segment: بي إم دبليو","المركبات > سيارات > بي إم دبليو > الفئة 5","الفئة 5","5 Series",,,
505,not_found,"Subcategory not found at segment: بي إم دبليو","المركبات > سيارات > بي إم دبليو > الفئة 6","الفئة 6","6 Series",,,
506,not_found,"Subcategory not found at segment: بي إم دبليو","المركبات > سيارات > بي إم دبليو > الفئة 7","الفئة 7","7 Series",,,
507,not_found,"Subcategory not found at segment: بي إم دبليو","المركبات > سيارات > بي إم دبليو > الفئة 8","الفئة 8","8 Series",,,
508,not_found,"Subcategory not found at segment: بي إم دبليو","المركبات > سيارات > بي إم دبليو > فئة i","فئة i","i Series",,,
509,not_found,"Subcategory not found at segment: بيجو","المركبات > سيارات > بيجو > 206 بلس","206 بلس","206 +",,,
510,not_found,"Subcategory not found at segment: بيجو","المركبات > سيارات > بيجو > بارس",بارس,Pars,,,
511,not_found,"Subcategory not found at segment: تويوتا","المركبات > سيارات > تويوتا > أفينسيس",أفينسيس,Avensis,,,
512,not_found,"Subcategory not found at segment: تويوتا","المركبات > سيارات > تويوتا > ألتيزا",ألتيزا,Altezza,,,
513,not_found,"Subcategory not found at segment: تويوتا","المركبات > سيارات > تويوتا > أوربان كروزر","أوربان كروزر","Urban Cruiser",,,
514,not_found,"Subcategory not found at segment: تويوتا","المركبات > سيارات > تويوتا > أوريس",أوريس,Auris,,,
515,not_found,"Subcategory not found at segment: تويوتا","المركبات > سيارات > تويوتا > بريفيا",بريفيا,Previa,,,
516,not_found,"Subcategory not found at segment: تويوتا","المركبات > سيارات > تويوتا > بريوس",بريوس,Prius,,,
517,not_found,"Subcategory not found at segment: تويوتا","المركبات > سيارات > تويوتا > تيرسل",تيرسل,Tercel,,,
518,not_found,"Subcategory not found at segment: تويوتا","المركبات > سيارات > تويوتا > ستارليت",ستارليت,Starlet,,,
519,not_found,"Subcategory not found at segment: تويوتا","المركبات > سيارات > تويوتا > سوبرا",سوبرا,Supra,,,
520,not_found,"Subcategory not found at segment: تويوتا","المركبات > سيارات > تويوتا > فيرسو",فيرسو,Verso,,,
521,not_found,"Subcategory not found at segment: تويوتا","المركبات > سيارات > تويوتا > كارينا",كارينا,Carina,,,
522,not_found,"Subcategory not found at segment: تويوتا","المركبات > سيارات > تويوتا > كامري",كامري,Camry,,,
523,not_found,"Subcategory not found at segment: تويوتا","المركبات > سيارات > تويوتا > كريسيدا",كريسيدا,Cressida,,,
524,not_found,"Subcategory not found at segment: تويوتا","المركبات > سيارات > تويوتا > كورولا",كورولا,Corolla,,,
525,not_found,"Subcategory not found at segment: تويوتا","المركبات > سيارات > تويوتا > كورونا",كورونا,Corona,,,
526,not_found,"Subcategory not found at segment: تويوتا","المركبات > سيارات > تويوتا > يارس",يارس,Yaris,,,
527,not_found,"Subcategory not found at segment: رينو","المركبات > سيارات > رينو > إسباس",إسباس,Espace,,,
528,not_found,"Subcategory not found at segment: رينو","المركبات > سيارات > رينو > تاليسمان",تاليسمان,Talisman,,,
529,not_found,"Subcategory not found at segment: رينو","المركبات > سيارات > رينو > تالينت",تالينت,Taliant,,,
530,not_found,"Subcategory not found at segment: رينو","المركبات > سيارات > رينو > تندار",تندار,Tondar,,,
531,not_found,"Subcategory not found at segment: رينو","المركبات > سيارات > رينو > تويزي",تويزي,Twizy,,,
532,not_found,"Subcategory not found at segment: رينو","المركبات > سيارات > رينو > توينغو",توينغو,Twingo,,,
533,not_found,"Subcategory not found at segment: رينو","المركبات > سيارات > رينو > جراند سينيك","جراند سينيك","Grand Scenic",,,
534,not_found,"Subcategory not found at segment: رينو","المركبات > سيارات > رينو > جراند مودوس","جراند مودوس","Grand Modus",,,
535,not_found,"Subcategory not found at segment: رينو","المركبات > سيارات > رينو > زوي",زوي,ZOE,,,
536,not_found,"Subcategory not found at segment: رينو","المركبات > سيارات > رينو > سافران",سافران,Safrane,,,
537,not_found,"Subcategory not found at segment: رينو","المركبات > سيارات > رينو > سيمبول",سيمبول,Symbol,,,
538,not_found,"Subcategory not found at segment: رينو","المركبات > سيارات > رينو > سينيك",سينيك,Scenic,,,
539,not_found,"Subcategory not found at segment: رينو","المركبات > سيارات > رينو > فلوانس",فلوانس,Fluence,,,
540,not_found,"Subcategory not found at segment: رينو","المركبات > سيارات > رينو > فيل ساتيس","فيل ساتيس","Vel Satis",,,
541,not_found,"Subcategory not found at segment: رينو","المركبات > سيارات > رينو > كليو",كليو,Clio,,,
542,not_found,"Subcategory not found at segment: رينو","المركبات > سيارات > رينو > لاتيتيود",لاتيتيود,Latitude,,,
543,not_found,"Subcategory not found at segment: رينو","المركبات > سيارات > رينو > لاغونا",لاغونا,Laguna,,,
544,not_found,"Subcategory not found at segment: رينو","المركبات > سيارات > رينو > مودوس",مودوس,Modus,,,
545,not_found,"Subcategory not found at segment: رينو","المركبات > سيارات > رينو > ميغان",ميغان,Megane,,,
546,not_found,"Subcategory not found at segment: فورد","المركبات > سيارات > فورد > أوريون",أوريون,Orion,,,
547,not_found,"Subcategory not found at segment: فورد","المركبات > سيارات > فورد > إس ماكس","إس ماكس",S-Max,,,
548,not_found,"Subcategory not found at segment: فورد","المركبات > سيارات > فورد > إسكورت",إسكورت,Escort,,,
549,not_found,"Subcategory not found at segment: فورد","المركبات > سيارات > فورد > بروب",بروب,Probe,,,
550,not_found,"Subcategory not found at segment: فورد","المركبات > سيارات > فورد > بوما",بوما,Puma,,,
551,not_found,"Subcategory not found at segment: فورد","المركبات > سيارات > فورد > بي ماكس","بي ماكس",B-Max,,,
552,not_found,"Subcategory not found at segment: فورد","المركبات > سيارات > فورد > تاونوس",تاونوس,Taunus,,,
553,not_found,"Subcategory not found at segment: فورد","المركبات > سيارات > فورد > توروس",توروس,Taurus,,,
554,not_found,"Subcategory not found at segment: فورد","المركبات > سيارات > فورد > سكوربيو",سكوربيو,Scorpio,,,
555,not_found,"Subcategory not found at segment: فورد","المركبات > سيارات > فورد > سي ماكس","سي ماكس",C-Max,,,
556,not_found,"Subcategory not found at segment: فورد","المركبات > سيارات > فورد > سييرا",سييرا,Sierra,,,
557,not_found,"Subcategory not found at segment: فورد","المركبات > سيارات > فورد > غالاكسي",غالاكسي,Galaxy,,,
558,not_found,"Subcategory not found at segment: فورد","المركبات > سيارات > فورد > غراند سي ماكس","غراند سي ماكس","Grand C-Max",,,
559,not_found,"Subcategory not found at segment: فورد","المركبات > سيارات > فورد > غرناطة",غرناطة,Granada,,,
560,not_found,"Subcategory not found at segment: فورد","المركبات > سيارات > فورد > فستيڤا",فستيڤا,Festiva,,,
561,not_found,"Subcategory not found at segment: فورد","المركبات > سيارات > فورد > فوكس",فوكس,Focus,,,
562,not_found,"Subcategory not found at segment: فورد","المركبات > سيارات > فورد > فيوجن",فيوجن,Fusion,,,
563,not_found,"Subcategory not found at segment: فورد","المركبات > سيارات > فورد > فييستا",فييستا,Fiesta,,,
564,not_found,"Subcategory not found at segment: فورد","المركبات > سيارات > فورد > كا",كا,Ka,,,
565,not_found,"Subcategory not found at segment: فورد","المركبات > سيارات > فورد > كوغر",كوغر,Cougar,,,
566,not_found,"Subcategory not found at segment: فورد","المركبات > سيارات > فورد > موستانغ",موستانغ,Mustang,,,
567,not_found,"Subcategory not found at segment: فورد","المركبات > سيارات > فورد > موندو",موندو,Mondeo,,,
568,not_found,"Subcategory not found at segment: فولكس فاغن","المركبات > سيارات > فولكس فاغن > أب كلوب","أب كلوب","Up Club",,,
569,not_found,"Subcategory not found at segment: فولكس فاغن","المركبات > سيارات > فولكس فاغن > أرتيون",أرتيون,Arteon,,,
570,not_found,"Subcategory not found at segment: فولكس فاغن","المركبات > سيارات > فولكس فاغن > إيوس",إيوس,EOS,,,
571,not_found,"Subcategory not found at segment: فولكس فاغن","المركبات > سيارات > فولكس فاغن > باسات",باسات,Passat,,,
572,not_found,"Subcategory not found at segment: فولكس فاغن","المركبات > سيارات > فولكس فاغن > باسات أولتراك","باسات أولتراك","Passat Alltrack",,,
573,not_found,"Subcategory not found at segment: فولكس فاغن","المركبات > سيارات > فولكس فاغن > باسات فاريانت","باسات فاريانت","Passat Variant",,,
574,not_found,"Subcategory not found at segment: فولكس فاغن","المركبات > سيارات > فولكس فاغن > بورا",بورا,Bora,,,
575,not_found,"Subcategory not found at segment: فولكس فاغن","المركبات > سيارات > فولكس فاغن > بولو",بولو,Polo,,,
576,not_found,"Subcategory not found at segment: فولكس فاغن","المركبات > سيارات > فولكس فاغن > بيتل",بيتل,Beetle,,,
577,not_found,"Subcategory not found at segment: فولكس فاغن","المركبات > سيارات > فولكس فاغن > توران",توران,Touran,,,
578,not_found,"Subcategory not found at segment: فولكس فاغن","المركبات > سيارات > فولكس فاغن > جيتا",جيتا,Jetta,,,
579,not_found,"Subcategory not found at segment: فولكس فاغن","المركبات > سيارات > فولكس فاغن > سيروكو",سيروكو,Scirocco,,,
580,not_found,"Subcategory not found at segment: فولكس فاغن","المركبات > سيارات > فولكس فاغن > شاران",شاران,Sharan,,,
581,not_found,"Subcategory not found at segment: فولكس فاغن","المركبات > سيارات > فولكس فاغن > غولف",غولف,Golf,,,
582,not_found,"Subcategory not found at segment: فولكس فاغن","المركبات > سيارات > فولكس فاغن > فايتون",فايتون,Phaeton,,,
583,not_found,"Subcategory not found at segment: فولكس فاغن","المركبات > سيارات > فولكس فاغن > فينتو",فينتو,Vento,,,
584,not_found,"Subcategory not found at segment: فولكس فاغن","المركبات > سيارات > فولكس فاغن > لوبو",لوبو,Lupo,,,
585,not_found,"Subcategory not found at segment: كيا","المركبات > سيارات > كيا > أوبتيما",أوبتيما,Optima,,,
586,not_found,"Subcategory not found at segment: كيا","المركبات > سيارات > كيا > أوبيروس",أوبيروس,Opirus,,,
587,not_found,"Subcategory not found at segment: كيا","المركبات > سيارات > كيا > برايد",برايد,Pride,,,
588,not_found,"Subcategory not found at segment: كيا","المركبات > سيارات > كيا > برو سيد","برو سيد","Pro Ceed",,,
589,not_found,"Subcategory not found at segment: كيا","المركبات > سيارات > كيا > بيكانتو",بيكانتو,Picanto,,,
590,not_found,"Subcategory not found at segment: كيا","المركبات > سيارات > كيا > جويس",جويس,Joice,,,
591,not_found,"Subcategory not found at segment: كيا","المركبات > سيارات > كيا > ريو",ريو,Rio,,,
592,not_found,"Subcategory not found at segment: كيا","المركبات > سيارات > كيا > ستينغر",ستينغر,Stinger,,,
593,not_found,"Subcategory not found at segment: كيا","المركبات > سيارات > كيا > سيد",سيد,Ceed,,,
594,not_found,"Subcategory not found at segment: كيا","المركبات > سيارات > كيا > سيراتو",سيراتو,Cerato,,,
595,not_found,"Subcategory not found at segment: كيا","المركبات > سيارات > كيا > سيفيا",سيفيا,Sephia,,,
596,not_found,"Subcategory not found at segment: كيا","المركبات > سيارات > كيا > شوما",شوما,Shuma,,,
597,not_found,"Subcategory not found at segment: كيا","المركبات > سيارات > كيا > فينجا",فينجا,Venga,,,
598,not_found,"Subcategory not found at segment: كيا","المركبات > سيارات > كيا > كابيتال",كابيتال,Capital,,,
599,not_found,"Subcategory not found at segment: كيا","المركبات > سيارات > كيا > كارنيفال",كارنيفال,Carnival,,,
600,not_found,"Subcategory not found at segment: كيا","المركبات > سيارات > كيا > كارينز",كارينز,Carens,,,
601,not_found,"Subcategory not found at segment: كيا","المركبات > سيارات > كيا > كلاروس",كلاروس,Clarus,,,
602,not_found,"Subcategory not found at segment: كيا","المركبات > سيارات > كيا > ماجنتيس",ماجنتيس,Magentis,,,
603,not_found,"Subcategory not found at segment: مازدا","المركبات > سيارات > مازدا > 2",2,Mazda2,,,
604,not_found,"Subcategory not found at segment: مازدا","المركبات > سيارات > مازدا > 3",3,Mazda3,,,
605,not_found,"Subcategory not found at segment: مازدا","المركبات > سيارات > مازدا > 5",5,Mazda5,,,
606,not_found,"Subcategory not found at segment: مازدا","المركبات > سيارات > مازدا > 6",6,Mazda6,,,
607,not_found,"Subcategory not found at segment: مازدا","المركبات > سيارات > مازدا > MX",MX,"MX Series",,,
608,not_found,"Subcategory not found at segment: مازدا","المركبات > سيارات > مازدا > RX",RX,"RX Series",,,
609,not_found,"Subcategory not found at segment: مازدا","المركبات > سيارات > مازدا > بريماسي",بريماسي,Premacy,,,
610,not_found,"Subcategory not found at segment: مازدا","المركبات > سيارات > مازدا > زيدوس",زيدوس,Xedos,,,
611,not_found,"Subcategory not found at segment: مازدا","المركبات > سيارات > مازدا > لانتيس",لانتيس,Lantis,,,
612,not_found,"Subcategory not found at segment: مرسيدس-بنز","المركبات > سيارات > مرسيدس-بنز > الفئة A","الفئة A",A-Class,,,
613,not_found,"Subcategory not found at segment: مرسيدس-بنز","المركبات > سيارات > مرسيدس-بنز > الفئة B","الفئة B",B-Class,,,
614,not_found,"Subcategory not found at segment: مرسيدس-بنز","المركبات > سيارات > مرسيدس-بنز > الفئة C","الفئة C",C-Class,,,
615,not_found,"Subcategory not found at segment: مرسيدس-بنز","المركبات > سيارات > مرسيدس-بنز > الفئة E","الفئة E",E-Class,,,
616,not_found,"Subcategory not found at segment: مرسيدس-بنز","المركبات > سيارات > مرسيدس-بنز > الفئة R","الفئة R",R-Class,,,
617,not_found,"Subcategory not found at segment: مرسيدس-بنز","المركبات > سيارات > مرسيدس-بنز > الفئة S","الفئة S",S-Class,,,
618,not_found,"Subcategory not found at segment: مرسيدس-بنز","المركبات > سيارات > مرسيدس-بنز > مايباخ S","مايباخ S","Maybach S-Class",,,
619,not_found,"Subcategory not found at segment: نيسان","المركبات > سيارات > نيسان > التيما",التيما,Altima,,,
620,not_found,"Subcategory not found at segment: نيسان","المركبات > سيارات > نيسان > الميرا",الميرا,Almera,,,
621,not_found,"Subcategory not found at segment: نيسان","المركبات > سيارات > نيسان > بريmera",بريmera,Primera,,,
622,not_found,"Subcategory not found at segment: نيسان","المركبات > سيارات > نيسان > بلوبيرد",بلوبيرد,Bluebird,,,
623,not_found,"Subcategory not found at segment: نيسان","المركبات > سيارات > نيسان > بولسار",بولسار,Pulsar,,,
624,not_found,"Subcategory not found at segment: نيسان","المركبات > سيارات > نيسان > بيكسو",بيكسو,Pixo,,,
625,not_found,"Subcategory not found at segment: نيسان","المركبات > سيارات > نيسان > تينو",تينو,Tino,,,
626,not_found,"Subcategory not found at segment: نيسان","المركبات > سيارات > نيسان > سكاي لاين","سكاي لاين",Skyline,,,
627,not_found,"Subcategory not found at segment: نيسان","المركبات > سيارات > نيسان > صني",صني,Sunny,,,
628,not_found,"Subcategory not found at segment: نيسان","المركبات > سيارات > نيسان > لوريل التيما","لوريل التيما","Laurel Altima",,,
629,not_found,"Subcategory not found at segment: نيسان","المركبات > سيارات > نيسان > ماكسيما",ماكسيما,Maxima,,,
630,not_found,"Subcategory not found at segment: نيسان","المركبات > سيارات > نيسان > ميكرا",ميكرا,Micra,,,
631,not_found,"Subcategory not found at segment: نيسان","المركبات > سيارات > نيسان > نوت",نوت,Note,,,
632,not_found,"Subcategory not found at segment: هوندا","المركبات > سيارات > هوندا > أكورد",أكورد,Accord,,,
633,not_found,"Subcategory not found at segment: هوندا","المركبات > سيارات > هوندا > إنتيجرا",إنتيجرا,Integra,,,
634,not_found,"Subcategory not found at segment: هوندا","المركبات > سيارات > هوندا > بريلود",بريلود,Prelude,,,
635,not_found,"Subcategory not found at segment: هوندا","المركبات > سيارات > هوندا > جاز",جاز,Jazz,,,
636,not_found,"Subcategory not found at segment: هوندا","المركبات > سيارات > هوندا > ستريم",ستريم,Stream,,,
637,not_found,"Subcategory not found at segment: هوندا","المركبات > سيارات > هوندا > سيتي",سيتي,City,,,
638,not_found,"Subcategory not found at segment: هوندا","المركبات > سيارات > هوندا > سيفيك",سيفيك,Civic,,,
639,not_found,"Subcategory not found at segment: هوندا","المركبات > سيارات > هوندا > شاتل",شاتل,Shuttle,,,
640,not_found,"Subcategory not found at segment: هوندا","المركبات > سيارات > هوندا > ليجند",ليجند,Legend,,,
641,not_found,"Subcategory not found at segment: هيونداي","المركبات > سيارات > هيونداي > أتوس",أتوس,Atos,,,
642,not_found,"Subcategory not found at segment: هيونداي","المركبات > سيارات > هيونداي > أكسنت",أكسنت,Accent,,,
643,not_found,"Subcategory not found at segment: هيونداي","المركبات > سيارات > هيونداي > أكسنت إيرا","أكسنت إيرا","Accent Era",,,
644,not_found,"Subcategory not found at segment: هيونداي","المركبات > سيارات > هيونداي > أكسنت بلو","أكسنت بلو","Accent Blue",,,
645,not_found,"Subcategory not found at segment: هيونداي","المركبات > سيارات > هيونداي > أيونيك",أيونيك,Ioniq,,,
646,not_found,"Subcategory not found at segment: هيونداي","المركبات > سيارات > هيونداي > إكسل",إكسل,Excel,,,
647,not_found,"Subcategory not found at segment: هيونداي","المركبات > سيارات > هيونداي > إلنترا",إلنترا,Elantra,,,
648,not_found,"Subcategory not found at segment: هيونداي","المركبات > سيارات > هيونداي > تراجيت",تراجيت,Trajet,,,
649,not_found,"Subcategory not found at segment: هيونداي","المركبات > سيارات > هيونداي > جينيسيس",جينيسيس,Genesis,,,
650,not_found,"Subcategory not found at segment: هيونداي","المركبات > سيارات > هيونداي > سوناتا",سوناتا,Sonata,,,
651,not_found,"Subcategory not found at segment: هيونداي","المركبات > سيارات > هيونداي > غراندور",غراندور,Grandeur,,,
652,not_found,"Subcategory not found at segment: هيونداي","المركبات > سيارات > هيونداي > غيتز",غيتز,Getz,,,
653,not_found,"Subcategory not found at segment: هيونداي","المركبات > سيارات > هيونداي > كوبيه",كوبيه,Coupe,,,
654,not_found,"Subcategory not found at segment: هيونداي","المركبات > سيارات > هيونداي > ماتريكس",ماتريكس,Matrix,,,
655,skipped_same,"Already has target name_ar","المركبات > سيارات دفع رباعي وبيك آب > Hyundai > Kona Elektrik","Kona Elektrik","Kona Electric",subcategory,35045,"Kona Electric"
656,skipped_same,"Already has target name_ar","المركبات > سيارات دفع رباعي وبيك آب > Mercedes-Benz > G Series","G Series",G-Class,subcategory,35992,G-Class
657,skipped_same,"Already has target name_ar","المركبات > سيارات دفع رباعي وبيك آب > Mercedes-Benz > GL",GL,GL-Class,subcategory,35993,GL-Class
658,skipped_same,"Already has target name_ar","المركبات > سيارات دفع رباعي وبيك آب > Mercedes-Benz > X",X,X-Class,subcategory,36003,X-Class
659,skipped_same,"Already has target name_ar","سلع مستعملة وجديدة > أجهزة منزلية كهربائية > أجهزة منزلية > أجهزة تنقية المياه","أجهزة تنقية المياه","فلتر مياه",subcategory,26202,"فلتر مياه"
660,skipped_same,"Already has target name_ar","سلع مستعملة وجديدة > أجهزة منزلية كهربائية > أجهزة منزلية > أفران الميكروويف","أفران الميكروويف",مايكرويف,subcategory,26199,مايكرويف
661,skipped_same,"Already has target name_ar","سلع مستعملة وجديدة > أجهزة منزلية كهربائية > أجهزة منزلية > ثلاجات",ثلاجات,براد,subcategory,26194,براد
662,skipped_same,"Already has target name_ar","سلع مستعملة وجديدة > أجهزة منزلية كهربائية > أجهزة منزلية > شفاطات المدى والمدخنة","شفاطات المدى والمدخنة","شفاط مطبخ",subcategory,26193,"شفاط مطبخ"
663,skipped_same,"Already has target name_ar","سلع مستعملة وجديدة > أجهزة منزلية كهربائية > أجهزة منزلية > غسالات الصحون","غسالات الصحون","جلاية صحون",subcategory,26192,"جلاية صحون"
664,skipped_same,"Already has target name_ar","سلع مستعملة وجديدة > أجهزة منزلية كهربائية > أجهزة منزلية > قبو النبيذ ومبرد","قبو النبيذ ومبرد","براد مشروبات",subcategory,26203,"براد مشروبات"
665,skipped_same,"Already has target name_ar","سلع مستعملة وجديدة > أجهزة منزلية كهربائية > أجهزة منزلية > كووكتوبس",كووكتوبس,"طباخ ليزري",subcategory,26196,"طباخ ليزري"
666,skipped_same,"Already has target name_ar","سلع مستعملة وجديدة > أجهزة منزلية كهربائية > أجهزة منزلية > مجففات",مجففات,"نشافة ملابس",subcategory,26197,"نشافة ملابس"
667,skipped_same,"Already has target name_ar","سلع مستعملة وجديدة > أجهزة منزلية كهربائية > أجهزة منزلية > مجمدات",مجمدات,ثلاجة,subcategory,26198,ثلاجة
668,skipped_same,"Already has target name_ar","سلع مستعملة وجديدة > أجهزة منزلية كهربائية > أجهزة منزلية > موزعات المياه","موزعات المياه","براد ماء",subcategory,26201,"براد ماء"
669,skipped_same,"Already has target name_ar","سلع مستعملة وجديدة > أجهزة منزلية كهربائية > أجهزة منزلية > موقد وفرن","موقد وفرن","طباخ مع فرن",subcategory,26200,"طباخ مع فرن"
670,skipped_same,"Already has target name_ar","سلع مستعملة وجديدة > أجهزة منزلية كهربائية > أجهزة منزلية > واشينج ماتشينيس","واشينج ماتشينيس",غسالة,subcategory,26195,غسالة
671,skipped_same,"Already has target name_ar","سلع مستعملة وجديدة > أجهزة منزلية كهربائية > أجهزة منزلية صغيرة > آلات القهوة","آلات القهوة","ماكينة قهوة",subcategory,26233,"ماكينة قهوة"
672,skipped_same,"Already has target name_ar","سلع مستعملة وجديدة > أجهزة منزلية كهربائية > أجهزة منزلية صغيرة > ألواح الكي","ألواح الكي","لوح كوي",subcategory,26247,"لوح كوي"
673,skipped_same,"Already has target name_ar","سلع مستعملة وجديدة > أجهزة منزلية كهربائية > أجهزة منزلية صغيرة > بلينديرس",بلينديرس,"خلاط عصير",subcategory,26229,"خلاط عصير"
674,skipped_same,"Already has target name_ar","سلع مستعملة وجديدة > أجهزة منزلية كهربائية > أجهزة منزلية صغيرة > تواستيرس",تواستيرس,"محمصة خبز",subcategory,26262,"محمصة خبز"
675,skipped_same,"Already has target name_ar","سلع مستعملة وجديدة > أجهزة منزلية كهربائية > أجهزة منزلية صغيرة > تواصل مع الشواية / مكبس الساندويتش","تواصل مع الشواية / مكبس الساندويتش","سخانة سندويش",subcategory,26234,"سخانة سندويش"
676,skipped_same,"Already has target name_ar","سلع مستعملة وجديدة > أجهزة منزلية كهربائية > أجهزة منزلية صغيرة > خلاطات",خلاطات,خلاط,subcategory,26253,خلاط
677,skipped_same,"Already has target name_ar","سلع مستعملة وجديدة > أجهزة منزلية كهربائية > أجهزة منزلية صغيرة > روبوتيك فاكوومس","روبوتيك فاكوومس","مكنسة روبوت",subcategory,26256,"مكنسة روبوت"
678,skipped_same,"Already has target name_ar","سلع مستعملة وجديدة > أجهزة منزلية كهربائية > أجهزة منزلية صغيرة > سكاليس",سكاليس,"ميزان مطبخ",subcategory,26257,"ميزان مطبخ"
679,skipped_same,"Already has target name_ar","سلع مستعملة وجديدة > أجهزة منزلية كهربائية > أجهزة منزلية صغيرة > صانع الثلج","صانع الثلج","ماكينة ثلج",subcategory,26246,"ماكينة ثلج"
680,skipped_same,"Already has target name_ar","سلع مستعملة وجديدة > أجهزة منزلية كهربائية > أجهزة منزلية صغيرة > صناع الزبادي","صناع الزبادي","ماكينة صنع اللبن",subcategory,26267,"ماكينة صنع اللبن"
681,skipped_same,"Already has target name_ar","سلع مستعملة وجديدة > أجهزة منزلية كهربائية > أجهزة منزلية صغيرة > صناع الفشار","صناع الفشار","ماكينة بوشار",subcategory,26254,"ماكينة بوشار"
682,skipped_same,"Already has target name_ar","سلع مستعملة وجديدة > أجهزة منزلية كهربائية > أجهزة منزلية صغيرة > طباخات البخار","طباخات البخار","طباخ بخاري",subcategory,26260,"طباخ بخاري"
683,skipped_same,"Already has target name_ar","سلع مستعملة وجديدة > أجهزة منزلية كهربائية > أجهزة منزلية صغيرة > طباخات البيض","طباخات البيض","جهاز سلق البيض",subcategory,26236,"جهاز سلق البيض"
684,skipped_same,"Already has target name_ar","سلع مستعملة وجديدة > أجهزة منزلية كهربائية > أجهزة منزلية صغيرة > طباخات كهربائية متعددة","طباخات كهربائية متعددة","طباخ كهربائي",subcategory,26241,"طباخ كهربائي"
685,skipped_same,"Already has target name_ar","سلع مستعملة وجديدة > أجهزة منزلية كهربائية > أجهزة منزلية صغيرة > غلايات كهربائية","غلايات كهربائية","غلاية كهربائية",subcategory,26240,"غلاية كهربائية"
686,skipped_same,"Already has target name_ar","سلع مستعملة وجديدة > أجهزة منزلية كهربائية > أجهزة منزلية صغيرة > فاكووم كليانيرس","فاكووم كليانيرس","مكنسة كهربائية",subcategory,26263,"مكنسة كهربائية"
687,skipped_same,"Already has target name_ar","سلع مستعملة وجديدة > أجهزة منزلية كهربائية > أجهزة منزلية صغيرة > قلايات كهربائية ومقلاة هوائية","قلايات كهربائية ومقلاة هوائية","قلاية كهربائية",subcategory,26238,"قلاية كهربائية"
688,skipped_same,"Already has target name_ar","سلع مستعملة وجديدة > أجهزة منزلية كهربائية > أجهزة منزلية صغيرة > ماكينات الآيس كريم","ماكينات الآيس كريم","ماكينة آيس كريم",subcategory,26245,"ماكينة آيس كريم"
689,skipped_same,"Already has target name_ar","سلع مستعملة وجديدة > أجهزة منزلية كهربائية > أجهزة منزلية صغيرة > ماكينات التنظيف بالبخار","ماكينات التنظيف بالبخار","ماكينة تنظيف بالبخار",subcategory,26259,"ماكينة تنظيف بالبخار"
690,skipped_same,"Already has target name_ar","سلع مستعملة وجديدة > أجهزة منزلية كهربائية > أجهزة منزلية صغيرة > ماكينات الخياطة","ماكينات الخياطة","ماكينة خياطة",subcategory,26258,"ماكينة خياطة"
691,skipped_same,"Already has target name_ar","سلع مستعملة وجديدة > أجهزة منزلية كهربائية > أجهزة منزلية صغيرة > ماكينات الشاي","ماكينات الشاي","ماكينة شاي",subcategory,26261,"ماكينة شاي"
692,skipped_same,"Already has target name_ar","سلع مستعملة وجديدة > أجهزة منزلية كهربائية > أجهزة منزلية صغيرة > ماكينات تنظيف السجاد","ماكينات تنظيف السجاد","ماكينة تنظيف سجاد",subcategory,26231,"ماكينة تنظيف سجاد"
693,skipped_same,"Already has target name_ar","سلع مستعملة وجديدة > أجهزة منزلية كهربائية > أجهزة منزلية صغيرة > محمصة الوفل","محمصة الوفل","ماكينة وافل",subcategory,26265,"ماكينة وافل"
694,skipped_same,"Already has target name_ar","سلع مستعملة وجديدة > أجهزة منزلية كهربائية > أجهزة منزلية صغيرة > مستخرج العصير","مستخرج العصير","عصارة فواكه",subcategory,26249,"عصارة فواكه"
695,skipped_same,"Already has target name_ar","سلع مستعملة وجديدة > أجهزة منزلية كهربائية > أجهزة منزلية صغيرة > مطاحن اللحوم","مطاحن اللحوم","مفرمة لحمة",subcategory,26252,"مفرمة لحمة"
696,skipped_same,"Already has target name_ar","سلع مستعملة وجديدة > أجهزة منزلية كهربائية > أجهزة منزلية صغيرة > معالجات الطعام","معالجات الطعام","محضرة طعام",subcategory,26243,"محضرة طعام"
697,skipped_same,"Already has target name_ar","سلع مستعملة وجديدة > أجهزة منزلية كهربائية > أجهزة منزلية صغيرة > مكانس قابلة لإعادة الشحن","مكانس قابلة لإعادة الشحن","مكنسة شحن",subcategory,26255,"مكنسة شحن"
698,skipped_same,"Already has target name_ar","سلع مستعملة وجديدة > أجهزة منزلية كهربائية > أجهزة منزلية صغيرة > مكاوي",مكاوي,مكواة,subcategory,26248,مكواة
699,skipped_same,"Already has target name_ar","سلع مستعملة وجديدة > أجهزة منزلية كهربائية > أجهزة منزلية صغيرة > منظف النوافذ","منظف النوافذ","جهاز تنظيف نوافذ",subcategory,26266,"جهاز تنظيف نوافذ"
700,skipped_same,"Already has target name_ar","سلع مستعملة وجديدة > أجهزة منزلية كهربائية > أجهزة منزلية صغيرة > يليكتريك جريللس & جريددليس","يليكتريك جريللس & جريددليس","شواية كهربائية",subcategory,26239,"شواية كهربائية"
701,skipped_same,"Already has target name_ar","سلع مستعملة وجديدة > أجهزة منزلية كهربائية > تدفئة وتبريد وتهوية > جهاز تدفئة القدمين","جهاز تدفئة القدمين","دفاية قدمين",subcategory,26219,"دفاية قدمين"
702,skipped_same,"Already has target name_ar","سلع مستعملة وجديدة > أجهزة منزلية كهربائية > تدفئة وتبريد وتهوية > جهاز تنقية الهواء ومرطب الهواء","جهاز تنقية الهواء ومرطب الهواء","منقي ومرطب هواء",subcategory,26214,"منقي ومرطب هواء"
703,skipped_same,"Already has target name_ar","سلع مستعملة وجديدة > أجهزة منزلية كهربائية > تدفئة وتبريد وتهوية > سخانات المياه","سخانات المياه","سخان مياه",subcategory,26209,"سخان مياه"
704,skipped_same,"Already has target name_ar","سلع مستعملة وجديدة > أجهزة منزلية كهربائية > تدفئة وتبريد وتهوية > سخانات كهربائية","سخانات كهربائية","سخان كهربائي",subcategory,26215,"سخان كهربائي"
705,skipped_same,"Already has target name_ar","سلع مستعملة وجديدة > أجهزة منزلية كهربائية > تدفئة وتبريد وتهوية > غلايات كومبي","غلايات كومبي",كومبي,subcategory,26207,كومبي
706,skipped_same,"Already has target name_ar","سلع مستعملة وجديدة > أجهزة منزلية كهربائية > تدفئة وتبريد وتهوية > فانس",فانس,مروحة,subcategory,26210,مروحة
707,skipped_same,"Already has target name_ar","سلع مستعملة وجديدة > أجهزة منزلية كهربائية > تدفئة وتبريد وتهوية > مراوح السقف","مراوح السقف","مروحة سقف",subcategory,26211,"مروحة سقف"
708,skipped_same,"Already has target name_ar","سلع مستعملة وجديدة > أجهزة منزلية كهربائية > تدفئة وتبريد وتهوية > مكيف الهواء","مكيف الهواء",مكيف,subcategory,26206,مكيف
709,not_found,"Category not found: سلع مستعملة وجديدة","سلع مستعملة وجديدة > ديكور المنزل > منتجات ديكور > أعواد وحوامل البخور","أعواد وحوامل البخور","بخور ومباخر",,,
710,not_found,"Category not found: سلع مستعملة وجديدة","سلع مستعملة وجديدة > ديكور المنزل > منتجات ديكور > أنابيب النرجيلة","أنابيب النرجيلة","أركيلة ومستلزماتها",,,
711,not_found,"Category not found: سلع مستعملة وجديدة","سلع مستعملة وجديدة > ديكور المنزل > منتجات ديكور > بوولس & بلاتيس","بوولس & بلاتيس","صحون وزبادي",,,
712,not_found,"Category not found: سلع مستعملة وجديدة","سلع مستعملة وجديدة > ديكور المنزل > منتجات ديكور > تلوين",تلوين,"لوحات فنية",,,
713,not_found,"Category not found: سلع مستعملة وجديدة","سلع مستعملة وجديدة > ديكور المنزل > منتجات ديكور > زخارف الجدران","زخارف الجدران","ديكور حائط",,,
714,not_found,"Category not found: سلع مستعملة وجديدة","سلع مستعملة وجديدة > ديكور المنزل > منتجات ديكور > ستونيس",ستونيس,"حجار زينة",,,
715,not_found,"Category not found: سلع مستعملة وجديدة","سلع مستعملة وجديدة > ديكور المنزل > منتجات ديكور > صينية الرماد","صينية الرماد","منفضة سجائر",,,
716,not_found,"Category not found: سلع مستعملة وجديدة","سلع مستعملة وجديدة > ديكور المنزل > منتجات ديكور > فاسيس",فاسيس,مزهرية,,,
717,not_found,"Category not found: سلع مستعملة وجديدة","سلع مستعملة وجديدة > ديكور المنزل > منتجات ديكور > كانديلابراس",كانديلابراس,شمعدان,,,
718,not_found,"Category not found: سلع مستعملة وجديدة","سلع مستعملة وجديدة > ديكور المنزل > منتجات ديكور > كنيكك-كناككس, ستاتواري & فيجورينيس","كنيكك-كناككس, ستاتواري & فيجورينيس","تحف وتماثيل صغيرة",,,
719,not_found,"Category not found: سلع مستعملة وجديدة","سلع مستعملة وجديدة > كمبيوتر > خوادم ومكونات > سيرفيرس",سيرفيرس,سيرفر,,,
720,skipped_same,"Already has target name_ar","سلع مستعملة وجديدة > كمبيوتر > شاشات > مراقبة قطع الغيار","مراقبة قطع الغيار","قطع غيار الشاشات",subcategory,26042,"قطع غيار الشاشات"
721,skipped_same,"Already has target name_ar","سلع مستعملة وجديدة > كمبيوتر > ملحقات الكمبيوتر > Taşınabilir SSD","Taşınabilir SSD","قرص تخزين محمول",subcategory,26052,"قرص تخزين محمول"
722,skipped_same,"Already has target name_ar","سلع مستعملة وجديدة > كمبيوتر > ملحقات الكمبيوتر > أجهزة الباركود والمحطات اليدوية","أجهزة الباركود والمحطات اليدوية","جهاز باركود",subcategory,26059,"جهاز باركود"
723,skipped_same,"Already has target name_ar","سلع مستعملة وجديدة > كمبيوتر > ملحقات الكمبيوتر > أقراص الرسومات","أقراص الرسومات","لوح رسم",subcategory,26065,"لوح رسم"
724,skipped_same,"Already has target name_ar","سلع مستعملة وجديدة > كمبيوتر > ملحقات الكمبيوتر > سماعات الرأس والميكروفونات","سماعات الرأس والميكروفونات","سماعة رأس وميكروفون",subcategory,26056,"سماعة رأس وميكروفون"
725,skipped_same,"Already has target name_ar","سلع مستعملة وجديدة > كمبيوتر > ملحقات الكمبيوتر > سماعات الكمبيوتر","سماعات الكمبيوتر","سماعة كمبيوتر",subcategory,26055,"سماعة كمبيوتر"
726,skipped_same,"Already has target name_ar","سلع مستعملة وجديدة > كمبيوتر > ملحقات الكمبيوتر > طابعات وماسحات وبلوتر","طابعات وماسحات وبلوتر","طابعة متعددة المهام",subcategory,26046,"طابعة متعددة المهام"
727,skipped_same,"Already has target name_ar","سلع مستعملة وجديدة > كمبيوتر > ملحقات الكمبيوتر > كاميرات الويب","كاميرات الويب","كاميرا ويب",subcategory,26054,"كاميرا ويب"
728,skipped_same,"Already has target name_ar","سلع مستعملة وجديدة > كمبيوتر > ملحقات الكمبيوتر > لوحات المفاتيح","لوحات المفاتيح",كيبورد,subcategory,26048,كيبورد
729,skipped_same,"Already has target name_ar","سلع مستعملة وجديدة > كمبيوتر > ملحقات الكمبيوتر > محركات أقراص DVD الخارجية وكاتباتها","محركات أقراص DVD الخارجية وكاتباتها","سواقة دي في دي خارجية",subcategory,26061,"سواقة دي في دي خارجية"
730,skipped_same,"Already has target name_ar","سلع مستعملة وجديدة > كمبيوتر > ملحقات الكمبيوتر > محركات أقراص فلاش","محركات أقراص فلاش","ذاكرة فلاش",subcategory,26051,"ذاكرة فلاش"
731,skipped_same,"Already has target name_ar","سلع مستعملة وجديدة > كمبيوتر > ملحقات الكمبيوتر > محركات الأقراص الصلبة الخارجية","محركات الأقراص الصلبة الخارجية","هارد خارجي",subcategory,26050,"هارد خارجي"
732,skipped_same,"Already has target name_ar","سلع مستعملة وجديدة > كمبيوتر > ملحقات الكمبيوتر > محركات الأقراص المرنة والرمز البريدي الخارجية","محركات الأقراص المرنة والرمز البريدي الخارجية","قارئ أقراص مرنة خارجي",subcategory,26062,"قارئ أقراص مرنة خارجي"
733,skipped_same,"Already has target name_ar","سلع مستعملة وجديدة > كمبيوتر > ملحقات الكمبيوتر > محركات الأقراص المضغوطة والكاتبة الخارجية","محركات الأقراص المضغوطة والكاتبة الخارجية","سواقة سي دي خارجية",subcategory,26060,"سواقة سي دي خارجية"
734,skipped_same,"Already has target name_ar","سلع مستعملة وجديدة > كمبيوتر > ملحقات الكمبيوتر > مكبر الرسومات","مكبر الرسومات","كرت شاشة خارجي",subcategory,26067,"كرت شاشة خارجي"
735,skipped_same,"Already has target name_ar","سلع مستعملة وجديدة > كمبيوتر > ملحقات الكمبيوتر > مودمات وشبكات","مودمات وشبكات","مودم وراوتر",subcategory,26045,"مودم وراوتر"
736,skipped_same,"Already has target name_ar","سلع مستعملة وجديدة > كمبيوتر > ملحقات الكمبيوتر > ميسي",ميسي,ماوس,subcategory,26047,ماوس
737,skipped_same,"Already has target name_ar","سلع مستعملة وجديدة > كمبيوتر > ملحقات الكمبيوتر > ناسخات USB","ناسخات USB","ناسخ ذاكرة فلاش",subcategory,26058,"ناسخ ذاكرة فلاش"
738,not_found,"Category not found: سلع مستعملة وجديدة","سلع مستعملة وجديدة > مستلزمات اللاعبين > أجهزة ألعاب ووحدات تحكم > آسوس روج حليف","آسوس روج حليف","Asus Rog Ally",,,
739,not_found,"Category not found: سلع مستعملة وجديدة","سلع مستعملة وجديدة > مستلزمات اللاعبين > أجهزة ألعاب ووحدات تحكم > أتاري",أتاري,Atari,,,
740,not_found,"Category not found: سلع مستعملة وجديدة","سلع مستعملة وجديدة > مستلزمات اللاعبين > أجهزة ألعاب ووحدات تحكم > اكس بوكس","اكس بوكس",Xbox,,,
741,not_found,"Category not found: سلع مستعملة وجديدة","سلع مستعملة وجديدة > مستلزمات اللاعبين > أجهزة ألعاب ووحدات تحكم > اكس بوكس 360","اكس بوكس 360","Xbox 360",,,
742,not_found,"Category not found: سلع مستعملة وجديدة","سلع مستعملة وجديدة > مستلزمات اللاعبين > أجهزة ألعاب ووحدات تحكم > اكس بوكس سيريس اكس","اكس بوكس سيريس اكس","Xbox Series X",,,
743,not_found,"Category not found: سلع مستعملة وجديدة","سلع مستعملة وجديدة > مستلزمات اللاعبين > أجهزة ألعاب ووحدات تحكم > اكس بوكس واحد","اكس بوكس واحد","Xbox One",,,
744,not_found,"Category not found: سلع مستعملة وجديدة","سلع مستعملة وجديدة > مستلزمات اللاعبين > أجهزة ألعاب ووحدات تحكم > اكس بوكس ون اس","اكس بوكس ون اس","Xbox One S",,,
745,not_found,"Category not found: سلع مستعملة وجديدة","سلع مستعملة وجديدة > مستلزمات اللاعبين > أجهزة ألعاب ووحدات تحكم > اكس بوكس ون اكس","اكس بوكس ون اكس","Xbox One X",,,
746,not_found,"Category not found: سلع مستعملة وجديدة","سلع مستعملة وجديدة > مستلزمات اللاعبين > أجهزة ألعاب ووحدات تحكم > بلاي ستيشن 1","بلاي ستيشن 1","PlayStation 1",,,
747,not_found,"Category not found: سلع مستعملة وجديدة","سلع مستعملة وجديدة > مستلزمات اللاعبين > أجهزة ألعاب ووحدات تحكم > بلاي ستيشن 2","بلاي ستيشن 2","PlayStation 2",,,
748,not_found,"Category not found: سلع مستعملة وجديدة","سلع مستعملة وجديدة > مستلزمات اللاعبين > أجهزة ألعاب ووحدات تحكم > بلاي ستيشن 3","بلاي ستيشن 3","PlayStation 3",,,
749,not_found,"Category not found: سلع مستعملة وجديدة","سلع مستعملة وجديدة > مستلزمات اللاعبين > أجهزة ألعاب ووحدات تحكم > بلاي ستيشن 4","بلاي ستيشن 4","PlayStation 4",,,
750,not_found,"Category not found: سلع مستعملة وجديدة","سلع مستعملة وجديدة > مستلزمات اللاعبين > أجهزة ألعاب ووحدات تحكم > بلاي ستيشن 4 برو","بلاي ستيشن 4 برو","PlayStation 4 Pro",,,
751,not_found,"Category not found: سلع مستعملة وجديدة","سلع مستعملة وجديدة > مستلزمات اللاعبين > أجهزة ألعاب ووحدات تحكم > بلاي ستيشن 5","بلاي ستيشن 5","PlayStation 5",,,
752,not_found,"Category not found: سلع مستعملة وجديدة","سلع مستعملة وجديدة > مستلزمات اللاعبين > أجهزة ألعاب ووحدات تحكم > بلاي ستيشن 5 برو","بلاي ستيشن 5 برو","PlayStation 5 Pro",,,
753,not_found,"Category not found: سلع مستعملة وجديدة","سلع مستعملة وجديدة > مستلزمات اللاعبين > أجهزة ألعاب ووحدات تحكم > بوابة بلاي ستيشن","بوابة بلاي ستيشن","PlayStation Portal",,,
754,not_found,"Category not found: سلع مستعملة وجديدة","سلع مستعملة وجديدة > مستلزمات اللاعبين > أجهزة ألعاب ووحدات تحكم > بي إس بي","بي إس بي",PSP,,,
755,not_found,"Category not found: سلع مستعملة وجديدة","سلع مستعملة وجديدة > مستلزمات اللاعبين > أجهزة ألعاب ووحدات تحكم > بي اس فيتا","بي اس فيتا","PS Vita",,,
756,not_found,"Category not found: سلع مستعملة وجديدة","سلع مستعملة وجديدة > مستلزمات اللاعبين > أجهزة ألعاب ووحدات تحكم > ريزر إيدج","ريزر إيدج","Razer Edge",,,
757,not_found,"Category not found: سلع مستعملة وجديدة","سلع مستعملة وجديدة > مستلزمات اللاعبين > أجهزة ألعاب ووحدات تحكم > سطح البخار","سطح البخار","Steam Deck",,,
758,not_found,"Category not found: سلع مستعملة وجديدة","سلع مستعملة وجديدة > مستلزمات اللاعبين > أجهزة ألعاب ووحدات تحكم > سلسلة اكس بوكس اس","سلسلة اكس بوكس اس","Xbox Series S",,,
759,not_found,"Category not found: سلع مستعملة وجديدة","سلع مستعملة وجديدة > مستلزمات اللاعبين > أجهزة ألعاب ووحدات تحكم > عين",عين,AYN,,,
760,not_found,"Category not found: سلع مستعملة وجديدة","سلع مستعملة وجديدة > مستلزمات اللاعبين > أجهزة ألعاب ووحدات تحكم > لوجيتك جي كلاود","لوجيتك جي كلاود","Logitech G Cloud",,,
761,not_found,"Category not found: سلع مستعملة وجديدة","سلع مستعملة وجديدة > مستلزمات اللاعبين > أجهزة ألعاب ووحدات تحكم > لينوفو ليجن جو","لينوفو ليجن جو","Lenovo Legion Go",,,
762,not_found,"Category not found: سلع مستعملة وجديدة","سلع مستعملة وجديدة > مستلزمات اللاعبين > أجهزة ألعاب ووحدات تحكم > مخلب MSI","مخلب MSI","MSI Claw",,,
763,not_found,"Category not found: سلع مستعملة وجديدة","سلع مستعملة وجديدة > مستلزمات اللاعبين > أجهزة ألعاب ووحدات تحكم > نينتندو 2DS و 3DS","نينتندو 2DS و 3DS","Nintendo 2DS & 3DS",,,
764,not_found,"Category not found: سلع مستعملة وجديدة","سلع مستعملة وجديدة > مستلزمات اللاعبين > أجهزة ألعاب ووحدات تحكم > نينتندو جيم بوي","نينتندو جيم بوي","Nintendo Gameboy",,,
765,not_found,"Category not found: سلع مستعملة وجديدة","سلع مستعملة وجديدة > مستلزمات اللاعبين > أجهزة ألعاب ووحدات تحكم > نينتندو جيم كيوب","نينتندو جيم كيوب","Nintendo Game Cube",,,
766,not_found,"Category not found: سلع مستعملة وجديدة","سلع مستعملة وجديدة > مستلزمات اللاعبين > أجهزة ألعاب ووحدات تحكم > نينتندو دي إس","نينتندو دي إس","Nintendo DS",,,
767,not_found,"Category not found: سلع مستعملة وجديدة","سلع مستعملة وجديدة > مستلزمات اللاعبين > أجهزة ألعاب ووحدات تحكم > نينتندو سويتش","نينتندو سويتش","Nintendo Switch",,,
768,not_found,"Category not found: سلع مستعملة وجديدة","سلع مستعملة وجديدة > مستلزمات اللاعبين > أجهزة ألعاب ووحدات تحكم > نينتندو سويتش 2","نينتندو سويتش 2","Nintendo Switch 2",,,
769,not_found,"Category not found: سلع مستعملة وجديدة","سلع مستعملة وجديدة > مستلزمات اللاعبين > أجهزة ألعاب ووحدات تحكم > نينتندو وي","نينتندو وي","Nintendo Wii",,,
770,not_found,"Category not found: سلع مستعملة وجديدة","سلع مستعملة وجديدة > مستلزمات اللاعبين > أجهزة ألعاب ووحدات تحكم > نينتندو وي يو","نينتندو وي يو","Nintendo Wii U",,,
771,not_found,"Category not found: سلع مستعملة وجديدة","سلع مستعملة وجديدة > مستلزمات اللاعبين > أجهزة ألعاب ووحدات تحكم > وحدة التحكم","وحدة التحكم","يد تحكم",,,
772,skipped_same,"Already has target name_ar","سلع مستعملة وجديدة > هواتف وإكسسوارات > هواتف محمولة > آبل",آبل,Apple,subcategory,27757,Apple
773,skipped_same,"Already has target name_ar","سلع مستعملة وجديدة > هواتف وإكسسوارات > هواتف محمولة > آسوس",آسوس,Asus,subcategory,27759,Asus
774,skipped_same,"Already has target name_ar","سلع مستعملة وجديدة > هواتف وإكسسوارات > هواتف محمولة > أسيلسان",أسيلسان,Aselsan,subcategory,27758,Aselsan
775,skipped_same,"Already has target name_ar","سلع مستعملة وجديدة > هواتف وإكسسوارات > هواتف محمولة > أفيا تورك تيليكوم","أفيا تورك تيليكوم","Avea Türk Telekom",subcategory,27760,"Avea Türk Telekom"
776,skipped_same,"Already has target name_ar","سلع مستعملة وجديدة > هواتف وإكسسوارات > هواتف محمولة > أوسكال",أوسكال,Oscal,subcategory,27800,Oscal
777,skipped_same,"Already has target name_ar","سلع مستعملة وجديدة > هواتف وإكسسوارات > هواتف محمولة > أوفيون",أوفيون,Ovion,subcategory,27802,Ovion
778,skipped_same,"Already has target name_ar","سلع مستعملة وجديدة > هواتف وإكسسوارات > هواتف محمولة > أوليفون",أوليفون,Ulefone,subcategory,27821,Ulefone
779,skipped_same,"Already has target name_ar","سلع مستعملة وجديدة > هواتف وإكسسوارات > هواتف محمولة > أوميكس",أوميكس,Omix,subcategory,27797,Omix
780,skipped_same,"Already has target name_ar","سلع مستعملة وجديدة > هواتف وإكسسوارات > هواتف محمولة > أووكيتيل",أووكيتيل,Oukitel,subcategory,27801,Oukitel
781,skipped_same,"Already has target name_ar","سلع مستعملة وجديدة > هواتف وإكسسوارات > هواتف محمولة > أيسر",أيسر,Acer,subcategory,27753,Acer
782,skipped_same,"Already has target name_ar","سلع مستعملة وجديدة > هواتف وإكسسوارات > هواتف محمولة > إل جي","إل جي",LG,subcategory,27789,LG
783,skipped_same,"Already has target name_ar","سلع مستعملة وجديدة > هواتف وإكسسوارات > هواتف محمولة > إليفون",إليفون,Elephone,subcategory,27771,Elephone
784,skipped_same,"Already has target name_ar","سلع مستعملة وجديدة > هواتف وإكسسوارات > هواتف محمولة > اتش تي سي","اتش تي سي",HTC,subcategory,27780,HTC
785,skipped_same,"Already has target name_ar","سلع مستعملة وجديدة > هواتف وإكسسوارات > هواتف محمولة > اجم",اجم,AGM,subcategory,27754,AGM
786,skipped_same,"Already has target name_ar","سلع مستعملة وجديدة > هواتف وإكسسوارات > هواتف محمولة > الكاتيل",الكاتيل,Alcatel,subcategory,27756,Alcatel
787,skipped_same,"Already has target name_ar","سلع مستعملة وجديدة > هواتف وإكسسوارات > هواتف محمولة > انفينيكس",انفينيكس,Infinix,subcategory,27783,Infinix
788,skipped_same,"Already has target name_ar","سلع مستعملة وجديدة > هواتف وإكسسوارات > هواتف محمولة > ايك",ايك,Aiek,subcategory,27755,Aiek
789,skipped_same,"Already has target name_ar","سلع مستعملة وجديدة > هواتف وإكسسوارات > هواتف محمولة > باناسونيك",باناسونيك,Panasonic,subcategory,27804,Panasonic
790,skipped_same,"Already has target name_ar","سلع مستعملة وجديدة > هواتف وإكسسوارات > هواتف محمولة > بلاك بيري","بلاك بيري",BlackBerry,subcategory,27762,BlackBerry
791,skipped_same,"Already has target name_ar","سلع مستعملة وجديدة > هواتف وإكسسوارات > هواتف محمولة > بلاكفيو",بلاكفيو,Blackview,subcategory,27763,Blackview
792,skipped_same,"Already has target name_ar","سلع مستعملة وجديدة > هواتف وإكسسوارات > هواتف محمولة > بلوبو",بلوبو,Bluboo,subcategory,27764,Bluboo
793,skipped_same,"Already has target name_ar","سلع مستعملة وجديدة > هواتف وإكسسوارات > هواتف محمولة > بينكيو سيمنز","بينكيو سيمنز","BenQ Siemens",subcategory,27761,"BenQ Siemens"
794,skipped_same,"Already has target name_ar","سلع مستعملة وجديدة > هواتف وإكسسوارات > هواتف محمولة > تاغ هوير","تاغ هوير","Tag Heuer",subcategory,27816,"Tag Heuer"
795,skipped_same,"Already has target name_ar","سلع مستعملة وجديدة > هواتف وإكسسوارات > هواتف محمولة > ترايدنت",ترايدنت,Trident,subcategory,27819,Trident
796,skipped_same,"Already has target name_ar","سلع مستعملة وجديدة > هواتف وإكسسوارات > هواتف محمولة > تشين",تشين,Qin,subcategory,27806,Qin
797,skipped_same,"Already has target name_ar","سلع مستعملة وجديدة > هواتف وإكسسوارات > هواتف محمولة > تكنو",تكنو,Tecno,subcategory,27818,Tecno
798,skipped_same,"Already has target name_ar","سلع مستعملة وجديدة > هواتف وإكسسوارات > هواتف محمولة > توركسيل",توركسيل,Turkcell,subcategory,27820,Turkcell
799,skipped_same,"Already has target name_ar","سلع مستعملة وجديدة > هواتف وإكسسوارات > هواتف محمولة > تي سي إل","تي سي إل",TCL,subcategory,27817,TCL
800,skipped_same,"Already has target name_ar","سلع مستعملة وجديدة > هواتف وإكسسوارات > هواتف محمولة > جوجل",جوجل,Google,subcategory,27774,Google
801,skipped_same,"Already has target name_ar","سلع مستعملة وجديدة > هواتف وإكسسوارات > هواتف محمولة > ديجيفون",ديجيفون,Digiphone,subcategory,27769,Digiphone
802,skipped_same,"Already has target name_ar","سلع مستعملة وجديدة > هواتف وإكسسوارات > هواتف محمولة > ديل",ديل,Dell,subcategory,27768,Dell
803,skipped_same,"Already has target name_ar","سلع مستعملة وجديدة > هواتف وإكسسوارات > هواتف محمولة > رازير",رازير,Razer,subcategory,27808,Razer
804,skipped_same,"Already has target name_ar","سلع مستعملة وجديدة > هواتف وإكسسوارات > هواتف محمولة > ريدر",ريدر,Reeder,subcategory,27810,Reeder
805,skipped_same,"Already has target name_ar","سلع مستعملة وجديدة > هواتف وإكسسوارات > هواتف محمولة > ريلمى",ريلمى,Realme,subcategory,27809,Realme
806,skipped_same,"Already has target name_ar","سلع مستعملة وجديدة > هواتف وإكسسوارات > هواتف محمولة > زد تي إي","زد تي إي",ZTE,subcategory,27829,ZTE
807,skipped_same,"Already has target name_ar","سلع مستعملة وجديدة > هواتف وإكسسوارات > هواتف محمولة > سامسونج",سامسونج,Samsung,subcategory,27811,Samsung
808,skipped_same,"Already has target name_ar","سلع مستعملة وجديدة > هواتف وإكسسوارات > هواتف محمولة > سوني",سوني,Sony,subcategory,27813,Sony
809,skipped_same,"Already has target name_ar","سلع مستعملة وجديدة > هواتف وإكسسوارات > هواتف محمولة > سوني اريكسون","سوني اريكسون","Sony Ericsson",subcategory,27814,"Sony Ericsson"
810,skipped_same,"Already has target name_ar","سلع مستعملة وجديدة > هواتف وإكسسوارات > هواتف محمولة > شارب",شارب,Sharp,subcategory,27812,Sharp
811,skipped_same,"Already has target name_ar","سلع مستعملة وجديدة > هواتف وإكسسوارات > هواتف محمولة > شاومي",شاومي,Xiaomi,subcategory,27827,Xiaomi
812,skipped_same,"Already has target name_ar","سلع مستعملة وجديدة > هواتف وإكسسوارات > هواتف محمولة > صني",صني,Sunny,subcategory,27815,Sunny
813,skipped_same,"Already has target name_ar","سلع مستعملة وجديدة > هواتف وإكسسوارات > هواتف محمولة > فودافون",فودافون,Vodafone,subcategory,27826,Vodafone
814,skipped_same,"Already has target name_ar","سلع مستعملة وجديدة > هواتف وإكسسوارات > هواتف محمولة > فيرتو",فيرتو,Vertu,subcategory,27823,Vertu
815,skipped_same,"Already has target name_ar","سلع مستعملة وجديدة > هواتف وإكسسوارات > هواتف محمولة > فيستل",فيستل,Vestel,subcategory,27824,Vestel
816,skipped_same,"Already has target name_ar","سلع مستعملة وجديدة > هواتف وإكسسوارات > هواتف محمولة > فيفو",فيفو,Vivo,subcategory,27825,Vivo
817,skipped_same,"Already has target name_ar","سلع مستعملة وجديدة > هواتف وإكسسوارات > هواتف محمولة > فيليبس",فيليبس,Philips,subcategory,27805,Philips
818,skipped_same,"Already has target name_ar","سلع مستعملة وجديدة > هواتف وإكسسوارات > هواتف محمولة > قطة",قطة,CAT,subcategory,27766,CAT
819,skipped_same,"Already has target name_ar","سلع مستعملة وجديدة > هواتف وإكسسوارات > هواتف محمولة > قطرة القمر","قطرة القمر",Moondrop,subcategory,27793,Moondrop
820,skipped_same,"Already has target name_ar","سلع مستعملة وجديدة > هواتف وإكسسوارات > هواتف محمولة > كاسبر",كاسبر,Casper,subcategory,27765,Casper
821,skipped_same,"Already has target name_ar","سلع مستعملة وجديدة > هواتف وإكسسوارات > هواتف محمولة > كان",كان,Kaan,subcategory,27784,Kaan
822,skipped_same,"Already has target name_ar","سلع مستعملة وجديدة > هواتف وإكسسوارات > هواتف محمولة > كواترو",كواترو,Quatro,subcategory,27807,Quatro
823,skipped_same,"Already has target name_ar","سلع مستعملة وجديدة > هواتف وإكسسوارات > هواتف محمولة > كوبوت",كوبوت,Cubot,subcategory,27767,Cubot
824,skipped_same,"Already has target name_ar","سلع مستعملة وجديدة > هواتف وإكسسوارات > هواتف محمولة > لا شئ","لا شئ",Nothing,subcategory,27796,Nothing
825,skipped_same,"Already has target name_ar","سلع مستعملة وجديدة > هواتف وإكسسوارات > هواتف محمولة > لايكا",لايكا,Leica,subcategory,27786,Leica
826,skipped_same,"Already has target name_ar","سلع مستعملة وجديدة > هواتف وإكسسوارات > هواتف محمولة > لي تي في ليكو","لي تي في ليكو","LeTV LeEco",subcategory,27788,"LeTV LeEco"
827,skipped_same,"Already has target name_ar","سلع مستعملة وجديدة > هواتف وإكسسوارات > هواتف محمولة > ليجو",ليجو,Leagoo,subcategory,27785,Leagoo
828,skipped_same,"Already has target name_ar","سلع مستعملة وجديدة > هواتف وإكسسوارات > هواتف محمولة > لينوفو",لينوفو,Lenovo,subcategory,27787,Lenovo
829,skipped_same,"Already has target name_ar","سلع مستعملة وجديدة > هواتف وإكسسوارات > هواتف محمولة > مايكروسوفت",مايكروسوفت,Microsoft,subcategory,27791,Microsoft
830,skipped_same,"Already has target name_ar","سلع مستعملة وجديدة > هواتف وإكسسوارات > هواتف محمولة > ممن لهم","ممن لهم",Oppo,subcategory,27799,Oppo
831,skipped_same,"Already has target name_ar","سلع مستعملة وجديدة > هواتف وإكسسوارات > هواتف محمولة > موبايل عام","موبايل عام","General Mobile",subcategory,27773,"General Mobile"
832,skipped_same,"Already has target name_ar","سلع مستعملة وجديدة > هواتف وإكسسوارات > هواتف محمولة > موتورولا",موتورولا,Motorola,subcategory,27794,Motorola
833,skipped_same,"Already has target name_ar","سلع مستعملة وجديدة > هواتف وإكسسوارات > هواتف محمولة > ميبو",ميبو,Mipo,subcategory,27792,Mipo
834,skipped_same,"Already has target name_ar","سلع مستعملة وجديدة > هواتف وإكسسوارات > هواتف محمولة > ميزو",ميزو,Meizu,subcategory,27790,Meizu
835,skipped_same,"Already has target name_ar","سلع مستعملة وجديدة > هواتف وإكسسوارات > هواتف محمولة > نخل",نخل,Palm,subcategory,27803,Palm
836,skipped_same,"Already has target name_ar","سلع مستعملة وجديدة > هواتف وإكسسوارات > هواتف محمولة > نوكيا",نوكيا,Nokia,subcategory,27795,Nokia
837,skipped_same,"Already has target name_ar","سلع مستعملة وجديدة > هواتف وإكسسوارات > هواتف محمولة > هواوي",هواوي,Huawei,subcategory,27781,Huawei
838,skipped_same,"Already has target name_ar","سلع مستعملة وجديدة > هواتف وإكسسوارات > هواتف محمولة > هوتواف",هوتواف,Hotwav,subcategory,27778,Hotwav
839,skipped_same,"Already has target name_ar","سلع مستعملة وجديدة > هواتف وإكسسوارات > هواتف محمولة > هومتوم",هومتوم,HomTom,subcategory,27776,HomTom
840,skipped_same,"Already has target name_ar","سلع مستعملة وجديدة > هواتف وإكسسوارات > هواتف محمولة > هونر",هونر,Honor,subcategory,27777,Honor
841,skipped_same,"Already has target name_ar","سلع مستعملة وجديدة > هواتف وإكسسوارات > هواتف محمولة > ون بلس","ون بلس",OnePlus,subcategory,27798,OnePlus
842,skipped_same,"Already has target name_ar","سلع مستعملة وجديدة > هواتف وإكسسوارات > هواتف محمولة > يونيهيرتز",يونيهيرتز,Unihertz,subcategory,27822,Unihertz
843,skipped_same,"Already has target name_ar","المركبات > سيارات دفع رباعي وبيك آب > Dodge > RAMs",RAMs,Ram,subcategory,34706,Ram
844,skipped_same,"Already has target name_ar","المركبات > سيارات > Fiat > عائلة 500","عائلة 500","500 Family",subcategory,21591,"500 Family"
845,skipped_same,"Already has target name_ar","المركبات > سيارات دفع رباعي وبيك آب > Fiat > 500 X","500 X",500X,,,
846,skipped_same,"Already has target name_ar","المركبات > سيارات > Cupra > بورن",بورن,Born,subcategory,21525,Born
847,skipped_same,"Already has target name_ar","المركبات > سيارات > Cupra > ليون",ليون,Leon,subcategory,21526,Leon
848,skipped_same,"Already has target name_ar","المركبات > سيارات > Geely > إمجراند",إمجراند,Emgrand,subcategory,21635,Emgrand
849,skipped_same,"Already has target name_ar","المركبات > سيارات > Tesla > موديل 3","موديل 3","Model 3",subcategory,23139,"Model 3"
850,skipped_same,"Already has target name_ar","المركبات > سيارات > Tesla > موديل S","موديل S","Model S",subcategory,23140,"Model S"
851,skipped_same,"Already has target name_ar","المركبات > سيارات > Tesla > موديل X","موديل X","Model X",subcategory,23141,"Model X"
852,skipped_same,"Already has target name_ar","المركبات > سيارات > Tesla > موديل Y","موديل Y","Model Y",subcategory,23142,"Model Y"
853,not_found,"Subcategory not found at segment: الآلات الزراعية","الآلات والمعدات > الآلات الزراعية > البذار والغرس","البذار والغرس","معدات البذار والغرس",,,
854,not_found,"Subcategory not found at segment: الآلات الزراعية","الآلات والمعدات > الآلات الزراعية > التسميد",التسميد,"معدات التسميد",,,
855,not_found,"Subcategory not found at segment: الآلات الزراعية","الآلات والمعدات > الآلات الزراعية > الثروة الحيوانية","الثروة الحيوانية","معدات الثروة الحيوانية",,,
856,not_found,"Subcategory not found at segment: الآلات الزراعية","الآلات والمعدات > الآلات الزراعية > الحصاد والدرس","الحصاد والدرس","معدات الحصاد والدراس",,,
857,not_found,"Subcategory not found at segment: الآلات الزراعية","الآلات والمعدات > الآلات الزراعية > الري",الري,"معدات الري",,,
858,not_found,"Subcategory not found at segment: الآلات الزراعية","الآلات والمعدات > الآلات الزراعية > العناية بالمحاصيل","العناية بالمحاصيل","معدات العناية بالمحاصيل",,,
859,not_found,"Subcategory not found at segment: الآلات الزراعية","الآلات والمعدات > الآلات الزراعية > النقل",النقل,"معدات النقل الزراعي",,,
860,not_found,"Subcategory not found at segment: الآلات الزراعية","الآلات والمعدات > الآلات الزراعية > خدمة التربة","خدمة التربة","معدات تحضير التربة",,,
861,not_found,"Subcategory not found at segment: الصناعة","الآلات والمعدات > الصناعة > أنظمة الحماية والملاجئ","أنظمة الحماية والملاجئ","أنظمة حماية وملاجئ",,,
862,not_found,"Subcategory not found at segment: الصناعة","الآلات والمعدات > الصناعة > النقل والرصّ","النقل والرصّ","معدات نقل وتخزين",,,
863,not_found,"Subcategory not found at segment: الصناعة","الآلات والمعدات > الصناعة > خيام ومظلات وشتر","خيام ومظلات وشتر","خيمة أو مظلة",,,
864,not_found,"Subcategory not found at segment: الصناعة","الآلات والمعدات > الصناعة > كمبروسر",كمبروسر,"كمبرسور هواء",,,
865,not_found,"Subcategory not found at segment: الكهرباء والطاقة","الآلات والمعدات > الكهرباء والطاقة > أوعية/خزانات مضغوطة","أوعية/خزانات مضغوطة","خزانات ضغط",,,
866,not_found,"Subcategory not found at segment: الكهرباء والطاقة","الآلات والمعدات > الكهرباء والطاقة > منتجات الوقود","منتجات الوقود","معدات الوقود",,,
867,skipped_same,"Already has target name_ar","الحيوانات الأليفة والمواشي > أسماك الزينة > أسماك الثعبان والموراي","أسماك الثعبان والموراي","أسماك الأنقليس والموراي",subcategory,29994,"أسماك الأنقليس والموراي"
868,skipped_same,"Already has target name_ar","الحيوانات الأليفة والمواشي > أسماك الزينة > أسماك الراي والقط","أسماك الراي والقط","أسماك الراي والسلور",subcategory,29995,"أسماك الراي والسلور"
869,skipped_same,"Already has target name_ar","الحيوانات الأليفة والمواشي > أسماك الزينة > الأسماك المتاهية","الأسماك المتاهية","أسماك المتاهة",subcategory,29992,"أسماك المتاهة"
870,skipped_same,"Already has target name_ar","الحيوانات الأليفة والمواشي > أسماك الزينة > السيكليد",السيكليد,"أسماك السيكليد",subcategory,29989,"أسماك السيكليد"
871,skipped_same,"Already has target name_ar","الحيوانات الأليفة والمواشي > أسماك الزينة > الشبوطيات",الشبوطيات,"أسماك الشبوطيات",subcategory,29988,"أسماك الشبوطيات"
872,skipped_same,"Already has target name_ar","الحيوانات الأليفة والمواشي > أسماك الزينة > اللافقاريات",اللافقاريات,"لافقاريات مائية",subcategory,29993,"لافقاريات مائية"
873,skipped_same,"Already has target name_ar","الحيوانات الأليفة والمواشي > الأعلاف والطعام > المواشي الصغيرة والكبيرة","المواشي الصغيرة والكبيرة",مواشي,subcategory,30160,مواشي
874,not_found,"Subcategory not found at segment: الإكسسوارات والمعدات","الحيوانات الأليفة والمواشي > الإكسسوارات والمعدات > المواشي الكبيرة والصغيرة","المواشي الكبيرة والصغيرة",مواشي,,,
875,skipped_same,"Already has target name_ar","العقارات > أرض > للبيع مقابل حصة من الأرض","للبيع مقابل حصة من الأرض","للبيع مقابل حصة",subcategory,44616,"للبيع مقابل حصة"
876,not_found,"Category not found: العقارات","العقارات > عقار تجاري > تنازل عن عقد الإيجار","تنازل عن عقد الإيجار","فروغ تجاري",,,
877,not_found,"Category not found: العقارات","العقارات > عقار تجاري > للبيع مع التنازل عن النشاط","للبيع مع التنازل عن النشاط","للبيع مع الفروغ",,,
878,skipped_same,"Already has target name_ar","العقارات > مشاريع سكنية > ريزيدنس",ريزيدنس,"مجمع سكني",subcategory,44620,"مجمع سكني"
879,skipped_same,"Already has target name_ar","المركبات > المركبات التجارية > الخطوط واللوحات التجارية","الخطوط واللوحات التجارية","خطوط ولوحات تجارية",,,
880,skipped_same,"Already has target name_ar","المركبات > المركبات التجارية > الشاحنات القاطرة","الشاحنات القاطرة","رؤوس قاطرة",subcategory,38074,"رؤوس قاطرة"
881,skipped_same,"Already has target name_ar","المركبات > المركبات التجارية > الشاحنات والشاحنات الخفيفة","الشاحنات والشاحنات الخفيفة","شاحنات وشاحنات خفيفة",,,
882,skipped_same,"Already has target name_ar","المركبات > المركبات التجارية > الكاروسري والهيكل","الكاروسري والهيكل","هياكل وصناديق شاحنات",subcategory,38071,"هياكل وصناديق شاحنات"
883,skipped_same,"Already has target name_ar","المركبات > المركبات التجارية > الميني باص والميدي باص","الميني باص والميدي باص",سرفيس,subcategory,38073,سرفيس
884,skipped_same,"Already has target name_ar","المركبات > المركبات الكهربائية > ميني فان وفانات لوحة","ميني فان وفانات لوحة","فان مغلق كهربائي",subcategory,33135,"فان مغلق كهربائي"
885,skipped_same,"Already has target name_ar","المركبات > تأجير سيارات > دفع رباعي وبيك اب","دفع رباعي وبيك اب","دفع رباعي وبيك آب",,,
886,skipped_same,"Already has target name_ar","المركبات > دراجات نارية > CFmoto",CFmoto,CFMOTO,,,
887,skipped_same,"Already has target name_ar","المركبات > دراجات نارية > Çelik Motor","Çelik Motor","Çelik Motor",subcategory,30325,"Çelik Motor"
888,skipped_same,"Already has target name_ar","المركبات > دراجات نارية > Işıldar",Işıldar,Işıldar,subcategory,30352,Işıldar
889,skipped_same,"Already has target name_ar","المركبات > دراجات نارية > Ski-doo",Ski-doo,Ski-Doo,,,
890,skipped_same,"Already has target name_ar","المركبات > دراجات نارية > Stmax",Stmax,STMAX,,,
891,skipped_same,"Already has target name_ar","المركبات > دراجات نارية > UğurSam",UğurSam,UğurSam,subcategory,30440,UğurSam
892,not_found,"Subcategory not found at segment: رباعية الدفع","المركبات > رباعية الدفع > آسيا موتور","آسيا موتور","Asya Motor",,,
893,not_found,"Subcategory not found at segment: رباعية الدفع","المركبات > رباعية الدفع > أباتشي",أباتشي,Apache,,,
894,not_found,"Subcategory not found at segment: رباعية الدفع","المركبات > رباعية الدفع > أركتيك كات","أركتيك كات","Arctic Cat",,,
895,not_found,"Subcategory not found at segment: رباعية الدفع","المركبات > رباعية الدفع > أرورا",أرورا,Arora,,,
896,not_found,"Subcategory not found at segment: رباعية الدفع","المركبات > رباعية الدفع > أودس",أودس,ODES,,,
897,not_found,"Subcategory not found at segment: رباعية الدفع","المركبات > رباعية الدفع > إس إم سي","إس إم سي",SMC,,,
898,not_found,"Subcategory not found at segment: رباعية الدفع","المركبات > رباعية الدفع > إس واي إم","إس واي إم",SYM,,,
899,not_found,"Subcategory not found at segment: رباعية الدفع","المركبات > رباعية الدفع > إنبيست",إنبيست,Enbest,,,
900,not_found,"Subcategory not found at segment: رباعية الدفع","المركبات > رباعية الدفع > إيون",إيون,AEON,,,
901,not_found,"Subcategory not found at segment: رباعية الدفع","المركبات > رباعية الدفع > باشان",باشان,Bashan,,,
902,not_found,"Subcategory not found at segment: رباعية الدفع","المركبات > رباعية الدفع > بولاريس",بولاريس,Polaris,,,
903,not_found,"Subcategory not found at segment: رباعية الدفع","المركبات > رباعية الدفع > بوماركس",بوماركس,Pomarx,,,
904,not_found,"Subcategory not found at segment: رباعية الدفع","المركبات > رباعية الدفع > بوموتو جينلينغ","بوموتو جينلينغ","BuMoto Jinling",,,
905,not_found,"Subcategory not found at segment: رباعية الدفع","المركبات > رباعية الدفع > تي جي بي","تي جي بي",TGB,,,
906,not_found,"Subcategory not found at segment: رباعية الدفع","المركبات > رباعية الدفع > ريجال رابتور","ريجال رابتور","Regal Raptor",,,
907,not_found,"Subcategory not found at segment: رباعية الدفع","المركبات > رباعية الدفع > ريجنوم",ريجنوم,Regnum,,,
908,not_found,"Subcategory not found at segment: رباعية الدفع","المركبات > رباعية الدفع > سكاي جيت","سكاي جيت",Skyjet,,,
909,not_found,"Subcategory not found at segment: رباعية الدفع","المركبات > رباعية الدفع > سوزوكي",سوزوكي,Suzuki,,,
910,not_found,"Subcategory not found at segment: رباعية الدفع","المركبات > رباعية الدفع > سي أف موتو","سي أف موتو","CF Moto",,,
911,not_found,"Subcategory not found at segment: رباعية الدفع","المركبات > رباعية الدفع > سيجواي",سيجواي,Segway,,,
912,not_found,"Subcategory not found at segment: رباعية الدفع","المركبات > رباعية الدفع > سيكتاك",سيكتاك,Cectek,,,
913,not_found,"Subcategory not found at segment: رباعية الدفع","المركبات > رباعية الدفع > غوس",غوس,Goes,,,
914,not_found,"Subcategory not found at segment: رباعية الدفع","المركبات > رباعية الدفع > فالكون",فالكون,Falcon,,,
915,not_found,"Subcategory not found at segment: رباعية الدفع","المركبات > رباعية الدفع > فولتا",فولتا,Volta,,,
916,not_found,"Subcategory not found at segment: رباعية الدفع","المركبات > رباعية الدفع > كان-آم",كان-آم,Can-Am,,,
917,not_found,"Subcategory not found at segment: رباعية الدفع","المركبات > رباعية الدفع > كانوني",كانوني,Kanuni,,,
918,not_found,"Subcategory not found at segment: رباعية الدفع","المركبات > رباعية الدفع > كاواساكي",كاواساكي,Kawasaki,,,
919,not_found,"Subcategory not found at segment: رباعية الدفع","المركبات > رباعية الدفع > كايو",كايو,Kayo,,,
920,not_found,"Subcategory not found at segment: رباعية الدفع","المركبات > رباعية الدفع > كرال موتور","كرال موتور","Kral Motor",,,
921,not_found,"Subcategory not found at segment: رباعية الدفع","المركبات > رباعية الدفع > كوبا",كوبا,Kuba,,,
922,not_found,"Subcategory not found at segment: رباعية الدفع","المركبات > رباعية الدفع > كيمكو",كيمكو,Kymco,,,
923,not_found,"Subcategory not found at segment: رباعية الدفع","المركبات > رباعية الدفع > كيو جي موتور","كيو جي موتور","QJ Motor",,,
924,not_found,"Subcategory not found at segment: رباعية الدفع","المركبات > رباعية الدفع > لونشين",لونشين,Loncin,,,
925,not_found,"Subcategory not found at segment: رباعية الدفع","المركبات > رباعية الدفع > لينهاي",لينهاي,Linhai,,,
926,not_found,"Subcategory not found at segment: رباعية الدفع","المركبات > رباعية الدفع > موتوران",موتوران,Motoran,,,
927,not_found,"Subcategory not found at segment: رباعية الدفع","المركبات > رباعية الدفع > مونديال",مونديال,Mondial,,,
928,not_found,"Subcategory not found at segment: رباعية الدفع","المركبات > رباعية الدفع > هوندا",هوندا,Honda,,,
929,not_found,"Subcategory not found at segment: رباعية الدفع","المركبات > رباعية الدفع > يوكي",يوكي,Yuki,,,
930,skipped_same,"Already has target name_ar","المركبات > سيارات > أبارث",أبارث,Abarth,subcategory,20303,Abarth
931,skipped_same,"Already has target name_ar","المركبات > سيارات > أرورا",أرورا,Arora,subcategory,20308,Arora
932,skipped_same,"Already has target name_ar","المركبات > سيارات > ألبين",ألبين,Alpine,subcategory,20306,Alpine
933,skipped_same,"Already has target name_ar","المركبات > سيارات > أنادول",أنادول,Anadol,subcategory,20307,Anadol
934,skipped_same,"Already has target name_ar","المركبات > سيارات > أوبل",أوبل,Opel,subcategory,22780,Opel
935,skipped_same,"Already has target name_ar","المركبات > سيارات > أودي",أودي,Audi,subcategory,20346,Audi
936,skipped_same,"Already has target name_ar","المركبات > سيارات > أورتي",أورتي,Orti,subcategory,22781,Orti
937,skipped_same,"Already has target name_ar","المركبات > سيارات > أيون",أيون,Aion,subcategory,20304,Aion
938,skipped_same,"Already has target name_ar","المركبات > سيارات > إنفينيتي",إنفينيتي,Infiniti,subcategory,21913,Infiniti
939,skipped_same,"Already has target name_ar","المركبات > سيارات > إيغل",إيغل,Eagle,subcategory,21561,Eagle
940,skipped_same,"Already has target name_ar","المركبات > سيارات > إيكو",إيكو,IKCO,subcategory,21912,IKCO
941,skipped_same,"Already has target name_ar","المركبات > سيارات > استون مارتن","استون مارتن","Aston Martin",subcategory,20309,"Aston Martin"
942,skipped_same,"Already has target name_ar","المركبات > سيارات > الفا روميو","الفا روميو","Alfa Romeo",subcategory,20305,"Alfa Romeo"
943,skipped_same,"Already has target name_ar","المركبات > سيارات > بروتون",بروتون,Proton,subcategory,22870,Proton
944,skipped_same,"Already has target name_ar","المركبات > سيارات > بليموث",بليموث,Plymouth,subcategory,22866,Plymouth
945,skipped_same,"Already has target name_ar","المركبات > سيارات > بنتلي",بنتلي,Bentley,subcategory,20784,Bentley
946,skipped_same,"Already has target name_ar","المركبات > سيارات > بورش",بورش,Porsche,subcategory,22869,Porsche
947,skipped_same,"Already has target name_ar","المركبات > سيارات > بولستار",بولستار,Polestar,subcategory,22867,Polestar
948,skipped_same,"Already has target name_ar","المركبات > سيارات > بونتياك",بونتياك,Pontiac,subcategory,22868,Pontiac
949,skipped_same,"Already has target name_ar","المركبات > سيارات > بويك",بويك,Buick,subcategory,21396,Buick
950,skipped_same,"Already has target name_ar","المركبات > سيارات > بي إم دبليو","بي إم دبليو",BMW,subcategory,20794,BMW
951,skipped_same,"Already has target name_ar","المركبات > سيارات > بي واي دي","بي واي دي",BYD,subcategory,21403,BYD
952,skipped_same,"Already has target name_ar","المركبات > سيارات > بيجو",بيجو,Peugeot,subcategory,22865,Peugeot
953,skipped_same,"Already has target name_ar","المركبات > سيارات > تاتا",تاتا,Tata,subcategory,23102,Tata
954,skipped_same,"Already has target name_ar","المركبات > سيارات > تسلا",تسلا,Tesla,subcategory,23103,Tesla
955,skipped_same,"Already has target name_ar","المركبات > سيارات > توغ",توغ,TOGG,subcategory,23106,TOGG
956,skipped_same,"Already has target name_ar","المركبات > سيارات > توفاش",توفاش,Tofaş,subcategory,23105,Tofaş
957,skipped_same,"Already has target name_ar","المركبات > سيارات > تويوتا",تويوتا,Toyota,subcategory,23221,Toyota
958,skipped_same,"Already has target name_ar","المركبات > سيارات > جاكوار",جاكوار,Jaguar,subcategory,21914,Jaguar
959,skipped_same,"Already has target name_ar","المركبات > سيارات > جيلي",جيلي,Geely,subcategory,21633,Geely
960,skipped_same,"Already has target name_ar","المركبات > سيارات > داسيا",داسيا,Dacia,subcategory,21527,Dacia
961,skipped_same,"Already has target name_ar","المركبات > سيارات > دايهاتسو",دايهاتسو,Daihatsu,subcategory,21543,Daihatsu
962,skipped_same,"Already has target name_ar","المركبات > سيارات > دايو",دايو,Daewoo,subcategory,21533,Daewoo
963,skipped_same,"Already has target name_ar","المركبات > سيارات > دودج",دودج,Dodge,subcategory,21551,Dodge
964,skipped_same,"Already has target name_ar","المركبات > سيارات > دي إس أوتوموبيلز","دي إس أوتوموبيلز","DS Automobiles",subcategory,21556,"DS Automobiles"
965,skipped_same,"Already has target name_ar","المركبات > سيارات > ذا لندن تاكسي","ذا لندن تاكسي","The London Taxi",subcategory,23104,"The London Taxi"
966,skipped_same,"Already has target name_ar","المركبات > سيارات > روفر",روفر,Rover,subcategory,23022,Rover
967,skipped_same,"Already has target name_ar","المركبات > سيارات > رولز رويس","رولز رويس",Rolls-Royce,subcategory,23021,Rolls-Royce
968,skipped_same,"Already has target name_ar","المركبات > سيارات > ريدر",ريدر,Reeder,subcategory,23016,Reeder
969,skipped_same,"Already has target name_ar","المركبات > سيارات > ريغال رابتور","ريغال رابتور","Regal Raptor",subcategory,23017,"Regal Raptor"
970,skipped_same,"Already has target name_ar","المركبات > سيارات > ريلايف",ريلايف,Relive,subcategory,23018,Relive
971,skipped_same,"Already has target name_ar","المركبات > سيارات > رينو",رينو,Renault,subcategory,23019,Renault
972,skipped_same,"Already has target name_ar","المركبات > سيارات > رينوول",رينوول,Rainwoll,subcategory,23015,Rainwoll
973,skipped_same,"Already has target name_ar","المركبات > سيارات > ساب",ساب,Saab,subcategory,23023,Saab
974,skipped_same,"Already has target name_ar","المركبات > سيارات > سايبا",سايبا,Saipa,subcategory,23024,Saipa
975,skipped_same,"Already has target name_ar","المركبات > سيارات > سكودا",سكودا,Skoda,subcategory,23098,Skoda
976,skipped_same,"Already has target name_ar","المركبات > سيارات > سمارت",سمارت,Smart,subcategory,23099,Smart
977,skipped_same,"Already has target name_ar","المركبات > سيارات > سوبارو",سوبارو,Subaru,subcategory,23100,Subaru
978,skipped_same,"Already has target name_ar","المركبات > سيارات > سوزوكي",سوزوكي,Suzuki,subcategory,23101,Suzuki
979,skipped_same,"Already has target name_ar","المركبات > سيارات > سيات",سيات,SEAT,subcategory,23025,SEAT
980,skipped_same,"Already has target name_ar","المركبات > سيارات > سيتروين",سيتروين,Citroën,subcategory,21499,Citroën
981,skipped_same,"Already has target name_ar","المركبات > سيارات > سينترو",سينترو,Cenntro,subcategory,21418,Cenntro
982,skipped_same,"Already has target name_ar","المركبات > سيارات > شيري",شيري,Chery,subcategory,21421,Chery
983,skipped_same,"Already has target name_ar","المركبات > سيارات > شيفروليه",شيفروليه,Chevrolet,subcategory,21426,Chevrolet
984,skipped_same,"Already has target name_ar","المركبات > سيارات > فاندرهول",فاندرهول,Vanderhall,subcategory,23489,Vanderhall
985,skipped_same,"Already has target name_ar","المركبات > سيارات > فورد",فورد,Ford,subcategory,21610,Ford
986,skipped_same,"Already has target name_ar","المركبات > سيارات > فولتا",فولتا,Volta,subcategory,23491,Volta
987,skipped_same,"Already has target name_ar","المركبات > سيارات > فولفو",فولفو,Volvo,subcategory,23492,Volvo
988,skipped_same,"Already has target name_ar","المركبات > سيارات > فولكس فاغن","فولكس فاغن",Volkswagen,subcategory,23490,Volkswagen
989,skipped_same,"Already has target name_ar","المركبات > سيارات > فيات",فيات,Fiat,subcategory,21583,Fiat
990,skipped_same,"Already has target name_ar","المركبات > سيارات > فيراري",فيراري,Ferrari,subcategory,21564,Ferrari
991,skipped_same,"Already has target name_ar","المركبات > سيارات > كاديلاك",كاديلاك,Cadillac,subcategory,21409,Cadillac
992,skipped_same,"Already has target name_ar","المركبات > سيارات > كرايسلر",كرايسلر,Chrysler,subcategory,21489,Chrysler
993,skipped_same,"Already has target name_ar","المركبات > سيارات > كوبا",كوبا,Kuba,subcategory,21916,Kuba
994,skipped_same,"Already has target name_ar","المركبات > سيارات > كوبرا",كوبرا,Cupra,subcategory,21524,Cupra
995,skipped_same,"Already has target name_ar","المركبات > سيارات > كيا",كيا,Kia,subcategory,21939,Kia
996,skipped_same,"Already has target name_ar","المركبات > سيارات > لادا",لادا,Lada,subcategory,22087,Lada
997,skipped_same,"Already has target name_ar","المركبات > سيارات > لامبورغيني",لامبورغيني,Lamborghini,subcategory,22090,Lamborghini
998,skipped_same,"Already has target name_ar","المركبات > سيارات > لانشيا",لانشيا,Lancia,subcategory,22095,Lancia
999,skipped_same,"Already has target name_ar","المركبات > سيارات > لكزس",لكزس,Lexus,subcategory,22104,Lexus
1000,skipped_same,"Already has target name_ar","المركبات > سيارات > لوتس",لوتس,Lotus,subcategory,22106,Lotus
1001,skipped_same,"Already has target name_ar","المركبات > سيارات > لوكي",لوكي,Luqi,subcategory,22107,Luqi
1002,skipped_same,"Already has target name_ar","المركبات > سيارات > ليب موتور","ليب موتور",Leapmotor,subcategory,22101,Leapmotor
1003,skipped_same,"Already has target name_ar","المركبات > سيارات > لينكولن",لينكولن,Lincoln,subcategory,22105,Lincoln
1004,skipped_same,"Already has target name_ar","المركبات > سيارات > ماركوس",ماركوس,Marcos,subcategory,22108,Marcos
1005,skipped_same,"Already has target name_ar","المركبات > سيارات > مازدا",مازدا,Mazda,subcategory,22141,Mazda
1006,skipped_same,"Already has target name_ar","المركبات > سيارات > مازيراتي",مازيراتي,Maserati,subcategory,22109,Maserati
1007,skipped_same,"Already has target name_ar","المركبات > سيارات > ماكلارين",ماكلارين,McLaren,subcategory,22110,McLaren
1008,skipped_same,"Already has target name_ar","المركبات > سيارات > مرسيدس-بنز",مرسيدس-بنز,Mercedes-Benz,subcategory,22186,Mercedes-Benz
1009,skipped_same,"Already has target name_ar","المركبات > سيارات > مورغان",مورغان,Morgan,subcategory,22776,Morgan
1010,skipped_same,"Already has target name_ar","المركبات > سيارات > ميتسوبيشي",ميتسوبيشي,Mitsubishi,subcategory,22730,Mitsubishi
1011,skipped_same,"Already has target name_ar","المركبات > سيارات > ميني",ميني,MINI,subcategory,22722,MINI
1012,skipped_same,"Already has target name_ar","المركبات > سيارات > نيسان",نيسان,Nissan,subcategory,22779,Nissan
1013,skipped_same,"Already has target name_ar","المركبات > سيارات > نيغمر",نيغمر,Niğmer,subcategory,22778,Niğmer
1014,skipped_same,"Already has target name_ar","المركبات > سيارات > نيف",نيف,Nieve,subcategory,22777,Nieve
1015,skipped_same,"Already has target name_ar","المركبات > سيارات > هوندا",هوندا,Honda,subcategory,21638,Honda
1016,skipped_same,"Already has target name_ar","المركبات > سيارات > هيونداي",هيونداي,Hyundai,subcategory,21769,Hyundai
1017,skipped_same,"Already has target name_ar","المركبات > سيارات > يوكي",يوكي,Yuki,subcategory,23494,Yuki
1018,not_found,"Subcategory not found at segment: مركبة المهام المساعدة","المركبات > مركبة المهام المساعدة > أوديس",أوديس,ODES,,,
1019,not_found,"Subcategory not found at segment: مركبة المهام المساعدة","المركبات > مركبة المهام المساعدة > إكس آند واي","إكس آند واي",X&Y,,,
1020,not_found,"Subcategory not found at segment: مركبة المهام المساعدة","المركبات > مركبة المهام المساعدة > باجي",باجي,Buggy,,,
1021,not_found,"Subcategory not found at segment: مركبة المهام المساعدة","المركبات > مركبة المهام المساعدة > بولاريس",بولاريس,Polaris,,,
1022,not_found,"Subcategory not found at segment: مركبة المهام المساعدة","المركبات > مركبة المهام المساعدة > جون دير","جون دير","John Deere",,,
1023,not_found,"Subcategory not found at segment: مركبة المهام المساعدة","المركبات > مركبة المهام المساعدة > سي إف موتو","سي إف موتو","CF Moto",,,
1024,not_found,"Subcategory not found at segment: مركبة المهام المساعدة","المركبات > مركبة المهام المساعدة > سيجواي",سيجواي,Segway,,,
1025,not_found,"Subcategory not found at segment: مركبة المهام المساعدة","المركبات > مركبة المهام المساعدة > كان-آم",كان-آم,Can-Am,,,
1026,not_found,"Subcategory not found at segment: مركبة المهام المساعدة","المركبات > مركبة المهام المساعدة > كانوني",كانوني,Kanuni,,,
1027,not_found,"Subcategory not found at segment: مركبة المهام المساعدة","المركبات > مركبة المهام المساعدة > كاواساكي",كاواساكي,Kawasaki,,,
1028,not_found,"Subcategory not found at segment: مركبة المهام المساعدة","المركبات > مركبة المهام المساعدة > كوبا",كوبا,Kuba,,,
1029,not_found,"Subcategory not found at segment: مركبة المهام المساعدة","المركبات > مركبة المهام المساعدة > موتولوكس",موتولوكس,Motolux,,,
1030,not_found,"Subcategory not found at segment: مركبة المهام المساعدة","المركبات > مركبة المهام المساعدة > مونديال",مونديال,Mondial,,,
1031,not_found,"Subcategory not found at segment: مركبة المهام المساعدة","المركبات > مركبة المهام المساعدة > يوكي",يوكي,Yuki,,,
1032,skipped_same,"Already has target name_ar","سلع مستعملة وجديدة > أخرى > آلات البيع","آلات البيع","ماكينة بيع ذاتي",subcategory,26275,"ماكينة بيع ذاتي"
1033,skipped_same,"Already has target name_ar","سلع مستعملة وجديدة > أخرى > أشياء غير عادية","أشياء غير عادية","أشياء نادرة أو غريبة",subcategory,26276,"أشياء نادرة أو غريبة"
1034,skipped_same,"Already has target name_ar","سلع مستعملة وجديدة > أخرى > اكسسوارات التبغ","اكسسوارات التبغ","إكسسوارات التدخين",subcategory,26279,"إكسسوارات التدخين"
1035,skipped_same,"Already has target name_ar","سلع مستعملة وجديدة > أخرى > العطلات والمناسبات الخاصة","العطلات والمناسبات الخاصة","أغراض مناسبات وأعياد",subcategory,26269,"أغراض مناسبات وأعياد"
1036,skipped_same,"Already has target name_ar","سلع مستعملة وجديدة > أخرى > المنتجات الترويجية","المنتجات الترويجية","منتجات دعائية",subcategory,26277,"منتجات دعائية"
1037,skipped_same,"Already has target name_ar","سلع مستعملة وجديدة > أخرى > براندس فور سالي","براندس فور سالي","علامات تجارية للبيع",subcategory,26270,"علامات تجارية للبيع"
1038,skipped_same,"Already has target name_ar","سلع مستعملة وجديدة > أخرى > تاتتوس & بودي ارت","تاتتوس & بودي ارت","وشوم وفنون الجسد",subcategory,26274,"وشوم وفنون الجسد"
1039,skipped_same,"Already has target name_ar","سلع مستعملة وجديدة > أخرى > تذاكر الحفلات والمناسبات","تذاكر الحفلات والمناسبات","تذكرة دخول حفلة",subcategory,26272,"تذكرة دخول حفلة"
1040,skipped_same,"Already has target name_ar","سلع مستعملة وجديدة > أخرى > مبيدات الحشرات والقوارض","مبيدات الحشرات والقوارض","مبيد حشرات وفئران",subcategory,26273,"مبيد حشرات وفئران"
1041,skipped_same,"Already has target name_ar","سلع مستعملة وجديدة > أغذية وأعلاف > أطعمة معلبة","أطعمة معلبة","طعام معلب",subcategory,26289,"طعام معلب"
1042,skipped_same,"Already has target name_ar","سلع مستعملة وجديدة > أغذية وأعلاف > جراينس",جراينس,حبوب,subcategory,26295,حبوب
1043,skipped_same,"Already has target name_ar","سلع مستعملة وجديدة > أغذية وأعلاف > حلويات وعلكة","حلويات وعلكة","حلوى وعلكة",subcategory,26290,"حلوى وعلكة"
1044,skipped_same,"Already has target name_ar","سلع مستعملة وجديدة > أغذية وأعلاف > درييد نوتس","درييد نوتس","مكسرات وفواكه مجففة",subcategory,26294,"مكسرات وفواكه مجففة"
1045,skipped_same,"Already has target name_ar","سلع مستعملة وجديدة > أغذية وأعلاف > سلال الفاكهة والجملة","سلال الفاكهة والجملة","سلال فواكه",subcategory,26297,"سلال فواكه"
1046,skipped_same,"Already has target name_ar","سلع مستعملة وجديدة > أغذية وأعلاف > فواكه وخضروات","فواكه وخضروات","فاكهة وخضار",subcategory,26292,"فاكهة وخضار"
1047,skipped_same,"Already has target name_ar","سلع مستعملة وجديدة > أغذية وأعلاف > لحوم وأسماك","لحوم وأسماك","لحوم وسمك",subcategory,26293,"لحوم وسمك"
1048,skipped_same,"Already has target name_ar","سلع مستعملة وجديدة > أغذية وأعلاف > مأكولات شهية","مأكولات شهية","مقبلات ومأكولات جاهزة",subcategory,26291,"مقبلات ومأكولات جاهزة"
1049,skipped_same,"Already has target name_ar","سلع مستعملة وجديدة > أغذية وأعلاف > مشروبات",مشروبات,مشروب,subcategory,26288,مشروب
1050,not_found,"Category not found: سلع مستعملة وجديدة","سلع مستعملة وجديدة > أنتيكات > أدوات",أدوات,"أدوات قديمة",,,
1051,not_found,"Category not found: سلع مستعملة وجديدة","سلع مستعملة وجديدة > أنتيكات > إضاءة",إضاءة,"إنارة قديمة",,,
1052,not_found,"Category not found: سلع مستعملة وجديدة","سلع مستعملة وجديدة > أنتيكات > إكسسوارات",إكسسوارات,"إكسسوارات قديمة",,,
1053,not_found,"Category not found: سلع مستعملة وجديدة","سلع مستعملة وجديدة > أنتيكات > المنزل والحديقة","المنزل والحديقة","منزل وحديقة",,,
1054,not_found,"Category not found: سلع مستعملة وجديدة","سلع مستعملة وجديدة > أنتيكات > قطع",قطع,"قطع قديمة",,,
1055,not_found,"Category not found: سلع مستعملة وجديدة","سلع مستعملة وجديدة > أنتيكات > ماكينات",ماكينات,"ماكينات قديمة",,,
1056,not_found,"Category not found: سلع مستعملة وجديدة","سلع مستعملة وجديدة > أنتيكات > منتجات ديكور","منتجات ديكور","تحف وديكور قديم",,,
1057,not_found,"Category not found: سلع مستعملة وجديدة","سلع مستعملة وجديدة > أنتيكات > منسوجات",منسوجات,"سجاد ومفروشات قديمة",,,
1058,not_found,"Category not found: سلع مستعملة وجديدة","سلع مستعملة وجديدة > إلكترونيات تقنية > أجهزة فحص واختبار","أجهزة فحص واختبار","جهاز فحص واختبار",,,
1059,not_found,"Category not found: سلع مستعملة وجديدة","سلع مستعملة وجديدة > إلكترونيات تقنية > أجهزة كشف المعادن","أجهزة كشف المعادن","جهاز كشف معادن",,,
1060,not_found,"Category not found: سلع مستعملة وجديدة","سلع مستعملة وجديدة > إلكترونيات تقنية > أجهزة لاسلكي","أجهزة لاسلكي","جهاز لاسلكي",,,
1061,not_found,"Category not found: سلع مستعملة وجديدة","سلع مستعملة وجديدة > إلكترونيات تقنية > إمدادات الطاقة والمحولات","إمدادات الطاقة والمحولات","مزود طاقة ومحول",,,
1062,not_found,"Category not found: سلع مستعملة وجديدة","سلع مستعملة وجديدة > إلكترونيات تقنية > بطاريات",بطاريات,بطارية,,,
1063,not_found,"Category not found: سلع مستعملة وجديدة","سلع مستعملة وجديدة > إلكترونيات تقنية > دوائر وتجميع إلكتروني","دوائر وتجميع إلكتروني","قطع وتجميع إلكتروني",,,
1064,not_found,"Category not found: سلع مستعملة وجديدة","سلع مستعملة وجديدة > إلكترونيات تقنية > سكاليس",سكاليس,ميزان,,,
1065,not_found,"Category not found: سلع مستعملة وجديدة","سلع مستعملة وجديدة > إلكترونيات تقنية > قطع",قطع,"قطع إلكترونية",,,
1066,not_found,"Category not found: سلع مستعملة وجديدة","سلع مستعملة وجديدة > إلكترونيات تقنية > مؤشرات الليزر والمصابيح الكاشفة","مؤشرات الليزر والمصابيح الكاشفة","مؤشر ليزر وكشاف",,,
1067,skipped_same,"Already has target name_ar","سلع مستعملة وجديدة > إلكترونيات منزلية > أجهزة صوت محمولة","أجهزة صوت محمولة","جهاز صوت محمول",subcategory,27099,"جهاز صوت محمول"
1068,skipped_same,"Already has target name_ar","سلع مستعملة وجديدة > إلكترونيات منزلية > أجهزة ومعدات الأقمار الصناعية","أجهزة ومعدات الأقمار الصناعية","ستلايت ومستلزماته",subcategory,27100,"ستلايت ومستلزماته"
1069,skipped_same,"Already has target name_ar","سلع مستعملة وجديدة > إلكترونيات منزلية > أنظمة أمان","أنظمة أمان","كاميرات وأنظمة أمان",subcategory,27101,"كاميرات وأنظمة أمان"
1070,skipped_same,"Already has target name_ar","سلع مستعملة وجديدة > إلكترونيات منزلية > أنظمة المنزل الذكي","أنظمة المنزل الذكي","أجهزة منزل ذكي",subcategory,27102,"أجهزة منزل ذكي"
1071,skipped_same,"Already has target name_ar","سلع مستعملة وجديدة > إلكترونيات منزلية > أنظمة عرض وصورة","أنظمة عرض وصورة","أجهزة عرض وصورة",subcategory,27098,"أجهزة عرض وصورة"
1072,skipped_same,"Already has target name_ar","سلع مستعملة وجديدة > إلكترونيات منزلية > الصوتيات المنزلية","الصوتيات المنزلية","سماعات ونظام صوت منزلي",subcategory,27097,"سماعات ونظام صوت منزلي"
1073,skipped_same,"Already has target name_ar","سلع مستعملة وجديدة > إلكترونيات منزلية > تلفزيونات",تلفزيونات,تلفزيون,subcategory,27104,تلفزيون
1074,skipped_same,"Already has target name_ar","سلع مستعملة وجديدة > إلكترونيات منزلية > هواتف",هواتف,هاتف,subcategory,27103,هاتف
1075,skipped_same,"Already has target name_ar","سلع مستعملة وجديدة > الأم والطفل > أثاث",أثاث,"أثاث أطفال",subcategory,27981,"أثاث أطفال"
1076,skipped_same,"Already has target name_ar","سلع مستعملة وجديدة > الأم والطفل > ألعاب",ألعاب,"ألعاب أطفال",subcategory,27988,"ألعاب أطفال"
1077,skipped_same,"Already has target name_ar","سلع مستعملة وجديدة > الأم والطفل > أمان",أمان,"حماية الطفل",subcategory,27986,"حماية الطفل"
1078,skipped_same,"Already has target name_ar","سلع مستعملة وجديدة > الأم والطفل > التغذية والإطعام","التغذية والإطعام","أكل وإطعام الطفل",subcategory,27980,"أكل وإطعام الطفل"
1079,skipped_same,"Already has target name_ar","سلع مستعملة وجديدة > الأم والطفل > الصحة والعناية","الصحة والعناية","صحة وعناية الطفل",subcategory,27982,"صحة وعناية الطفل"
1080,skipped_same,"Already has target name_ar","سلع مستعملة وجديدة > الأم والطفل > حمام",حمام,"حمام الطفل",subcategory,27979,"حمام الطفل"
1081,skipped_same,"Already has target name_ar","سلع مستعملة وجديدة > الأم والطفل > ديكور الغرف","ديكور الغرف","ديكور غرفة الطفل",subcategory,27985,"ديكور غرفة الطفل"
1082,skipped_same,"Already has target name_ar","سلع مستعملة وجديدة > الأم والطفل > مستلزمات رضاعة","مستلزمات رضاعة","رضّاعة وأغراض رضاعة",subcategory,27984,"رضّاعة وأغراض رضاعة"
1083,skipped_same,"Already has target name_ar","سلع مستعملة وجديدة > الأم والطفل > ملابس المواليد","ملابس المواليد","ملابس مواليد",,,
1084,skipped_same,"Already has target name_ar","سلع مستعملة وجديدة > الأم والطفل > منسوجات منزلية","منسوجات منزلية","بياضات ومفارش أطفال",subcategory,27983,"بياضات ومفارش أطفال"
1085,skipped_same,"Already has target name_ar","سلع مستعملة وجديدة > الأم والطفل > مواصلات",مواصلات,"عرباية وكرسي سيارة للأطفال",subcategory,27987,"عرباية وكرسي سيارة للأطفال"
1086,skipped_same,"Already has target name_ar","سلع مستعملة وجديدة > الأم والطفل > هدايا ومقتنيات المواليد","هدايا ومقتنيات المواليد","هدايا مواليد",subcategory,27977,"هدايا مواليد"
1087,skipped_same,"Already has target name_ar","سلع مستعملة وجديدة > تصوير وكاميرات > إكسسوارات العدسات","إكسسوارات العدسات","إكسسوارات عدسات",,,
1088,skipped_same,"Already has target name_ar","سلع مستعملة وجديدة > تصوير وكاميرات > تلسكوبات",تلسكوبات,تلسكوب,subcategory,28623,تلسكوب
1089,skipped_same,"Already has target name_ar","سلع مستعملة وجديدة > تصوير وكاميرات > عدسات وفلاتر","عدسات وفلاتر",عدسة,subcategory,28619,عدسة
1090,skipped_same,"Already has target name_ar","سلع مستعملة وجديدة > تصوير وكاميرات > كاميرات تصوير رقمية","كاميرات تصوير رقمية","كاميرا رقمية",subcategory,28618,"كاميرا رقمية"
1091,skipped_same,"Already has target name_ar","سلع مستعملة وجديدة > تصوير وكاميرات > كاميرات فيديو","كاميرات فيديو","كاميرا فيديو",subcategory,28624,"كاميرا فيديو"
1092,skipped_same,"Already has target name_ar","سلع مستعملة وجديدة > تصوير وكاميرات > كاميرات فيلم تناظرية","كاميرات فيلم تناظرية","كاميرا فيلم",subcategory,28617,"كاميرا فيلم"
1093,skipped_same,"Already has target name_ar","سلع مستعملة وجديدة > تصوير وكاميرات > كاميرات للإيجار","كاميرات للإيجار","كاميرا للإيجار",subcategory,28627,"كاميرا للإيجار"
1094,skipped_same,"Already has target name_ar","سلع مستعملة وجديدة > تصوير وكاميرات > مناظير",مناظير,منظار,subcategory,28625,منظار
1095,skipped_same,"Already has target name_ar","سلع مستعملة وجديدة > ديكور المنزل > أدوات مطبخ","أدوات مطبخ","أغراض مطبخ",subcategory,26955,"أغراض مطبخ"
1096,skipped_same,"Already has target name_ar","سلع مستعملة وجديدة > ديكور المنزل > فنون وأشغال يدوية","فنون وأشغال يدوية","لوحات وأشغال يدوية",subcategory,26950,"لوحات وأشغال يدوية"
1097,skipped_same,"Already has target name_ar","سلع مستعملة وجديدة > ديكور المنزل > منتجات تنظيف","منتجات تنظيف","مواد وأدوات تنظيف",subcategory,26951,"مواد وأدوات تنظيف"
1098,skipped_same,"Already has target name_ar","سلع مستعملة وجديدة > ديكور المنزل > منتجات ديكور","منتجات ديكور","ديكورات منزلية",subcategory,26952,"ديكورات منزلية"
1099,skipped_same,"Already has target name_ar","سلع مستعملة وجديدة > ديكور المنزل > منسوجات منزلية","منسوجات منزلية","بياضات ومفارش",subcategory,26954,"بياضات ومفارش"
1100,skipped_same,"Already has target name_ar","سلع مستعملة وجديدة > ساعات ومنبهات > ساعات",ساعات,ساعة,subcategory,29481,ساعة
1101,skipped_same,"Already has target name_ar","سلع مستعملة وجديدة > ساعات ومنبهات > ساعات الحائط","ساعات الحائط","ساعة حائط",subcategory,29485,"ساعة حائط"
1102,skipped_same,"Already has target name_ar","سلع مستعملة وجديدة > ساعات ومنبهات > ساعات الطاولة","ساعات الطاولة","ساعة طاولة",subcategory,29484,"ساعة طاولة"
1103,skipped_same,"Already has target name_ar","سلع مستعملة وجديدة > ساعات ومنبهات > قطع وإكسسوارات","قطع وإكسسوارات","قطع وإكسسوارات ساعات",subcategory,29487,"قطع وإكسسوارات ساعات"
1104,skipped_same,"Already has target name_ar","سلع مستعملة وجديدة > كمبيوتر > خوادم ومكونات","خوادم ومكونات","سيرفرات وقطعها",subcategory,25806,"سيرفرات وقطعها"
1105,skipped_same,"Already has target name_ar","سلع مستعملة وجديدة > كمبيوتر > لابتوبات ونوت بوك","لابتوبات ونوت بوك",لابتوب,subcategory,25803,لابتوب
1106,skipped_same,"Already has target name_ar","سلع مستعملة وجديدة > كمبيوتر > نطاقات واستضافة وبرمجيات","نطاقات واستضافة وبرمجيات","نطاقات واستضافة",subcategory,25802,"نطاقات واستضافة"
1107,not_found,"Category not found: سلع مستعملة وجديدة","سلع مستعملة وجديدة > مستلزمات الحدائق والبناء > أدوات يدوية","أدوات يدوية","عدة وأدوات يدوية",,,
1108,not_found,"Category not found: سلع مستعملة وجديدة","سلع مستعملة وجديدة > مستلزمات الحدائق والبناء > حديقة",حديقة,"أغراض حديقة",,,
1109,not_found,"Category not found: سلع مستعملة وجديدة","سلع مستعملة وجديدة > مستلزمات الحدائق والبناء > ملابس ومستلزمات السلامة المهنية","ملابس ومستلزمات السلامة المهنية","لباس ومعدات سلامة",,,
1110,not_found,"Category not found: سلع مستعملة وجديدة","سلع مستعملة وجديدة > مستلزمات اللاعبين > أجهزة ألعاب ووحدات تحكم","أجهزة ألعاب ووحدات تحكم","أجهزة ألعاب",,,
1111,not_found,"Category not found: سلع مستعملة وجديدة","سلع مستعملة وجديدة > مستلزمات اللاعبين > ألعاب",ألعاب,"ألعاب فيديو",,,
1112,not_found,"Category not found: سلع مستعملة وجديدة","سلع مستعملة وجديدة > مستلزمات اللاعبين > معدات ألعاب","معدات ألعاب","إكسسوارات ألعاب",,,
1113,skipped_same,"Already has target name_ar","سلع مستعملة وجديدة > مستلزمات المكتب والقرطاسية > آلات مكتبية","آلات مكتبية","معدات مكتبية",subcategory,28375,"معدات مكتبية"
1114,skipped_same,"Already has target name_ar","سلع مستعملة وجديدة > ملابس وإكسسوارات > أزياء تنكرية","أزياء تنكرية","زي تنكري",subcategory,25518,"زي تنكري"
1115,skipped_same,"Already has target name_ar","سلع مستعملة وجديدة > ملابس وإكسسوارات > حقائب وأمتعة","حقائب وأمتعة","حقيبة سفر",subcategory,25521,"حقيبة سفر"
1116,skipped_same,"Already has target name_ar","سلع مستعملة وجديدة > ملابس وإكسسوارات > رجالي",رجالي,"ملابس رجالي",subcategory,25520,"ملابس رجالي"
1117,skipped_same,"Already has target name_ar","سلع مستعملة وجديدة > ملابس وإكسسوارات > للجنسين",للجنسين,"ملابس للجنسين",subcategory,25522,"ملابس للجنسين"
1118,skipped_same,"Already has target name_ar","سلع مستعملة وجديدة > ملابس وإكسسوارات > ملابس زفاف","ملابس زفاف","فستان عرس وملابس زفاف",subcategory,25523,"فستان عرس وملابس زفاف"
1119,skipped_same,"Already has target name_ar","سلع مستعملة وجديدة > ملابس وإكسسوارات > نسائي",نسائي,"ملابس نسائي",subcategory,25524,"ملابس نسائي"
1120,skipped_same,"Already has target name_ar","سلع مستعملة وجديدة > هواتف وإكسسوارات > الهواتف المحمولة المجددة","الهواتف المحمولة المجددة","موبايلات مجددة",subcategory,27726,"موبايلات مجددة"
1121,skipped_same,"Already has target name_ar","سلع مستعملة وجديدة > هواتف وإكسسوارات > تقنيات قابلة للارتداء","تقنيات قابلة للارتداء","أجهزة قابلة للارتداء",subcategory,27725,"أجهزة قابلة للارتداء"
1122,skipped_same,"Already has target name_ar","سلع مستعملة وجديدة > هواتف وإكسسوارات > رقم",رقم,"أرقام وخطوط هاتف",subcategory,27723,"أرقام وخطوط هاتف"
1123,skipped_same,"Already has target name_ar","سلع مستعملة وجديدة > هواتف وإكسسوارات > قطع",قطع,"قطع غيار هواتف",subcategory,27724,"قطع غيار هواتف"
1124,skipped_same,"Already has target name_ar","سلع مستعملة وجديدة > هوايات وألعاب > ألعاب",ألعاب,لعبة,subcategory,26767,لعبة
1125,skipped_same,"Already has target name_ar","سلع مستعملة وجديدة > هوايات وألعاب > ألعاب طاولة","ألعاب طاولة","لعبة طاولة",subcategory,26766,"لعبة طاولة"
1126,skipped_same,"Already has target name_ar","سلع مستعملة وجديدة > هوايات وألعاب > ألعاب وترفيه تجاري","ألعاب وترفيه تجاري","ألعاب صالات وترفيه",subcategory,26762,"ألعاب صالات وترفيه"
1127,skipped_same,"Already has target name_ar","سلع مستعملة وجديدة > هوايات وألعاب > مركبات تحكم لاسلكي","مركبات تحكم لاسلكي","سيارة تحكم لاسلكي",subcategory,26765,"سيارة تحكم لاسلكي"
1128,skipped_same,"Already has target name_ar","سلع مستعملة وجديدة > هوايات وألعاب > منتجات البازل","منتجات البازل",بازل,subcategory,26764,بازل
1129,skipped_same,"Already has target name_ar","الآلات والمعدات > الآلات الزراعية","الآلات الزراعية","معدات وآلات زراعية",subcategory,19188,"معدات وآلات زراعية"
1130,skipped_same,"Already has target name_ar","الآلات والمعدات > الصناعة",الصناعة,"معدات صناعية",subcategory,19189,"معدات صناعية"
1131,skipped_same,"Already has target name_ar","الآلات والمعدات > الكهرباء والطاقة","الكهرباء والطاقة","معدات كهرباء وطاقة",subcategory,19190,"معدات كهرباء وطاقة"
1132,skipped_same,"Already has target name_ar","الآلات والمعدات > معدات الإنشاءات","معدات الإنشاءات","معدات بناء وإنشاءات",subcategory,19187,"معدات بناء وإنشاءات"
1133,skipped_same,"Already has target name_ar","الحيوانات الأليفة والمواشي > الأعلاف والطعام","الأعلاف والطعام","أعلاف وطعام",,,
1134,skipped_same,"Already has target name_ar","الحيوانات الأليفة والمواشي > الإكسسوارات والمعدات","الإكسسوارات والمعدات","مستلزمات وإكسسوارات",subcategory,29940,"مستلزمات وإكسسوارات"
1135,skipped_same,"Already has target name_ar","الحيوانات الأليفة والمواشي > الحيوانات الكبيرة","الحيوانات الكبيرة","مواشي وحيوانات كبيرة",subcategory,29942,"مواشي وحيوانات كبيرة"
1136,not_found,"Category not found: العقارات","العقارات > سكن",سكن,سكني,,,
1137,not_found,"Category not found: العقارات","العقارات > عقار تجاري","عقار تجاري",تجاري,,,
1138,skipped_same,"Already has target name_ar","المركبات > رباعية الدفع","رباعية الدفع","دراجة رباعية الدفع",subcategory,42601,"دراجة رباعية الدفع"
1139,skipped_same,"Already has target name_ar","المركبات > سيارات الدفع الرباعي والبيك آب","سيارات الدفع الرباعي والبيك آب","سيارات دفع رباعي وبيك آب",,,
1140,skipped_same,"Already has target name_ar","المركبات > مركبة المهام المساعدة","مركبة المهام المساعدة","مركبات خدمات",subcategory,42419,"مركبات خدمات"
1141,skipped_same,"Already has target name_ar","الوظائف > الإدارة والمكاتب","الإدارة والمكاتب","إدارة ومكاتب",,,
1142,skipped_same,"Already has target name_ar","الوظائف > الإعلام والراديو والتلفزيون","الإعلام والراديو والتلفزيون","إعلام وتلفزيون",subcategory,17454,"إعلام وتلفزيون"
1143,skipped_same,"Already has target name_ar","الوظائف > البناء والإنشاءات","البناء والإنشاءات","بناء ومقاولات",subcategory,17439,"بناء ومقاولات"
1144,skipped_same,"Already has target name_ar","الوظائف > البيع بالتجزئة والتجارة","البيع بالتجزئة والتجارة","تجارة وبيع بالتجزئة",subcategory,17451,"تجارة وبيع بالتجزئة"
1145,skipped_same,"Already has target name_ar","الوظائف > الترفيه والفعاليات","الترفيه والفعاليات","فعاليات وترفيه",subcategory,17455,"فعاليات وترفيه"
1146,skipped_same,"Already has target name_ar","الوظائف > التسويق وإدارة المنتج","التسويق وإدارة المنتج","تسويق وإدارة منتجات",subcategory,17435,"تسويق وإدارة منتجات"
1147,skipped_same,"Already has target name_ar","الوظائف > التوصيل والطرود","التوصيل والطرود","توصيل وطرود",,,
1148,skipped_same,"Already has target name_ar","الوظائف > الضيافة والفنادق","الضيافة والفنادق","فنادق وضيافة",subcategory,17444,"فنادق وضيافة"
1149,skipped_same,"Already has target name_ar","الوظائف > اللوجستيات والنقل","اللوجستيات والنقل","لوجستيات ونقل",,,
1150,skipped_same,"Already has target name_ar","الوظائف > المحاسبة والمالية والبنوك","المحاسبة والمالية والبنوك","محاسبة وبنوك",subcategory,17430,"محاسبة وبنوك"
1151,skipped_same,"Already has target name_ar","الوظائف > تقنية المعلومات وتطوير البرمجيات","تقنية المعلومات وتطوير البرمجيات","تقنية معلومات وبرمجة",subcategory,17436,"تقنية معلومات وبرمجة"
1152,skipped_same,"Already has target name_ar","الوظائف > وظائف جزئية وأعمال إضافية","وظائف جزئية وأعمال إضافية","دوام جزئي وأعمال إضافية",subcategory,17457,"دوام جزئي وأعمال إضافية"
1153,skipped_same,"Already has target name_ar","دروس خصوصية > تحضير الاختبارات","تحضير الاختبارات","تحضير امتحانات",subcategory,17797,"تحضير امتحانات"
1154,skipped_same,"Already has target name_ar","دروس خصوصية > تدريب رياضي ولياقة","تدريب رياضي ولياقة","رياضة ولياقة",subcategory,17807,"رياضة ولياقة"
1155,skipped_same,"Already has target name_ar","دروس خصوصية > تنمية الطفل والتعلم المبكر","تنمية الطفل والتعلم المبكر","تنمية الطفل والتعليم المبكر",subcategory,17815,"تنمية الطفل والتعليم المبكر"
1156,skipped_same,"Already has target name_ar","دروس خصوصية > فنون ومهارات إبداعية","فنون ومهارات إبداعية","فنون وإبداع",subcategory,17805,"فنون وإبداع"
1157,skipped_same,"Already has target name_ar","دروس خصوصية > مهارات الكمبيوتر والتقنية","مهارات الكمبيوتر والتقنية","كمبيوتر وتقنية",subcategory,17796,"كمبيوتر وتقنية"
1158,skipped_same,"Already has target name_ar","سلع مستعملة وجديدة > أنتيكات",أنتيكات,"تحف وأنتيكات",subcategory,25158,"تحف وأنتيكات"
1159,skipped_same,"Already has target name_ar","سلع مستعملة وجديدة > إلكترونيات تقنية","إلكترونيات تقنية","أجهزة تقنية",subcategory,25179,"أجهزة تقنية"
1160,not_found,"Category not found: سلع مستعملة وجديدة","سلع مستعملة وجديدة > ساوسيبانس",ساوسيبانس,طنجرة,,,
1161,not_found,"Category not found: سلع مستعملة وجديدة","سلع مستعملة وجديدة > سيوينج & يمبرويديري","سيوينج & يمبرويديري","خياطة وتطريز",,,
1162,skipped_same,"Already has target name_ar","سلع مستعملة وجديدة > مستلزمات الحدائق والبناء","مستلزمات الحدائق والبناء","أغراض حديقة وبناء",subcategory,25167,"أغراض حديقة وبناء"
1163,skipped_same,"Already has target name_ar","سلع مستعملة وجديدة > مستلزمات اللاعبين","مستلزمات اللاعبين","مستلزمات الألعاب",subcategory,25166,"مستلزمات الألعاب"
1164,skipped_same,"Already has target name_ar","قطع غيار السيارات > معدات الدراجات النارية","معدات الدراجات النارية","إكسسوارات دراجات نارية",subcategory,44171,"إكسسوارات دراجات نارية"
1165,skipped_same,"Already has target name_ar","قطع غيار السيارات > معدات السيارات","معدات السيارات","قطع وإكسسوارات السيارات",subcategory,44172,"قطع وإكسسوارات السيارات"
1166,skipped_same,"Already has target name_ar","قطع غيار السيارات > معدات المركبات البحرية","معدات المركبات البحرية","إكسسوارات المركبات البحرية",subcategory,44173,"إكسسوارات المركبات البحرية"
1167,not_found,"Category not found: خدمات المساعدة المنزلية","خدمات المساعدة المنزلية","خدمات المساعدة المنزلية","خدمات منزلية",,,
1168,not_found,"Category not found: سلع مستعملة وجديدة","سلع مستعملة وجديدة","سلع مستعملة وجديدة","سلع جديدة ومستعملة",,,
