line,status,message,path,current,new,entity_type,entity_id,old_name_ar
2,updated,"Updated subcategory","المركبات > المركبات التجارية > شاحنات وشاحنات خفيفة > Hyundai > h > 100",100,H-100,subcategory,39045,100
3,updated,"Updated subcategory","المركبات > المركبات التجارية > شاحنات وشاحنات خفيفة > Hyundai > h > 350",350,H350,subcategory,39046,350
4,skipped_same,"Already has target name_ar","المركبات > المركبات التجارية > شاحنات وشاحنات خفيفة > Hyundai > h > porter ii","porter ii","Porter II",,,
5,updated,"Updated subcategory","المركبات > المركبات التجارية > الشاحنات والشاحنات الخفيفة > Ford > e- transit","e- transit",E-Transit,subcategory,39023,"e- transit"
6,updated,"Updated subcategory","المركبات > المركبات التجارية > الشاحنات والشاحنات الخفيفة > Ford > p 100","p 100",P100,subcategory,39025,"p 100"
7,skipped_same,"Already has target name_ar","المركبات > المركبات التجارية > الشاحنات والشاحنات الخفيفة > Ford > ranger",ranger,Ranger,,,
8,skipped_same,"Already has target name_ar","المركبات > المركبات التجارية > الشاحنات والشاحنات الخفيفة > Ford > transit",transit,Transit,,,
9,not_found,"Subcategory not found at segment: سلسلة F","المركبات > المركبات التجارية > الشاحنات والشاحنات الخفيفة > Ford > سلسلة F","سلسلة F",F-Series,,,
10,not_found,"Subcategory not found at segment: شاحنات","المركبات > المركبات التجارية > الشاحنات والشاحنات الخفيفة > Ford > شاحنات",شاحنات,"Other Ford Trucks",,,
11,name_mismatch,"DB name_ar does not match current name (id 39445)","المركبات > المركبات التجارية > الشاحنات والشاحنات الخفيفة > Renault > d",d,"D Series",,,
12,name_mismatch,"DB name_ar does not match current name (id 39446)","المركبات > المركبات التجارية > الشاحنات والشاحنات الخفيفة > Renault > k",k,"K Series",,,
13,skipped_same,"Already has target name_ar","المركبات > المركبات التجارية > الشاحنات والشاحنات الخفيفة > Renault > kerax",kerax,Kerax,,,
14,skipped_same,"Already has target name_ar","المركبات > المركبات التجارية > الشاحنات والشاحنات الخفيفة > Renault > mascott",mascott,Mascott,,,
15,skipped_same,"Already has target name_ar","المركبات > المركبات التجارية > الشاحنات والشاحنات الخفيفة > Renault > master",master,Master,,,
16,skipped_same,"Already has target name_ar","المركبات > المركبات التجارية > الشاحنات والشاحنات الخفيفة > Renault > midlum",midlum,Midlum,,,
17,skipped_same,"Already has target name_ar","المركبات > المركبات التجارية > الشاحنات والشاحنات الخفيفة > Renault > premium",premium,Premium,,,
18,updated,"Updated subcategory (fallback by name in category)","المركبات > سيارات > Kia > Ceed > 1.5 هايبرد","1.5 هايبرد","1.5 Hybrid",subcategory,21671,"1.5 هايبرد"
19,not_found,"Subcategory not found at segment: 1.6 هايبرد","المركبات > سيارات > Kia > Ceed > 1.6 هايبرد","1.6 هايبرد","1.6 Hybrid",,,
20,not_found,"Subcategory not found at segment: 1.0 MPI فيل","المركبات > سيارات > Kia > Picanto > 1.0 MPI فيل","1.0 MPI فيل","1.0 MPI Feel",,,
21,not_found,"Subcategory not found at segment: 1.0 MPI كول","المركبات > سيارات > Kia > Picanto > 1.0 MPI كول","1.0 MPI كول","1.0 MPI Cool",,,
22,not_found,"Subcategory not found at segment: 1.0 MPI لايف","المركبات > سيارات > Kia > Picanto > 1.0 MPI لايف","1.0 MPI لايف","1.0 MPI Live",,,
23,name_mismatch,"DB name_ar does not match current name (id 22051)","المركبات > سيارات > Kia > Rio > 1.2",1.2,"1.2 MPI",,,
24,not_found,"Subcategory not found at segment: بي إم دبليو","المركبات > سيارات > بي إم دبليو > الفئة 5 > 520d جران توريزمو","520d جران توريزمو","520d Gran Turismo",,,
25,not_found,"Subcategory not found at segment: بي إم دبليو","المركبات > سيارات > بي إم دبليو > الفئة 5 > 530xd جران توريزمو","530xd جران توريزمو","530xd Gran Turismo",,,
26,not_found,"Category not found: سلع مستعملة وجديدة","سلع مستعملة وجديدة > كمبيوتر > أجهزة لوحية > موديلات > 1 زائد","1 زائد",OnePlus,,,
27,not_found,"Category not found: سلع مستعملة وجديدة","سلع مستعملة وجديدة > كمبيوتر > أجهزة لوحية > موديلات > آبل",آبل,Apple,,,
28,not_found,"Category not found: سلع مستعملة وجديدة","سلع مستعملة وجديدة > كمبيوتر > أجهزة لوحية > موديلات > آسوس أسترا","آسوس أسترا",Asus,,,
29,not_found,"Category not found: سلع مستعملة وجديدة","سلع مستعملة وجديدة > كمبيوتر > أجهزة لوحية > موديلات > أمازون",أمازون,Amazon,,,
30,not_found,"Category not found: سلع مستعملة وجديدة","سلع مستعملة وجديدة > كمبيوتر > أجهزة لوحية > موديلات > أوري",أوري,Auri,,,
31,not_found,"Category not found: سلع مستعملة وجديدة","سلع مستعملة وجديدة > كمبيوتر > أجهزة لوحية > موديلات > أوليفون",أوليفون,Ulefone,,,
32,not_found,"Category not found: سلع مستعملة وجديدة","سلع مستعملة وجديدة > كمبيوتر > أجهزة لوحية > موديلات > أووكيتيل",أووكيتيل,Oukitel,,,
33,not_found,"Category not found: سلع مستعملة وجديدة","سلع مستعملة وجديدة > كمبيوتر > أجهزة لوحية > موديلات > أيسر",أيسر,Acer,,,
34,not_found,"Category not found: سلع مستعملة وجديدة","سلع مستعملة وجديدة > كمبيوتر > أجهزة لوحية > موديلات > أينول",أينول,Ainol,,,
35,not_found,"Category not found: سلع مستعملة وجديدة","سلع مستعملة وجديدة > كمبيوتر > أجهزة لوحية > موديلات > إزكول",إزكول,Ezcool,,,
36,not_found,"Category not found: سلع مستعملة وجديدة","سلع مستعملة وجديدة > كمبيوتر > أجهزة لوحية > موديلات > إكسبير",إكسبير,Exper,,,
37,not_found,"Category not found: سلع مستعملة وجديدة","سلع مستعملة وجديدة > كمبيوتر > أجهزة لوحية > موديلات > إل جي","إل جي",LG,,,
38,not_found,"Category not found: سلع مستعملة وجديدة","سلع مستعملة وجديدة > كمبيوتر > أجهزة لوحية > موديلات > الكاتيل فيستينج","الكاتيل فيستينج",Alcatel,,,
39,not_found,"Category not found: سلع مستعملة وجديدة","سلع مستعملة وجديدة > كمبيوتر > أجهزة لوحية > موديلات > اوندا",اوندا,Onda,,,
40,not_found,"Category not found: سلع مستعملة وجديدة","سلع مستعملة وجديدة > كمبيوتر > أجهزة لوحية > موديلات > اونيو",اونيو,Onyo,,,
41,not_found,"Category not found: سلع مستعملة وجديدة","سلع مستعملة وجديدة > كمبيوتر > أجهزة لوحية > موديلات > ايفرست",ايفرست,Everest,,,
42,not_found,"Category not found: سلع مستعملة وجديدة","سلع مستعملة وجديدة > كمبيوتر > أجهزة لوحية > موديلات > باناسونيك",باناسونيك,Panasonic,,,
43,not_found,"Category not found: سلع مستعملة وجديدة","سلع مستعملة وجديدة > كمبيوتر > أجهزة لوحية > موديلات > بلاك بيري","بلاك بيري",BlackBerry,,,
44,not_found,"Category not found: سلع مستعملة وجديدة","سلع مستعملة وجديدة > كمبيوتر > أجهزة لوحية > موديلات > بلاكفيو",بلاكفيو,Blackview,,,
45,not_found,"Category not found: سلع مستعملة وجديدة","سلع مستعملة وجديدة > كمبيوتر > أجهزة لوحية > موديلات > بولارويد",بولارويد,Polaroid,,,
46,not_found,"Category not found: سلع مستعملة وجديدة","سلع مستعملة وجديدة > كمبيوتر > أجهزة لوحية > موديلات > بوليباد",بوليباد,Polypad,,,
47,not_found,"Category not found: سلع مستعملة وجديدة","سلع مستعملة وجديدة > كمبيوتر > أجهزة لوحية > موديلات > بيبو",بيبو,Pipo,,,
48,not_found,"Category not found: سلع مستعملة وجديدة","سلع مستعملة وجديدة > كمبيوتر > أجهزة لوحية > موديلات > تشوي",تشوي,Chuwi,,,
49,not_found,"Category not found: سلع مستعملة وجديدة","سلع مستعملة وجديدة > كمبيوتر > أجهزة لوحية > موديلات > توركسيل",توركسيل,Turkcell,,,
50,not_found,"Category not found: سلع مستعملة وجديدة","سلع مستعملة وجديدة > كمبيوتر > أجهزة لوحية > موديلات > توشيبا",توشيبا,Toshiba,,,
51,not_found,"Category not found: سلع مستعملة وجديدة","سلع مستعملة وجديدة > كمبيوتر > أجهزة لوحية > موديلات > تي سي إل","تي سي إل",TCL,,,
52,not_found,"Category not found: سلع مستعملة وجديدة","سلع مستعملة وجديدة > كمبيوتر > أجهزة لوحية > موديلات > تيكلاست",تيكلاست,Teclast,,,
53,not_found,"Category not found: سلع مستعملة وجديدة","سلع مستعملة وجديدة > كمبيوتر > أجهزة لوحية > موديلات > جرونديج",جرونديج,Grundig,,,
54,not_found,"Category not found: سلع مستعملة وجديدة","سلع مستعملة وجديدة > كمبيوتر > أجهزة لوحية > موديلات > جوجل",جوجل,Google,,,
55,not_found,"Category not found: سلع مستعملة وجديدة","سلع مستعملة وجديدة > كمبيوتر > أجهزة لوحية > موديلات > جولد ماستر","جولد ماستر",GoldMaster,,,
56,not_found,"Category not found: سلع مستعملة وجديدة","سلع مستعملة وجديدة > كمبيوتر > أجهزة لوحية > موديلات > جي تي اكس","جي تي اكس",GTX,,,
57,not_found,"Category not found: سلع مستعملة وجديدة","سلع مستعملة وجديدة > كمبيوتر > أجهزة لوحية > موديلات > دوجي",دوجي,Doogee,,,
58,not_found,"Category not found: سلع مستعملة وجديدة","سلع مستعملة وجديدة > كمبيوتر > أجهزة لوحية > موديلات > ديل",ديل,Dell,,,
59,not_found,"Category not found: سلع مستعملة وجديدة","سلع مستعملة وجديدة > كمبيوتر > أجهزة لوحية > موديلات > ريدر",ريدر,Reeder,,,
60,not_found,"Category not found: سلع مستعملة وجديدة","سلع مستعملة وجديدة > كمبيوتر > أجهزة لوحية > موديلات > زد تي إي سنات","زد تي إي سنات",ZTE,,,
61,not_found,"Category not found: سلع مستعملة وجديدة","سلع مستعملة وجديدة > كمبيوتر > أجهزة لوحية > موديلات > سامسونج",سامسونج,Samsung,,,
62,not_found,"Category not found: سلع مستعملة وجديدة","سلع مستعملة وجديدة > كمبيوتر > أجهزة لوحية > موديلات > سمارت كيو","سمارت كيو",SmartQ,,,
63,not_found,"Category not found: سلع مستعملة وجديدة","سلع مستعملة وجديدة > كمبيوتر > أجهزة لوحية > موديلات > سمكة البيرانا","سمكة البيرانا",Piranha,,,
64,not_found,"Category not found: سلع مستعملة وجديدة","سلع مستعملة وجديدة > كمبيوتر > أجهزة لوحية > موديلات > سوني",سوني,Sony,,,
65,not_found,"Category not found: سلع مستعملة وجديدة","سلع مستعملة وجديدة > كمبيوتر > أجهزة لوحية > موديلات > سيروكس",سيروكس,Syrox,,,
66,not_found,"Category not found: سلع مستعملة وجديدة","سلع مستعملة وجديدة > كمبيوتر > أجهزة لوحية > موديلات > شاومي",شاومي,Xiaomi,,,
67,not_found,"Category not found: سلع مستعملة وجديدة","سلع مستعملة وجديدة > كمبيوتر > أجهزة لوحية > موديلات > صني",صني,Sunny,,,
68,not_found,"Category not found: سلع مستعملة وجديدة","سلع مستعملة وجديدة > كمبيوتر > أجهزة لوحية > موديلات > طرد اركوس","طرد اركوس",Archos,,,
69,not_found,"Category not found: سلع مستعملة وجديدة","سلع مستعملة وجديدة > كمبيوتر > أجهزة لوحية > موديلات > فودافون",فودافون,Vodafone,,,
70,not_found,"Category not found: سلع مستعملة وجديدة","سلع مستعملة وجديدة > كمبيوتر > أجهزة لوحية > موديلات > فوركوم",فوركوم,Vorcom,,,
71,not_found,"Category not found: سلع مستعملة وجديدة","سلع مستعملة وجديدة > كمبيوتر > أجهزة لوحية > موديلات > فوسيبوت",فوسيبوت,Fossibot,,,
72,not_found,"Category not found: سلع مستعملة وجديدة","سلع مستعملة وجديدة > كمبيوتر > أجهزة لوحية > موديلات > فيستل",فيستل,Vestel,,,
73,not_found,"Category not found: سلع مستعملة وجديدة","سلع مستعملة وجديدة > كمبيوتر > أجهزة لوحية > موديلات > كاسبر",كاسبر,Casper,,,
74,not_found,"Category not found: سلع مستعملة وجديدة","سلع مستعملة وجديدة > كمبيوتر > أجهزة لوحية > موديلات > كاواي",كاواي,Kawai,,,
75,not_found,"Category not found: سلع مستعملة وجديدة","سلع مستعملة وجديدة > كمبيوتر > أجهزة لوحية > موديلات > كودجن",كودجن,Codegen,,,
76,not_found,"Category not found: سلع مستعملة وجديدة","سلع مستعملة وجديدة > كمبيوتر > أجهزة لوحية > موديلات > كونكورد",كونكورد,Concord,,,
77,not_found,"Category not found: سلع مستعملة وجديدة","سلع مستعملة وجديدة > كمبيوتر > أجهزة لوحية > موديلات > لينوفو",لينوفو,Lenovo,,,
78,not_found,"Category not found: سلع مستعملة وجديدة","سلع مستعملة وجديدة > كمبيوتر > أجهزة لوحية > موديلات > مالاتا",مالاتا,Malata,,,
79,not_found,"Category not found: سلع مستعملة وجديدة","سلع مستعملة وجديدة > كمبيوتر > أجهزة لوحية > موديلات > مايكروسوفت",مايكروسوفت,Microsoft,,,
80,not_found,"Category not found: سلع مستعملة وجديدة","سلع مستعملة وجديدة > كمبيوتر > أجهزة لوحية > موديلات > موبايل عام","موبايل عام","General Mobile",,,
81,not_found,"Category not found: سلع مستعملة وجديدة","سلع مستعملة وجديدة > كمبيوتر > أجهزة لوحية > موديلات > موبي",موبي,Mobi,,,
82,not_found,"Category not found: سلع مستعملة وجديدة","سلع مستعملة وجديدة > كمبيوتر > أجهزة لوحية > موديلات > نافكينج",نافكينج,Navking,,,
83,not_found,"Category not found: سلع مستعملة وجديدة","سلع مستعملة وجديدة > كمبيوتر > أجهزة لوحية > موديلات > نافيتك",نافيتك,Navitech,,,
84,not_found,"Category not found: سلع مستعملة وجديدة","سلع مستعملة وجديدة > كمبيوتر > أجهزة لوحية > موديلات > نكست",نكست,Next,,,
85,not_found,"Category not found: سلع مستعملة وجديدة","سلع مستعملة وجديدة > كمبيوتر > أجهزة لوحية > موديلات > نوكيا",نوكيا,Nokia,,,
86,not_found,"Category not found: سلع مستعملة وجديدة","سلع مستعملة وجديدة > كمبيوتر > أجهزة لوحية > موديلات > نيكستبوك",نيكستبوك,Nextbook,,,
87,not_found,"Category not found: سلع مستعملة وجديدة","سلع مستعملة وجديدة > كمبيوتر > أجهزة لوحية > موديلات > هواوي",هواوي,Huawei,,,
88,not_found,"Category not found: سلع مستعملة وجديدة","سلع مستعملة وجديدة > كمبيوتر > أجهزة لوحية > موديلات > هومتك",هومتك,Hometech,,,
89,not_found,"Category not found: سلع مستعملة وجديدة","سلع مستعملة وجديدة > كمبيوتر > أجهزة لوحية > موديلات > هونر",هونر,Honor,,,
90,not_found,"Category not found: سلع مستعملة وجديدة","سلع مستعملة وجديدة > كمبيوتر > أجهزة لوحية > موديلات > يونيباد",يونيباد,Unipad,,,
91,not_found,"Category not found: سلع مستعملة وجديدة","سلع مستعملة وجديدة > كمبيوتر > أجهزة لوحية > موديلات > يونيهيرتز",يونيهيرتز,Unihertz,,,
92,not_found,"Category not found: سلع مستعملة وجديدة","سلع مستعملة وجديدة > كمبيوتر > كمبيوتر مكتبي > موديلات > آبل",آبل,Apple,,,
93,not_found,"Category not found: سلع مستعملة وجديدة","سلع مستعملة وجديدة > كمبيوتر > كمبيوتر مكتبي > موديلات > آسروك",آسروك,Asrock,,,
94,not_found,"Category not found: سلع مستعملة وجديدة","سلع مستعملة وجديدة > كمبيوتر > كمبيوتر مكتبي > موديلات > آسوس",آسوس,Asus,,,
95,not_found,"Category not found: سلع مستعملة وجديدة","سلع مستعملة وجديدة > كمبيوتر > كمبيوتر مكتبي > موديلات > آي بي إم","آي بي إم",IBM,,,
96,not_found,"Category not found: سلع مستعملة وجديدة","سلع مستعملة وجديدة > كمبيوتر > كمبيوتر مكتبي > موديلات > آي لايف","آي لايف",I-Life,,,
97,not_found,"Category not found: سلع مستعملة وجديدة","سلع مستعملة وجديدة > كمبيوتر > كمبيوتر مكتبي > موديلات > أرسيليك",أرسيليك,Arçelik,,,
98,not_found,"Category not found: سلع مستعملة وجديدة","سلع مستعملة وجديدة > كمبيوتر > كمبيوتر مكتبي > موديلات > أفانترون",أفانترون,Avantron,,,
99,not_found,"Category not found: سلع مستعملة وجديدة","سلع مستعملة وجديدة > كمبيوتر > كمبيوتر مكتبي > موديلات > أوفيس كيس","أوفيس كيس",Officecase,,,
100,not_found,"Category not found: سلع مستعملة وجديدة","سلع مستعملة وجديدة > كمبيوتر > كمبيوتر مكتبي > موديلات > أوليفيتي",أوليفيتي,Olivetti,,,
101,not_found,"Category not found: سلع مستعملة وجديدة","سلع مستعملة وجديدة > كمبيوتر > كمبيوتر مكتبي > موديلات > أيسر",أيسر,Acer,,,
102,not_found,"Category not found: سلع مستعملة وجديدة","سلع مستعملة وجديدة > كمبيوتر > كمبيوتر مكتبي > موديلات > إكسبير",إكسبير,Exper,,,
103,not_found,"Category not found: سلع مستعملة وجديدة","سلع مستعملة وجديدة > كمبيوتر > كمبيوتر مكتبي > موديلات > إم إس آي","إم إس آي",MSI,,,
104,not_found,"Category not found: سلع مستعملة وجديدة","سلع مستعملة وجديدة > كمبيوتر > كمبيوتر مكتبي > موديلات > إن إي سي","إن إي سي",NEC,,,
105,not_found,"Category not found: سلع مستعملة وجديدة","سلع مستعملة وجديدة > كمبيوتر > كمبيوتر مكتبي > موديلات > إن سي آر","إن سي آر",NCR,,,
106,not_found,"Category not found: سلع مستعملة وجديدة","سلع مستعملة وجديدة > كمبيوتر > كمبيوتر مكتبي > موديلات > إنتل إنتل","إنتل إنتل",Intel,,,
107,not_found,"Category not found: سلع مستعملة وجديدة","سلع مستعملة وجديدة > كمبيوتر > كمبيوتر مكتبي > موديلات > إيداتا ستيفيو","إيداتا ستيفيو",Aidata,,,
108,not_found,"Category not found: سلع مستعملة وجديدة","سلع مستعملة وجديدة > كمبيوتر > كمبيوتر مكتبي > موديلات > إيزولي",إيزولي,Izoly,,,
109,not_found,"Category not found: سلع مستعملة وجديدة","سلع مستعملة وجديدة > كمبيوتر > كمبيوتر مكتبي > موديلات > ايروكول",ايروكول,Aerocool,,,
110,not_found,"Category not found: سلع مستعملة وجديدة","سلع مستعملة وجديدة > كمبيوتر > كمبيوتر مكتبي > موديلات > باكارد بيل","باكارد بيل","Packard Bell",,,
111,not_found,"Category not found: سلع مستعملة وجديدة","سلع مستعملة وجديدة > كمبيوتر > كمبيوتر مكتبي > موديلات > باورجيت",باورجيت,PowerGate,,,
112,not_found,"Category not found: سلع مستعملة وجديدة","سلع مستعملة وجديدة > كمبيوتر > كمبيوتر مكتبي > موديلات > برو2000",برو2000,Pro2000,,,
113,not_found,"Category not found: سلع مستعملة وجديدة","سلع مستعملة وجديدة > كمبيوتر > كمبيوتر مكتبي > موديلات > بلاكفيو",بلاكفيو,Blackview,,,
114,not_found,"Category not found: سلع مستعملة وجديدة","سلع مستعملة وجديدة > كمبيوتر > كمبيوتر مكتبي > موديلات > بيكو",بيكو,Beko,,,
115,not_found,"Category not found: سلع مستعملة وجديدة","سلع مستعملة وجديدة > كمبيوتر > كمبيوتر مكتبي > موديلات > تكنو بي سي دومينيشن","تكنو بي سي دومينيشن",Technopc,,,
116,not_found,"Category not found: سلع مستعملة وجديدة","سلع مستعملة وجديدة > كمبيوتر > كمبيوتر مكتبي > موديلات > توربوكس",توربوكس,Turbox,,,
117,not_found,"Category not found: سلع مستعملة وجديدة","سلع مستعملة وجديدة > كمبيوتر > كمبيوتر مكتبي > موديلات > جرونديج",جرونديج,Grundig,,,
118,not_found,"Category not found: سلع مستعملة وجديدة","سلع مستعملة وجديدة > كمبيوتر > كمبيوتر مكتبي > موديلات > جيجابايت",جيجابايت,Gigabyte,,,
119,not_found,"Category not found: سلع مستعملة وجديدة","سلع مستعملة وجديدة > كمبيوتر > كمبيوتر مكتبي > موديلات > دراغوس",دراغوس,Dragos,,,
120,not_found,"Category not found: سلع مستعملة وجديدة","سلع مستعملة وجديدة > كمبيوتر > كمبيوتر مكتبي > موديلات > ديل",ديل,Dell,,,
121,not_found,"Category not found: سلع مستعملة وجديدة","سلع مستعملة وجديدة > كمبيوتر > كمبيوتر مكتبي > موديلات > دينتي",دينتي,Dente,,,
122,not_found,"Category not found: سلع مستعملة وجديدة","سلع مستعملة وجديدة > كمبيوتر > كمبيوتر مكتبي > موديلات > راسبيري بي","راسبيري بي","Raspberry Pi",,,
123,not_found,"Category not found: سلع مستعملة وجديدة","سلع مستعملة وجديدة > كمبيوتر > كمبيوتر مكتبي > موديلات > زوتاك ستيف","زوتاك ستيف",Zotac,,,
124,not_found,"Category not found: سلع مستعملة وجديدة","سلع مستعملة وجديدة > كمبيوتر > كمبيوتر مكتبي > موديلات > زيرون",زيرون,Zeron,,,
125,not_found,"Category not found: سلع مستعملة وجديدة","سلع مستعملة وجديدة > كمبيوتر > كمبيوتر مكتبي > موديلات > سامسونج",سامسونج,Samsung,,,
126,not_found,"Category not found: سلع مستعملة وجديدة","سلع مستعملة وجديدة > كمبيوتر > كمبيوتر مكتبي > موديلات > سوني",سوني,Sony,,,
127,not_found,"Category not found: سلع مستعملة وجديدة","سلع مستعملة وجديدة > كمبيوتر > كمبيوتر مكتبي > موديلات > سي بوكس","سي بوكس",Cbox,,,
128,not_found,"Category not found: سلع مستعملة وجديدة","سلع مستعملة وجديدة > كمبيوتر > كمبيوتر مكتبي > موديلات > سيكليفي",سيكليفي,Seclife,,,
129,not_found,"Category not found: سلع مستعملة وجديدة","سلع مستعملة وجديدة > كمبيوتر > كمبيوتر مكتبي > موديلات > شاتل",شاتل,Shuttle,,,
130,not_found,"Category not found: سلع مستعملة وجديدة","سلع مستعملة وجديدة > كمبيوتر > كمبيوتر مكتبي > موديلات > صن",صن,Sun,,,
131,not_found,"Category not found: سلع مستعملة وجديدة","سلع مستعملة وجديدة > كمبيوتر > كمبيوتر مكتبي > موديلات > عثمانلي كمبيوتر","عثمانلي كمبيوتر","Osmanlı Bilgisayar",,,
132,not_found,"Category not found: سلع مستعملة وجديدة","سلع مستعملة وجديدة > كمبيوتر > كمبيوتر مكتبي > موديلات > فوجيتسو",فوجيتسو,Fujitsu,,,
133,not_found,"Category not found: سلع مستعملة وجديدة","سلع مستعملة وجديدة > كمبيوتر > كمبيوتر مكتبي > موديلات > فوجيتسو سيمنز","فوجيتسو سيمنز","Fujitsu Siemens",,,
134,not_found,"Category not found: سلع مستعملة وجديدة","سلع مستعملة وجديدة > كمبيوتر > كمبيوتر مكتبي > موديلات > فيستل",فيستل,Vestel,,,
135,not_found,"Category not found: سلع مستعملة وجديدة","سلع مستعملة وجديدة > كمبيوتر > كمبيوتر مكتبي > موديلات > فيليبس",فيليبس,Philips,,,
136,not_found,"Category not found: سلع مستعملة وجديدة","سلع مستعملة وجديدة > كمبيوتر > كمبيوتر مكتبي > موديلات > فيوسونيك",فيوسونيك,ViewSonic,,,
137,not_found,"Category not found: سلع مستعملة وجديدة","سلع مستعملة وجديدة > كمبيوتر > كمبيوتر مكتبي > موديلات > كاسبر",كاسبر,Casper,,,
138,not_found,"Category not found: سلع مستعملة وجديدة","سلع مستعملة وجديدة > كمبيوتر > كمبيوتر مكتبي > موديلات > كريا",كريا,Crea,,,
139,not_found,"Category not found: سلع مستعملة وجديدة","سلع مستعملة وجديدة > كمبيوتر > كمبيوتر مكتبي > موديلات > كزاسر",كزاسر,Xaser,,,
140,not_found,"Category not found: سلع مستعملة وجديدة","سلع مستعملة وجديدة > كمبيوتر > كمبيوتر مكتبي > موديلات > كوادرو",كوادرو,Quadro,,,
141,not_found,"Category not found: سلع مستعملة وجديدة","سلع مستعملة وجديدة > كمبيوتر > كمبيوتر مكتبي > موديلات > كومباك",كومباك,Compaq,,,
142,not_found,"Category not found: سلع مستعملة وجديدة","سلع مستعملة وجديدة > كمبيوتر > كمبيوتر مكتبي > موديلات > لينوفو",لينوفو,Lenovo,,,
143,not_found,"Category not found: سلع مستعملة وجديدة","سلع مستعملة وجديدة > كمبيوتر > كمبيوتر مكتبي > موديلات > مايكروسوفت",مايكروسوفت,Microsoft,,,
144,not_found,"Category not found: سلع مستعملة وجديدة","سلع مستعملة وجديدة > كمبيوتر > كمبيوتر مكتبي > موديلات > مستر بلس","مستر بلس","Mister Plus",,,
145,not_found,"Category not found: سلع مستعملة وجديدة","سلع مستعملة وجديدة > كمبيوتر > كمبيوتر مكتبي > موديلات > مونستر ستيفيو","مونستر ستيفيو",Monster,,,
146,not_found,"Category not found: سلع مستعملة وجديدة","سلع مستعملة وجديدة > كمبيوتر > كمبيوتر مكتبي > موديلات > هواوي",هواوي,Huawei,,,
147,not_found,"Category not found: سلع مستعملة وجديدة","سلع مستعملة وجديدة > كمبيوتر > كمبيوتر مكتبي > موديلات > هومتك",هومتك,Hometech,,,
148,not_found,"Category not found: سلع مستعملة وجديدة","سلع مستعملة وجديدة > كمبيوتر > كمبيوتر مكتبي > موديلات > هيريكان",هيريكان,Hurricane,,,
149,not_found,"Category not found: سلع مستعملة وجديدة","سلع مستعملة وجديدة > كمبيوتر > كمبيوتر مكتبي > موديلات > واربوكس",واربوكس,Warbox,,,
150,not_found,"Category not found: سلع مستعملة وجديدة","سلع مستعملة وجديدة > كمبيوتر > لابتوبات ونوت بوك > لابتوبات > NUC إنتل","NUC إنتل","NUC Intel",,,
151,not_found,"Category not found: سلع مستعملة وجديدة","سلع مستعملة وجديدة > كمبيوتر > لابتوبات ونوت بوك > لابتوبات > XIAOMI جاهزة","XIAOMI جاهزة",Xiaomi,,,
152,not_found,"Category not found: سلع مستعملة وجديدة","سلع مستعملة وجديدة > كمبيوتر > لابتوبات ونوت بوك > لابتوبات > آبل ماك بوك","آبل ماك بوك","Apple Macbook",,,
153,not_found,"Category not found: سلع مستعملة وجديدة","سلع مستعملة وجديدة > كمبيوتر > لابتوبات ونوت بوك > لابتوبات > آسوس",آسوس,Asus,,,
154,not_found,"Category not found: سلع مستعملة وجديدة","سلع مستعملة وجديدة > كمبيوتر > لابتوبات ونوت بوك > لابتوبات > آي إكس تك","آي إكس تك",iXtech,,,
155,not_found,"Category not found: سلع مستعملة وجديدة","سلع مستعملة وجديدة > كمبيوتر > لابتوبات ونوت بوك > لابتوبات > آي بي إم","آي بي إم",IBM,,,
156,not_found,"Category not found: سلع مستعملة وجديدة","سلع مستعملة وجديدة > كمبيوتر > لابتوبات ونوت بوك > لابتوبات > آي لايف","آي لايف",I-Life,,,
157,not_found,"Category not found: سلع مستعملة وجديدة","سلع مستعملة وجديدة > كمبيوتر > لابتوبات ونوت بوك > لابتوبات > أدفان",أدفان,Advan,,,
158,not_found,"Category not found: سلع مستعملة وجديدة","سلع مستعملة وجديدة > كمبيوتر > لابتوبات ونوت بوك > لابتوبات > أدفنت",أدفنت,Advent,,,
159,not_found,"Category not found: سلع مستعملة وجديدة","سلع مستعملة وجديدة > كمبيوتر > لابتوبات ونوت بوك > لابتوبات > أرسيليك",أرسيليك,Arçelik,,,
160,not_found,"Category not found: سلع مستعملة وجديدة","سلع مستعملة وجديدة > كمبيوتر > لابتوبات ونوت بوك > لابتوبات > أوروس",أوروس,Aorus,,,
161,not_found,"Category not found: سلع مستعملة وجديدة","سلع مستعملة وجديدة > كمبيوتر > لابتوبات ونوت بوك > لابتوبات > أيسر",أيسر,Acer,,,
162,not_found,"Category not found: سلع مستعملة وجديدة","سلع مستعملة وجديدة > كمبيوتر > لابتوبات ونوت بوك > لابتوبات > إسكورتس",إسكورتس,Escort,,,
163,not_found,"Category not found: سلع مستعملة وجديدة","سلع مستعملة وجديدة > كمبيوتر > لابتوبات ونوت بوك > لابتوبات > إكسا",إكسا,EXA,,,
164,not_found,"Category not found: سلع مستعملة وجديدة","سلع مستعملة وجديدة > كمبيوتر > لابتوبات ونوت بوك > لابتوبات > إكسبير",إكسبير,Exper,,,
165,not_found,"Category not found: سلع مستعملة وجديدة","سلع مستعملة وجديدة > كمبيوتر > لابتوبات ونوت بوك > لابتوبات > إل جي","إل جي",LG,,,
166,not_found,"Category not found: سلع مستعملة وجديدة","سلع مستعملة وجديدة > كمبيوتر > لابتوبات ونوت بوك > لابتوبات > إلين وير","إلين وير",Alienware,,,
167,not_found,"Category not found: سلع مستعملة وجديدة","سلع مستعملة وجديدة > كمبيوتر > لابتوبات ونوت بوك > لابتوبات > إم إس آي","إم إس آي",MSI,,,
168,not_found,"Category not found: سلع مستعملة وجديدة","سلع مستعملة وجديدة > كمبيوتر > لابتوبات ونوت بوك > لابتوبات > إن إي سي","إن إي سي",NEC,,,
169,not_found,"Category not found: سلع مستعملة وجديدة","سلع مستعملة وجديدة > كمبيوتر > لابتوبات ونوت بوك > لابتوبات > إي تشيبس","إي تشيبس",Echips,,,
170,not_found,"Category not found: سلع مستعملة وجديدة","سلع مستعملة وجديدة > كمبيوتر > لابتوبات ونوت بوك > لابتوبات > إيداتا",إيداتا,Aidata,,,
171,not_found,"Category not found: سلع مستعملة وجديدة","سلع مستعملة وجديدة > كمبيوتر > لابتوبات ونوت بوك > لابتوبات > إيفرست",إيفرست,Everest,,,
172,not_found,"Category not found: سلع مستعملة وجديدة","سلع مستعملة وجديدة > كمبيوتر > لابتوبات ونوت بوك > لابتوبات > إيكوتك",إيكوتك,Icotech,,,
173,not_found,"Category not found: سلع مستعملة وجديدة","سلع مستعملة وجديدة > كمبيوتر > لابتوبات ونوت بوك > لابتوبات > باكارد بيل غيتو","باكارد بيل غيتو","Packard Bell",,,
174,not_found,"Category not found: سلع مستعملة وجديدة","سلع مستعملة وجديدة > كمبيوتر > لابتوبات ونوت بوك > لابتوبات > باناسونيك",باناسونيك,Panasonic,,,
175,not_found,"Category not found: سلع مستعملة وجديدة","سلع مستعملة وجديدة > كمبيوتر > لابتوبات ونوت بوك > لابتوبات > براذر",براذر,Brother,,,
176,not_found,"Category not found: سلع مستعملة وجديدة","سلع مستعملة وجديدة > كمبيوتر > لابتوبات ونوت بوك > لابتوبات > بروبوك",بروبوك,Probook,,,
177,not_found,"Category not found: سلع مستعملة وجديدة","سلع مستعملة وجديدة > كمبيوتر > لابتوبات ونوت بوك > لابتوبات > بياك",بياك,Peaq,,,
178,not_found,"Category not found: سلع مستعملة وجديدة","سلع مستعملة وجديدة > كمبيوتر > لابتوبات ونوت بوك > لابتوبات > بيكو",بيكو,Beko,,,
179,not_found,"Category not found: سلع مستعملة وجديدة","سلع مستعملة وجديدة > كمبيوتر > لابتوبات ونوت بوك > لابتوبات > تشوي",تشوي,Chuwi,,,
180,not_found,"Category not found: سلع مستعملة وجديدة","سلع مستعملة وجديدة > كمبيوتر > لابتوبات ونوت بوك > لابتوبات > تصميم بورش","تصميم بورش","Porsche Design",,,
181,not_found,"Category not found: سلع مستعملة وجديدة","سلع مستعملة وجديدة > كمبيوتر > لابتوبات ونوت بوك > لابتوبات > تكنو",تكنو,Tecno,,,
182,not_found,"Category not found: سلع مستعملة وجديدة","سلع مستعملة وجديدة > كمبيوتر > لابتوبات ونوت بوك > لابتوبات > تكنوبك",تكنوبك,Technopc,,,
183,not_found,"Category not found: سلع مستعملة وجديدة","سلع مستعملة وجديدة > كمبيوتر > لابتوبات ونوت بوك > لابتوبات > توشيبا",توشيبا,Toshiba,,,
184,not_found,"Category not found: سلع مستعملة وجديدة","سلع مستعملة وجديدة > كمبيوتر > لابتوبات ونوت بوك > لابتوبات > تيجويس",تيجويس,Tigoes,,,
185,not_found,"Category not found: سلع مستعملة وجديدة","سلع مستعملة وجديدة > كمبيوتر > لابتوبات ونوت بوك > لابتوبات > تيكلاست",تيكلاست,Teclast,,,
186,not_found,"Category not found: سلع مستعملة وجديدة","سلع مستعملة وجديدة > كمبيوتر > لابتوبات ونوت بوك > لابتوبات > جامبرز",جامبرز,Jumper,,,
187,not_found,"Category not found: سلع مستعملة وجديدة","سلع مستعملة وجديدة > كمبيوتر > لابتوبات ونوت بوك > لابتوبات > جوجل",جوجل,Google,,,
188,not_found,"Category not found: سلع مستعملة وجديدة","سلع مستعملة وجديدة > كمبيوتر > لابتوبات ونوت بوك > لابتوبات > جيتاك",جيتاك,Getac,,,
189,not_found,"Category not found: سلع مستعملة وجديدة","سلع مستعملة وجديدة > كمبيوتر > لابتوبات ونوت بوك > لابتوبات > جيجابايت",جيجابايت,Gigabyte,,,
190,not_found,"Category not found: سلع مستعملة وجديدة","سلع مستعملة وجديدة > كمبيوتر > لابتوبات ونوت بوك > لابتوبات > داترون",داترون,Datron,,,
191,not_found,"Category not found: سلع مستعملة وجديدة","سلع مستعملة وجديدة > كمبيوتر > لابتوبات ونوت بوك > لابتوبات > ديل",ديل,Dell,,,
192,not_found,"Category not found: سلع مستعملة وجديدة","سلع مستعملة وجديدة > كمبيوتر > لابتوبات ونوت بوك > لابتوبات > ريدر",ريدر,Reeder,,,
193,not_found,"Category not found: سلع مستعملة وجديدة","سلع مستعملة وجديدة > كمبيوتر > لابتوبات ونوت بوك > لابتوبات > ريزر استرا","ريزر استرا",Razer,,,
194,not_found,"Category not found: سلع مستعملة وجديدة","سلع مستعملة وجديدة > كمبيوتر > لابتوبات ونوت بوك > لابتوبات > سامسونج",سامسونج,Samsung,,,
195,not_found,"Category not found: سلع مستعملة وجديدة","سلع مستعملة وجديدة > كمبيوتر > لابتوبات ونوت بوك > لابتوبات > سوني",سوني,Sony,,,
196,not_found,"Category not found: سلع مستعملة وجديدة","سلع مستعملة وجديدة > كمبيوتر > لابتوبات ونوت بوك > لابتوبات > سي بوكس","سي بوكس",Cbox,,,
197,not_found,"Category not found: سلع مستعملة وجديدة","سلع مستعملة وجديدة > كمبيوتر > لابتوبات ونوت بوك > لابتوبات > صني",صني,Sunny,,,
198,not_found,"Category not found: سلع مستعملة وجديدة","سلع مستعملة وجديدة > كمبيوتر > لابتوبات ونوت بوك > لابتوبات > طرد كوادرو","طرد كوادرو",Quadro,,,
199,not_found,"Category not found: سلع مستعملة وجديدة","سلع مستعملة وجديدة > كمبيوتر > لابتوبات ونوت بوك > لابتوبات > غرونديغ",غرونديغ,Grundig,,,
200,not_found,"Category not found: سلع مستعملة وجديدة","سلع مستعملة وجديدة > كمبيوتر > لابتوبات ونوت بوك > لابتوبات > غيتواي",غيتواي,Gateway,,,
201,not_found,"Category not found: سلع مستعملة وجديدة","سلع مستعملة وجديدة > كمبيوتر > لابتوبات ونوت بوك > لابتوبات > فوجيتسو سيمنز ستيف","فوجيتسو سيمنز ستيف","Fujitsu Siemens",,,
202,not_found,"Category not found: سلع مستعملة وجديدة","سلع مستعملة وجديدة > كمبيوتر > لابتوبات ونوت بوك > لابتوبات > فوجيتسو غيل","فوجيتسو غيل",Fujitsu,,,
203,not_found,"Category not found: سلع مستعملة وجديدة","سلع مستعملة وجديدة > كمبيوتر > لابتوبات ونوت بوك > لابتوبات > فيستل",فيستل,Vestel,,,
204,not_found,"Category not found: سلع مستعملة وجديدة","سلع مستعملة وجديدة > كمبيوتر > لابتوبات ونوت بوك > لابتوبات > فيكتور",فيكتور,Victor,,,
205,not_found,"Category not found: سلع مستعملة وجديدة","سلع مستعملة وجديدة > كمبيوتر > لابتوبات ونوت بوك > لابتوبات > كاسبر",كاسبر,Casper,,,
206,not_found,"Category not found: سلع مستعملة وجديدة","سلع مستعملة وجديدة > كمبيوتر > لابتوبات ونوت بوك > لابتوبات > كريا",كريا,Crea,,,
207,not_found,"Category not found: سلع مستعملة وجديدة","سلع مستعملة وجديدة > كمبيوتر > لابتوبات ونوت بوك > لابتوبات > كوانتم أسترا","كوانتم أسترا",Quantum,,,
208,not_found,"Category not found: سلع مستعملة وجديدة","سلع مستعملة وجديدة > كمبيوتر > لابتوبات ونوت بوك > لابتوبات > كومبانتال",كومبانتال,Compaq,,,
209,not_found,"Category not found: سلع مستعملة وجديدة","سلع مستعملة وجديدة > كمبيوتر > لابتوبات ونوت بوك > لابتوبات > لينوفو دومينيشن","لينوفو دومينيشن",Lenovo,,,
210,not_found,"Category not found: سلع مستعملة وجديدة","سلع مستعملة وجديدة > كمبيوتر > لابتوبات ونوت بوك > لابتوبات > مايكروسوفت غيل","مايكروسوفت غيل",Microsoft,,,
211,not_found,"Category not found: سلع مستعملة وجديدة","سلع مستعملة وجديدة > كمبيوتر > لابتوبات ونوت بوك > لابتوبات > مونستر",مونستر,Monster,,,
212,not_found,"Category not found: سلع مستعملة وجديدة","سلع مستعملة وجديدة > كمبيوتر > لابتوبات ونوت بوك > لابتوبات > ميتريفو",ميتريفو,Mechrevo,,,
213,not_found,"Category not found: سلع مستعملة وجديدة","سلع مستعملة وجديدة > كمبيوتر > لابتوبات ونوت بوك > لابتوبات > ميديون علي","ميديون علي",Medion,,,
214,not_found,"Category not found: سلع مستعملة وجديدة","سلع مستعملة وجديدة > كمبيوتر > لابتوبات ونوت بوك > لابتوبات > نوفاتيك",نوفاتيك,Novatech,,,
215,not_found,"Category not found: سلع مستعملة وجديدة","سلع مستعملة وجديدة > كمبيوتر > لابتوبات ونوت بوك > لابتوبات > هاير",هاير,Haier,,,
216,not_found,"Category not found: سلع مستعملة وجديدة","سلع مستعملة وجديدة > كمبيوتر > لابتوبات ونوت بوك > لابتوبات > هواوي",هواوي,Huawei,,,
217,not_found,"Category not found: سلع مستعملة وجديدة","سلع مستعملة وجديدة > كمبيوتر > لابتوبات ونوت بوك > لابتوبات > هومتك",هومتك,Hometech,,,
218,not_found,"Category not found: سلع مستعملة وجديدة","سلع مستعملة وجديدة > كمبيوتر > لابتوبات ونوت بوك > لابتوبات > هونر",هونر,Honor,,,
219,not_found,"Category not found: سلع مستعملة وجديدة","سلع مستعملة وجديدة > كمبيوتر > لابتوبات ونوت بوك > لابتوبات > وون",وون,Woon,,,
220,not_found,"Category not found: سلع مستعملة وجديدة","سلع مستعملة وجديدة > كمبيوتر > لابتوبات ونوت بوك > لابتوبات > ياسومي",ياسومي,Yasomi,,,
221,name_mismatch,"DB name_ar does not match current name (id 39432)","المركبات > المركبات التجارية > الشاحنات والشاحنات الخفيفة > peugeot > boxer kamyonet","boxer kamyonet",Boxer,,,
222,skipped_same,"Already has target name_ar","المركبات > المركبات التجارية > الشاحنات والشاحنات الخفيفة > citroen > jumper",jumper,Jumper,,,
223,skipped_same,"Already has target name_ar","المركبات > المركبات التجارية > الشاحنات والشاحنات الخفيفة > fiat > ducato",ducato,Ducato,,,
224,not_found,"Subcategory not found at segment: أودي","المركبات > سيارات > أودي > إي-ترون GT > GT RS","GT RS","RS e-tron GT",,,
225,updated,"Updated subcategory","المركبات > المركبات التجارية > شاحنات وشاحنات خفيفة > isuzu > d- max","d- max",D-Max,subcategory,39051,"d- max"
226,skipped_same,"Already has target name_ar","المركبات > المركبات التجارية > شاحنات وشاحنات خفيفة > isuzu > npr",npr,NPR,,,
227,skipped_same,"Already has target name_ar","المركبات > المركبات التجارية > شاحنات وشاحنات خفيفة > isuzu > nqr",nqr,NQR,,,
228,skipped_same,"Already has target name_ar","المركبات > المركبات التجارية > شاحنات وشاحنات خفيفة > kia > bongo",bongo,Bongo,,,
229,name_mismatch,"DB name_ar does not match current name (id 39186)","المركبات > المركبات التجارية > شاحنات وشاحنات خفيفة > kia > k",k,"K Series",,,
230,name_mismatch,"DB name_ar does not match current name (id 39042)","المركبات > المركبات التجارية > شاحنات وشاحنات خفيفة > Hyundai > h",h,"H Series",,,
231,not_found,"Subcategory not found at segment: الآلات الزراعية","الآلات والمعدات > الآلات الزراعية > الري > محرك ري (بنكار)","محرك ري (بنكار)","محرك ري بانكار",,,
232,not_found,"Subcategory not found at segment: الآلات الزراعية","الآلات والمعدات > الآلات الزراعية > جرار > اجت",اجت,AGT,,,
233,not_found,"Subcategory not found at segment: الآلات الزراعية","الآلات والمعدات > الآلات الزراعية > جرار > اجروميت",اجروميت,Agromet,,,
234,not_found,"Subcategory not found at segment: الآلات الزراعية","الآلات والمعدات > الآلات الزراعية > جرار > اجريبووير",اجريبووير,Agripower,,,
235,not_found,"Subcategory not found at segment: الآلات الزراعية","الآلات والمعدات > الآلات الزراعية > جرار > اجريفارم",اجريفارم,Agrifarm,,,
236,not_found,"Subcategory not found at segment: الآلات الزراعية","الآلات والمعدات > الآلات الزراعية > جرار > ارتراك سوبيرليني","ارتراك سوبيرليني","Artrak Superline",,,
237,not_found,"Subcategory not found at segment: الآلات الزراعية","الآلات والمعدات > الآلات الزراعية > جرار > اسلان",اسلان,"Aslan Traktör",,,
238,not_found,"Subcategory not found at segment: الآلات الزراعية","الآلات والمعدات > الآلات الزراعية > جرار > انترناشيونال",انترناشيونال,International,,,
239,not_found,"Subcategory not found at segment: الآلات الزراعية","الآلات والمعدات > الآلات الزراعية > جرار > انتونيو كاررارو","انتونيو كاررارو","Antonio Carraro",,,
240,not_found,"Subcategory not found at segment: الآلات الزراعية","الآلات والمعدات > الآلات الزراعية > جرار > باشاك",باشاك,Başak,,,
241,not_found,"Subcategory not found at segment: الآلات الزراعية","الآلات والمعدات > الآلات الزراعية > جرار > باشكينت",باشكينت,Başkent,,,
242,not_found,"Subcategory not found at segment: الآلات الزراعية","الآلات والمعدات > الآلات الزراعية > جرار > باليتور",باليتور,Balitur,,,
243,not_found,"Subcategory not found at segment: الآلات الزراعية","الآلات والمعدات > الآلات الزراعية > جرار > بانكار",بانكار,Pancar,,,
244,not_found,"Subcategory not found at segment: الآلات الزراعية","الآلات والمعدات > الآلات الزراعية > جرار > برانسون",برانسون,Branson,,,
245,not_found,"Subcategory not found at segment: الآلات الزراعية","الآلات والمعدات > الآلات الزراعية > جرار > بمك",بمك,BMC,,,
246,not_found,"Subcategory not found at segment: الآلات الزراعية","الآلات والمعدات > الآلات الزراعية > جرار > بوروون",بوروون,Borwon,,,
247,not_found,"Subcategory not found at segment: الآلات الزراعية","الآلات والمعدات > الآلات الزراعية > جرار > بوزوك",بوزوك,Bozok,,,
248,not_found,"Subcategory not found at segment: الآلات الزراعية","الآلات والمعدات > الآلات الزراعية > جرار > بوغاي",بوغاي,Bolgar,,,
249,not_found,"Subcategory not found at segment: الآلات الزراعية","الآلات والمعدات > الآلات الزراعية > جرار > بوليندير-مونكتيلل",بوليندير-مونكتيلل,Bolinder-Munktell,,,
250,not_found,"Subcategory not found at segment: الآلات الزراعية","الآلات والمعدات > الآلات الزراعية > جرار > بيركيس",بيركيس,Perkis,,,
251,not_found,"Subcategory not found at segment: الآلات الزراعية","الآلات والمعدات > الآلات الزراعية > جرار > تارال",تارال,Taral,,,
252,not_found,"Subcategory not found at segment: الآلات الزراعية","الآلات والمعدات > الآلات الزراعية > جرار > تافي",تافي,Tafe,,,
253,not_found,"Subcategory not found at segment: الآلات الزراعية","الآلات والمعدات > الآلات الزراعية > جرار > تشيري",تشيري,Chery,,,
254,not_found,"Subcategory not found at segment: الآلات الزراعية","الآلات والمعدات > الآلات الزراعية > جرار > تورك تراكتور","تورك تراكتور","Türk Traktör",,,
255,not_found,"Subcategory not found at segment: الآلات الزراعية","الآلات والمعدات > الآلات الزراعية > جرار > توموسان",توموسان,Tümosan,,,
256,not_found,"Subcategory not found at segment: الآلات الزراعية","الآلات والمعدات > الآلات الزراعية > جرار > تووجو",تووجو,Togo,,,
257,not_found,"Subcategory not found at segment: الآلات الزراعية","الآلات والمعدات > الآلات الزراعية > جرار > جراكي",جراكي,Graki,,,
258,not_found,"Subcategory not found at segment: الآلات الزراعية","الآلات والمعدات > الآلات الزراعية > جرار > جكب",جكب,JCB,,,
259,not_found,"Subcategory not found at segment: الآلات الزراعية","الآلات والمعدات > الآلات الزراعية > جرار > جولدوني",جولدوني,Goldoni,,,
260,not_found,"Subcategory not found at segment: الآلات الزراعية","الآلات والمعدات > الآلات الزراعية > جرار > جونين",جونين,Gönen,,,
261,not_found,"Subcategory not found at segment: الآلات الزراعية","الآلات والمعدات > الآلات الزراعية > جرار > جوهن دييري","جوهن دييري","John Deere",,,
262,not_found,"Subcategory not found at segment: الآلات الزراعية","الآلات والمعدات > الآلات الزراعية > جرار > جينما",جينما,Jinma,,,
263,not_found,"Subcategory not found at segment: الآلات الزراعية","الآلات والمعدات > الآلات الزراعية > جرار > ديكستا",ديكستا,Dexta,,,
264,not_found,"Subcategory not found at segment: الآلات الزراعية","الآلات والمعدات > الآلات الزراعية > جرار > ديوتز-فاهر",ديوتز-فاهر,Deutz-Fahr,,,
265,not_found,"Subcategory not found at segment: الآلات الزراعية","الآلات والمعدات > الآلات الزراعية > جرار > ريببا",ريببا,Rippa,,,
266,not_found,"Subcategory not found at segment: الآلات الزراعية","الآلات والمعدات > الآلات الزراعية > جرار > ريناولت",ريناولت,Renault,,,
267,not_found,"Subcategory not found at segment: الآلات الزراعية","الآلات والمعدات > الآلات الزراعية > جرار > زيتور",زيتور,Zetor,,,
268,not_found,"Subcategory not found at segment: الآلات الزراعية","الآلات والمعدات > الآلات الزراعية > جرار > سامي",سامي,Same,,,
269,not_found,"Subcategory not found at segment: الآلات الزراعية","الآلات والمعدات > الآلات الزراعية > جرار > ستيير",ستيير,Steyr,,,
270,not_found,"Subcategory not found at segment: الآلات الزراعية","الآلات والمعدات > الآلات الزراعية > جرار > سوبير ستار","سوبير ستار","Super Star",,,
271,not_found,"Subcategory not found at segment: الآلات الزراعية","الآلات والمعدات > الآلات الزراعية > جرار > سوبير ماجور","سوبير ماجور","Super Major",,,
272,not_found,"Subcategory not found at segment: الآلات الزراعية","الآلات والمعدات > الآلات الزراعية > جرار > سوليس",سوليس,Solis,,,
273,not_found,"Subcategory not found at segment: الآلات الزراعية","الآلات والمعدات > الآلات الزراعية > جرار > سونواي",سونواي,Sunway,,,
274,not_found,"Subcategory not found at segment: الآلات الزراعية","الآلات والمعدات > الآلات الزراعية > جرار > فاتيه",فاتيه,Fatih,,,
275,not_found,"Subcategory not found at segment: الآلات الزراعية","الآلات والمعدات > الآلات الزراعية > جرار > فارمتراك",فارمتراك,Farmtrac,,,
276,not_found,"Subcategory not found at segment: الآلات الزراعية","الآلات والمعدات > الآلات الزراعية > جرار > فالترا",فالترا,Valtra,,,
277,not_found,"Subcategory not found at segment: الآلات الزراعية","الآلات والمعدات > الآلات الزراعية > جرار > فوتون",فوتون,Foton,,,
278,not_found,"Subcategory not found at segment: الآلات الزراعية","الآلات والمعدات > الآلات الزراعية > جرار > فورد",فورد,Ford,,,
279,not_found,"Subcategory not found at segment: الآلات الزراعية","الآلات والمعدات > الآلات الزراعية > جرار > فولفو",فولفو,Volvo,,,
280,not_found,"Subcategory not found at segment: الآلات الزراعية","الآلات والمعدات > الآلات الزراعية > جرار > فيات",فيات,Fiat,,,
281,not_found,"Subcategory not found at segment: الآلات الزراعية","الآلات والمعدات > الآلات الزراعية > جرار > فيرراري",فيرراري,Ferrari,,,
282,not_found,"Subcategory not found at segment: الآلات الزراعية","الآلات والمعدات > الآلات الزراعية > جرار > فيندت",فيندت,Fendt,,,
283,not_found,"Subcategory not found at segment: الآلات الزراعية","الآلات والمعدات > الآلات الزراعية > جرار > كاان",كاان,Kaan,,,
284,not_found,"Subcategory not found at segment: الآلات الزراعية","الآلات والمعدات > الآلات الزراعية > جرار > كابتاين",كابتاين,Captain,,,
285,not_found,"Subcategory not found at segment: الآلات الزراعية","الآلات والمعدات > الآلات الزراعية > جرار > كاتسو",كاتسو,Katsu,,,
286,not_found,"Subcategory not found at segment: الآلات الزراعية","الآلات والمعدات > الآلات الزراعية > جرار > كاراتاش",كاراتاش,Karataş,,,
287,not_found,"Subcategory not found at segment: الآلات الزراعية","الآلات والمعدات > الآلات الزراعية > جرار > كاررارو",كاررارو,Carraro,,,
288,not_found,"Subcategory not found at segment: الآلات الزراعية","الآلات والمعدات > الآلات الزراعية > جرار > كاسي يه","كاسي يه","Case IH",,,
289,not_found,"Subcategory not found at segment: الآلات الزراعية","الآلات والمعدات > الآلات الزراعية > جرار > كلااس",كلااس,Claas,,,
290,not_found,"Subcategory not found at segment: الآلات الزراعية","الآلات والمعدات > الآلات الزراعية > جرار > كوبوتا",كوبوتا,Kubota,,,
291,not_found,"Subcategory not found at segment: الآلات الزراعية","الآلات والمعدات > الآلات الزراعية > جرار > كيوتي",كيوتي,Kioti,,,
292,not_found,"Subcategory not found at segment: الآلات الزراعية","الآلات والمعدات > الآلات الزراعية > جرار > لامبورغيني",لامبورغيني,Lamborghini,,,
293,not_found,"Subcategory not found at segment: الآلات الزراعية","الآلات والمعدات > الآلات الزراعية > جرار > لانديني",لانديني,Landini,,,
294,not_found,"Subcategory not found at segment: الآلات الزراعية","الآلات والمعدات > الآلات الزراعية > جرار > لج",لج,LG,,,
295,not_found,"Subcategory not found at segment: الآلات الزراعية","الآلات والمعدات > الآلات الزراعية > جرار > لس تراكتور","لس تراكتور","LS Tractor",,,
296,not_found,"Subcategory not found at segment: الآلات الزراعية","الآلات والمعدات > الآلات الزراعية > جرار > لومباردين",لومباردين,Lombardini,,,
297,not_found,"Subcategory not found at segment: الآلات الزراعية","الآلات والمعدات > الآلات الزراعية > جرار > لييلاند",لييلاند,Leyland,,,
298,not_found,"Subcategory not found at segment: الآلات الزراعية","الآلات والمعدات > الآلات الزراعية > جرار > ماسسيي فيرجوسون","ماسسيي فيرجوسون","Massey Ferguson",,,
299,not_found,"Subcategory not found at segment: الآلات الزراعية","الآلات والمعدات > الآلات الزراعية > جرار > ماسسيي هارريس","ماسسيي هارريس","Massey Harris",,,
300,not_found,"Subcategory not found at segment: الآلات الزراعية","الآلات والمعدات > الآلات الزراعية > جرار > ماهيندرا",ماهيندرا,Mahindra,,,
301,not_found,"Subcategory not found at segment: الآلات الزراعية","الآلات والمعدات > الآلات الزراعية > جرار > مككورميك",مككورميك,McCormick,,,
302,not_found,"Subcategory not found at segment: الآلات الزراعية","الآلات والمعدات > الآلات الزراعية > جرار > موشوروغلو",موشوروغلو,Muşuroğlu,,,
303,not_found,"Subcategory not found at segment: الآلات الزراعية","الآلات والمعدات > الآلات الزراعية > جرار > مي",مي,Mİ,,,
304,not_found,"Subcategory not found at segment: الآلات الزراعية","الآلات والمعدات > الآلات الزراعية > جرار > ميركيديس-بينز",ميركيديس-بينز,Mercedes-Benz,,,
305,not_found,"Subcategory not found at segment: الآلات الزراعية","الآلات والمعدات > الآلات الزراعية > جرار > نوومان",نوومان,Numan,,,
306,not_found,"Subcategory not found at segment: الآلات الزراعية","الآلات والمعدات > الآلات الزراعية > جرار > نيببي",نيببي,Nibbi,,,
307,not_found,"Subcategory not found at segment: الآلات الزراعية","الآلات والمعدات > الآلات الزراعية > جرار > نيو هوللاند","نيو هوللاند","New Holland",,,
308,not_found,"Subcategory not found at segment: الآلات الزراعية","الآلات والمعدات > الآلات الزراعية > جرار > هاتتات",هاتتات,Hattat,,,
309,not_found,"Subcategory not found at segment: الآلات الزراعية","الآلات والمعدات > الآلات الزراعية > جرار > هارس",هارس,Hars,,,
310,not_found,"Subcategory not found at segment: الآلات الزراعية","الآلات والمعدات > الآلات الزراعية > جرار > هارمان",هارمان,Harman,,,
311,not_found,"Subcategory not found at segment: الآلات الزراعية","الآلات والمعدات > الآلات الزراعية > جرار > هولدير",هولدير,Holder,,,
312,not_found,"Subcategory not found at segment: الآلات الزراعية","الآلات والمعدات > الآلات الزراعية > جرار > هيما",هيما,Hema,,,
313,not_found,"Subcategory not found at segment: الآلات الزراعية","الآلات والمعدات > الآلات الزراعية > جرار > ورسوس",ورسوس,Ursus,,,
314,not_found,"Subcategory not found at segment: الآلات الزراعية","الآلات والمعدات > الآلات الزراعية > جرار > وزيل",وزيل,"Uzel Traktör",,,
315,not_found,"Subcategory not found at segment: الآلات الزراعية","الآلات والمعدات > الآلات الزراعية > جرار > ونيفرسال",ونيفرسال,Universal,,,
316,not_found,"Subcategory not found at segment: الآلات الزراعية","الآلات والمعدات > الآلات الزراعية > جرار > ياغمور",ياغمور,Yağmur,,,
317,not_found,"Subcategory not found at segment: الآلات الزراعية","الآلات والمعدات > الآلات الزراعية > جرار > يانمار",يانمار,Yanmar,,,
318,not_found,"Subcategory not found at segment: الآلات الزراعية","الآلات والمعدات > الآلات الزراعية > جرار > يبرو",يبرو,Ebro,,,
319,not_found,"Subcategory not found at segment: الآلات الزراعية","الآلات والمعدات > الآلات الزراعية > جرار > يركونت",يركونت,Erkunt,,,
320,not_found,"Subcategory not found at segment: الآلات الزراعية","الآلات والمعدات > الآلات الزراعية > جرار > يشبورا",يشبورا,Isbora,,,
321,not_found,"Subcategory not found at segment: الآلات الزراعية","الآلات والمعدات > الآلات الزراعية > جرار > يلتار",يلتار,YılTar,,,
322,not_found,"Subcategory not found at segment: الآلات الزراعية","الآلات والمعدات > الآلات الزراعية > جرار > يمت",يمت,IMT,,,
323,not_found,"Subcategory not found at segment: الآلات الزراعية","الآلات والمعدات > الآلات الزراعية > جرار > ييتشير",ييتشير,Eicher,,,
324,not_found,"Category not found: العقارات","العقارات > سكن > للإيجار > ريزيدنس",ريزيدنس,"شقة ضمن مجمع سكني",,,
325,not_found,"Category not found: العقارات","العقارات > سكن > للإيجار > شقة يالي على الواجهة البحرية","شقة يالي على الواجهة البحرية","شقة مصيفية على البحر",,,
326,not_found,"Category not found: العقارات","العقارات > سكن > للإيجار > قصر أو منزل تراثي","قصر أو منزل تراثي","بيت عربي تراثي",,,
327,not_found,"Category not found: العقارات","العقارات > سكن > للإيجار > منزل مزرعة","منزل مزرعة",مزرعة,,,
328,not_found,"Category not found: العقارات","العقارات > سكن > للإيجار > يالٍ على الواجهة البحرية","يالٍ على الواجهة البحرية","شاليه على البحر",,,
329,not_found,"Category not found: العقارات","العقارات > سكن > للبيع > ريزيدنس",ريزيدنس,"شقة ضمن مجمع سكني",,,
330,not_found,"Category not found: العقارات","العقارات > سكن > للبيع > شقة يالي على الواجهة البحرية","شقة يالي على الواجهة البحرية","شقة مصيفية على البحر",,,
331,not_found,"Category not found: العقارات","العقارات > سكن > للبيع > قصر أو منزل تراثي","قصر أو منزل تراثي","بيت عربي تراثي",,,
332,not_found,"Category not found: العقارات","العقارات > سكن > للبيع > منزل مزرعة","منزل مزرعة",مزرعة,,,
333,not_found,"Category not found: العقارات","العقارات > سكن > للبيع > يالٍ على الواجهة البحرية","يالٍ على الواجهة البحرية","شاليه على البحر",,,
334,not_found,"Category not found: العقارات","العقارات > عقار تجاري > تنازل عن عقد الإيجار > بوفيه شاي","بوفيه شاي","بوفيه أو كافتيريا صغيرة",,,
335,not_found,"Category not found: العقارات","العقارات > عقار تجاري > تنازل عن عقد الإيجار > خدمة فنية","خدمة فنية","خدمات فنية",,,
336,not_found,"Category not found: العقارات","العقارات > عقار تجاري > تنازل عن عقد الإيجار > دورة مياه","دورة مياه","حمام عمومي",,,
337,not_found,"Category not found: العقارات","العقارات > عقار تجاري > تنازل عن عقد الإيجار > سبا وحمام تركي وساونا","سبا وحمام تركي وساونا","سبا وساونا",,,
338,not_found,"Category not found: العقارات","العقارات > عقار تجاري > تنازل عن عقد الإيجار > طابق أو مكتب في ريزيدنس","طابق أو مكتب في ريزيدنس","طابق أو مكتب ضمن مجمع سكني",,,
339,not_found,"Category not found: العقارات","العقارات > عقار تجاري > تنازل عن عقد الإيجار > كشك داخل مركز تسوق","كشك داخل مركز تسوق","كشك داخل مول",,,
340,not_found,"Category not found: العقارات","العقارات > عقار تجاري > تنازل عن عقد الإيجار > متجر شَركوتري","متجر شَركوتري","ملحمة أو قصاب",,,
341,not_found,"Category not found: العقارات","العقارات > عقار تجاري > تنازل عن عقد الإيجار > متجر مشروبات وتبغ مرخص","متجر مشروبات وتبغ مرخص","محل مشروبات وتبغ مرخص",,,
342,not_found,"Category not found: العقارات","العقارات > عقار تجاري > تنازل عن عقد الإيجار > محل بورك","محل بورك","محل معجنات",,,
343,not_found,"Category not found: العقارات","العقارات > عقار تجاري > تنازل عن عقد الإيجار > محل خردوات وخياطة","محل خردوات وخياطة","خردوات ولوازم خياطة",,,
344,not_found,"Category not found: العقارات","العقارات > عقار تجاري > تنازل عن عقد الإيجار > مركز سداد فواتير","مركز سداد فواتير","مركز دفع فواتير",,,
345,not_found,"Category not found: العقارات","العقارات > عقار تجاري > تنازل عن عقد الإيجار > مستودع ومخزن","مستودع ومخزن","مستودع أو مخزن",,,
346,not_found,"Category not found: العقارات","العقارات > عقار تجاري > تنازل عن عقد الإيجار > مكان ريفي وحديقة إفطار","مكان ريفي وحديقة إفطار","استراحة أو مطعم",,,
347,not_found,"Category not found: العقارات","العقارات > عقار تجاري > تنازل عن عقد الإيجار > منشأة رياضية","منشأة رياضية","مركز رياضي",,,
348,not_found,"Category not found: العقارات","العقارات > عقار تجاري > تنازل عن عقد الإيجار > وكيل مياه وأنابيب غاز","وكيل مياه وأنابيب غاز","موزع مياه وغاز",,,
349,not_found,"Category not found: العقارات","العقارات > عقار تجاري > للإيجار > سبا وحمام تركي وساونا","سبا وحمام تركي وساونا","سبا وساونا",,,
350,not_found,"Category not found: العقارات","العقارات > عقار تجاري > للإيجار > طابق أو مكتب في ريزيدنس","طابق أو مكتب في ريزيدنس","طابق أو مكتب ضمن مجمع سكني",,,
351,not_found,"Category not found: العقارات","العقارات > عقار تجاري > للإيجار > مرآب وموقف","مرآب وموقف","كراج أو موقف سيارات",,,
352,not_found,"Category not found: العقارات","العقارات > عقار تجاري > للإيجار > مستودع ومخزن","مستودع ومخزن","مستودع أو مخزن",,,
353,not_found,"Category not found: العقارات","العقارات > عقار تجاري > للإيجار > مكان ريفي وحديقة إفطار","مكان ريفي وحديقة إفطار","استراحة أو مطعم",,,
354,not_found,"Category not found: العقارات","العقارات > عقار تجاري > للإيجار > مكتب جاهز أو افتراضي","مكتب جاهز أو افتراضي","مكتب مجهز",,,
355,not_found,"Category not found: العقارات","العقارات > عقار تجاري > للإيجار > منشأة رياضية","منشأة رياضية","مركز رياضي",,,
356,not_found,"Category not found: العقارات","العقارات > عقار تجاري > للبيع > سبا وحمام تركي وساونا","سبا وحمام تركي وساونا","سبا وساونا",,,
357,not_found,"Category not found: العقارات","العقارات > عقار تجاري > للبيع > طابق أو مكتب في ريزيدنس","طابق أو مكتب في ريزيدنس","طابق أو مكتب ضمن مجمع سكني",,,
358,not_found,"Category not found: العقارات","العقارات > عقار تجاري > للبيع > مرآب وموقف","مرآب وموقف","كراج أو موقف سيارات",,,
359,not_found,"Category not found: العقارات","العقارات > عقار تجاري > للبيع > مستودع ومخزن","مستودع ومخزن","مستودع أو مخزن",,,
360,not_found,"Category not found: العقارات","العقارات > عقار تجاري > للبيع > مكان ريفي وحديقة إفطار","مكان ريفي وحديقة إفطار","استراحة أو مطعم",,,
361,not_found,"Category not found: العقارات","العقارات > عقار تجاري > للبيع > منشأة رياضية","منشأة رياضية","مركز رياضي",,,
362,not_found,"Category not found: العقارات","العقارات > عقار تجاري > للبيع مع التنازل عن النشاط > خدمة فنية","خدمة فنية","خدمات فنية",,,
363,not_found,"Category not found: العقارات","العقارات > عقار تجاري > للبيع مع التنازل عن النشاط > دورة مياه","دورة مياه","حمام عمومي",,,
364,not_found,"Category not found: العقارات","العقارات > عقار تجاري > للبيع مع التنازل عن النشاط > سبا وحمام تركي وساونا","سبا وحمام تركي وساونا","سبا وساونا",,,
365,not_found,"Category not found: العقارات","العقارات > عقار تجاري > للبيع مع التنازل عن النشاط > مكان ريفي وحديقة إفطار","مكان ريفي وحديقة إفطار","استراحة أو مطعم",,,
366,not_found,"Category not found: العقارات","العقارات > عقار تجاري > للبيع مع التنازل عن النشاط > وكيل مياه وأنابيب غاز","وكيل مياه وأنابيب غاز","موزع مياه وغاز",,,
367,skipped_same,"Already has target name_ar","المركبات > المركبات التجارية > الحافلات > akia",akia,AKIA,,,
368,skipped_same,"Already has target name_ar","المركبات > المركبات التجارية > الحافلات > bmc",bmc,BMC,,,
369,name_mismatch,"DB name_ar does not match current name (id 38081)","المركبات > المركبات التجارية > الحافلات > gu leryu z","gu leryu z",Güleryüz,,,
370,skipped_same,"Already has target name_ar","المركبات > المركبات التجارية > الحافلات > hyundai",hyundai,Hyundai,,,
371,skipped_same,"Already has target name_ar","المركبات > المركبات التجارية > الحافلات > irizar",irizar,Irizar,,,
372,skipped_same,"Already has target name_ar","المركبات > المركبات التجارية > الحافلات > isuzu",isuzu,Isuzu,,,
373,skipped_same,"Already has target name_ar","المركبات > المركبات التجارية > الحافلات > iveco",iveco,Iveco,,,
374,skipped_same,"Already has target name_ar","المركبات > المركبات التجارية > الحافلات > karsan",karsan,Karsan,,,
375,skipped_same,"Already has target name_ar","المركبات > المركبات التجارية > الحافلات > man",man,MAN,,,
376,updated,"Updated subcategory","المركبات > المركبات التجارية > الحافلات > mercedes- benz","mercedes- benz",Mercedes-Benz,subcategory,38088,"mercedes- benz"
377,skipped_same,"Already has target name_ar","المركبات > المركبات التجارية > الحافلات > mitsubishi",mitsubishi,Mitsubishi,,,
378,skipped_same,"Already has target name_ar","المركبات > المركبات التجارية > الحافلات > neoplan",neoplan,Neoplan,,,
379,skipped_same,"Already has target name_ar","المركبات > المركبات التجارية > الحافلات > otokar",otokar,Otokar,,,
380,skipped_same,"Already has target name_ar","المركبات > المركبات التجارية > الحافلات > scania",scania,Scania,,,
381,skipped_same,"Already has target name_ar","المركبات > المركبات التجارية > الحافلات > setra",setra,Setra,,,
382,skipped_same,"Already has target name_ar","المركبات > المركبات التجارية > الحافلات > tcv",tcv,TCV,,,
383,skipped_same,"Already has target name_ar","المركبات > المركبات التجارية > الحافلات > temsa",temsa,Temsa,,,
384,skipped_same,"Already has target name_ar","المركبات > المركبات التجارية > الحافلات > tezeller",tezeller,Tezeller,,,
385,name_mismatch,"DB name_ar does not match current name (id 38097)","المركبات > المركبات التجارية > الحافلات > tu rkkar","tu rkkar",Türkkar,,,
386,not_found,"Subcategory not found at segment: الشاحنات القاطرة","المركبات > المركبات التجارية > الشاحنات القاطرة > askam",askam,Askam,,,
387,not_found,"Subcategory not found at segment: الشاحنات القاطرة","المركبات > المركبات التجارية > الشاحنات القاطرة > bmc",bmc,BMC,,,
388,not_found,"Subcategory not found at segment: الشاحنات القاطرة","المركبات > المركبات التجارية > الشاحنات القاطرة > gazelle",gazelle,GAZelle,,,
389,not_found,"Subcategory not found at segment: الشاحنات القاطرة","المركبات > المركبات التجارية > الشاحنات القاطرة > iveco",iveco,Iveco,,,
390,skipped_same,"Already has target name_ar (fallback match)","المركبات > المركبات التجارية > الشاحنات القاطرة > mack",mack,Mack,,,
391,not_found,"Subcategory not found at segment: الشاحنات القاطرة","المركبات > المركبات التجارية > الشاحنات القاطرة > man",man,MAN,,,
392,skipped_same,"Already has target name_ar (fallback match)","المركبات > المركبات التجارية > الشاحنات القاطرة > maz",maz,MAZ,,,
393,not_found,"Subcategory not found at segment: الشاحنات القاطرة","المركبات > المركبات التجارية > الشاحنات القاطرة > mercedes- benz","mercedes- benz",Mercedes-Benz,,,
394,not_found,"Subcategory not found at segment: الشاحنات القاطرة","المركبات > المركبات التجارية > الشاحنات القاطرة > scania",scania,Scania,,,
395,not_found,"Subcategory not found at segment: الشاحنات القاطرة","المركبات > المركبات التجارية > الشاحنات القاطرة > volvo",volvo,Volvo,,,
396,not_found,"Subcategory not found at segment: الشاحنات القاطرة","المركبات > المركبات التجارية > الشاحنات القاطرة > شاحنات رينو","شاحنات رينو","Renault Trucks",,,
397,updated,"Updated subcategory (fallback by name in category)","المركبات > المركبات التجارية > الشاحنات القاطرة > شاحنات فورد","شاحنات فورد","Ford Trucks",subcategory,43743,"شاحنات فورد"
398,skipped_same,"Already has target name_ar","المركبات > المركبات التجارية > الشاحنات والشاحنات الخفيفة > akeso",akeso,Akeso,,,
399,skipped_same,"Already has target name_ar","المركبات > المركبات التجارية > الشاحنات والشاحنات الخفيفة > alke",alke,Alke,,,
400,skipped_same,"Already has target name_ar","المركبات > المركبات التجارية > الشاحنات والشاحنات الخفيفة > anadol",anadol,Anadol,,,
401,skipped_same,"Already has target name_ar","المركبات > المركبات التجارية > الشاحنات والشاحنات الخفيفة > askam",askam,Askam,,,
402,skipped_same,"Already has target name_ar","المركبات > المركبات التجارية > الشاحنات والشاحنات الخفيفة > astra",astra,Astra,,,
403,skipped_same,"Already has target name_ar","المركبات > المركبات التجارية > الشاحنات والشاحنات الخفيفة > bedford",bedford,Bedford,,,
404,skipped_same,"Already has target name_ar","المركبات > المركبات التجارية > الشاحنات والشاحنات الخفيفة > bmc",bmc,BMC,,,
405,skipped_same,"Already has target name_ar","المركبات > المركبات التجارية > الشاحنات والشاحنات الخفيفة > chrysler",chrysler,Chrysler,,,
406,name_mismatch,"DB name_ar does not match current name (id 38814)","المركبات > المركبات التجارية > الشاحنات والشاحنات الخفيفة > citroen",citroen,Citroën,,,
407,skipped_same,"Already has target name_ar","المركبات > المركبات التجارية > الشاحنات والشاحنات الخفيفة > dacia",dacia,Dacia,,,
408,skipped_same,"Already has target name_ar","المركبات > المركبات التجارية > الشاحنات والشاحنات الخفيفة > daewoo",daewoo,Daewoo,,,
409,skipped_same,"Already has target name_ar","المركبات > المركبات التجارية > الشاحنات والشاحنات الخفيفة > daf",daf,DAF,,,
410,skipped_same,"Already has target name_ar","المركبات > المركبات التجارية > الشاحنات والشاحنات الخفيفة > daihatsu",daihatsu,Daihatsu,,,
411,skipped_same,"Already has target name_ar","المركبات > المركبات التجارية > الشاحنات والشاحنات الخفيفة > dfm",dfm,DFM,,,
412,name_mismatch,"DB name_ar does not match current name (id 38820)","المركبات > المركبات التجارية > الشاحنات والشاحنات الخفيفة > dfsk( dfm)","dfsk( dfm)",DFSK,,,
413,skipped_same,"Already has target name_ar","المركبات > المركبات التجارية > الشاحنات والشاحنات الخفيفة > dodge",dodge,Dodge,,,
414,skipped_same,"Already has target name_ar","المركبات > المركبات التجارية > الشاحنات والشاحنات الخفيفة > fiat",fiat,Fiat,,,
415,skipped_same,"Already has target name_ar","المركبات > المركبات التجارية > الشاحنات والشاحنات الخفيفة > folkvan",folkvan,Folkvan,,,
416,skipped_same,"Already has target name_ar","المركبات > المركبات التجارية > الشاحنات والشاحنات الخفيفة > gaz",gaz,GAZ,,,
417,name_mismatch,"DB name_ar does not match current name (id 38826)","المركبات > المركبات التجارية > الشاحنات والشاحنات الخفيفة > hfkanuni",hfkanuni,"HF Kanuni",,,
418,skipped_same,"Already has target name_ar","المركبات > المركبات التجارية > الشاحنات والشاحنات الخفيفة > hino",hino,Hino,,,
419,skipped_same,"Already has target name_ar","المركبات > المركبات التجارية > الشاحنات والشاحنات الخفيفة > hyundai",hyundai,Hyundai,,,
420,skipped_same,"Already has target name_ar","المركبات > المركبات التجارية > الشاحنات والشاحنات الخفيفة > isuzu",isuzu,Isuzu,,,
421,skipped_same,"Already has target name_ar","المركبات > المركبات التجارية > الشاحنات والشاحنات الخفيفة > jac",jac,JAC,,,
422,skipped_same,"Already has target name_ar","المركبات > المركبات التجارية > الشاحنات والشاحنات الخفيفة > kia",kia,Kia,,,
423,skipped_same,"Already has target name_ar","المركبات > المركبات التجارية > الشاحنات والشاحنات الخفيفة > kuba",kuba,Kuba,,,
424,skipped_same,"Already has target name_ar","المركبات > المركبات التجارية > الشاحنات والشاحنات الخفيفة > man",man,MAN,,,
425,skipped_same,"Already has target name_ar","المركبات > المركبات التجارية > الشاحنات والشاحنات الخفيفة > maxus",maxus,Maxus,,,
426,skipped_same,"Already has target name_ar","المركبات > المركبات التجارية > الشاحنات والشاحنات الخفيفة > mazda",mazda,Mazda,,,
427,updated,"Updated subcategory","المركبات > المركبات التجارية > الشاحنات والشاحنات الخفيفة > mercedes- benz","mercedes- benz",Mercedes-Benz,subcategory,38836,"mercedes- benz"
428,name_mismatch,"DB name_ar does not match current name (id 38837)","المركبات > المركبات التجارية > الشاحنات والشاحنات الخفيفة > mitsubishi- temsa","mitsubishi- temsa","Mitsubishi Temsa",,,
429,skipped_same,"Already has target name_ar","المركبات > المركبات التجارية > الشاحنات والشاحنات الخفيفة > musatti",musatti,Musatti,,,
430,skipped_same,"Already has target name_ar","المركبات > المركبات التجارية > الشاحنات والشاحنات الخفيفة > nissan",nissan,Nissan,,,
431,skipped_same,"Already has target name_ar","المركبات > المركبات التجارية > الشاحنات والشاحنات الخفيفة > opel",opel,Opel,,,
432,skipped_same,"Already has target name_ar","المركبات > المركبات التجارية > الشاحنات والشاحنات الخفيفة > otokar",otokar,Otokar,,,
433,skipped_same,"Already has target name_ar","المركبات > المركبات التجارية > الشاحنات والشاحنات الخفيفة > peugeot",peugeot,Peugeot,,,
434,skipped_same,"Already has target name_ar","المركبات > المركبات التجارية > الشاحنات والشاحنات الخفيفة > piaggio",piaggio,Piaggio,,,
435,skipped_same,"Already has target name_ar","المركبات > المركبات التجارية > الشاحنات والشاحنات الخفيفة > proton",proton,Proton,,,
436,skipped_same,"Already has target name_ar","المركبات > المركبات التجارية > الشاحنات والشاحنات الخفيفة > rainwoll",rainwoll,Rainwoll,,,
437,skipped_same,"Already has target name_ar","المركبات > المركبات التجارية > الشاحنات والشاحنات الخفيفة > relive",relive,Relive,,,
438,skipped_same,"Already has target name_ar","المركبات > المركبات التجارية > الشاحنات والشاحنات الخفيفة > samsung",samsung,Samsung,,,
439,skipped_same,"Already has target name_ar","المركبات > المركبات التجارية > الشاحنات والشاحنات الخفيفة > sany",sany,Sany,,,
440,skipped_same,"Already has target name_ar","المركبات > المركبات التجارية > الشاحنات والشاحنات الخفيفة > scania",scania,Scania,,,
441,skipped_same,"Already has target name_ar","المركبات > المركبات التجارية > الشاحنات والشاحنات الخفيفة > skoda",skoda,Skoda,,,
442,skipped_same,"Already has target name_ar","المركبات > المركبات التجارية > الشاحنات والشاحنات الخفيفة > skyjet",skyjet,Skyjet,,,
443,skipped_same,"Already has target name_ar","المركبات > المركبات التجارية > الشاحنات والشاحنات الخفيفة > suzuki",suzuki,Suzuki,,,
444,skipped_same,"Already has target name_ar","المركبات > المركبات التجارية > الشاحنات والشاحنات الخفيفة > tata",tata,Tata,,,
445,skipped_same,"Already has target name_ar","المركبات > المركبات التجارية > الشاحنات والشاحنات الخفيفة > tenax",tenax,Tenax,,,
446,skipped_same,"Already has target name_ar","المركبات > المركبات التجارية > الشاحنات والشاحنات الخفيفة > toyota",toyota,Toyota,,,
447,skipped_same,"Already has target name_ar","المركبات > المركبات التجارية > الشاحنات والشاحنات الخفيفة > volkswagen",volkswagen,Volkswagen,,,
448,skipped_same,"Already has target name_ar","المركبات > المركبات التجارية > الشاحنات والشاحنات الخفيفة > volta",volta,Volta,,,
449,skipped_same,"Already has target name_ar","المركبات > المركبات التجارية > الشاحنات والشاحنات الخفيفة > volvo",volvo,Volvo,,,
450,skipped_same,"Already has target name_ar","المركبات > المركبات التجارية > الشاحنات والشاحنات الخفيفة > yuki",yuki,Yuki,,,
451,not_found,"Subcategory not found at segment: شاحنات رينو","المركبات > المركبات التجارية > الشاحنات والشاحنات الخفيفة > شاحنات رينو","شاحنات رينو",Renault,,,
452,not_found,"Subcategory not found at segment: شاحنات فورد","المركبات > المركبات التجارية > الشاحنات والشاحنات الخفيفة > شاحنات فورد","شاحنات فورد",Ford,,,
453,not_found,"Subcategory not found at segment: الميني باص والميدي باص","المركبات > المركبات التجارية > الميني باص والميدي باص > bmc",bmc,BMC,,,
454,not_found,"Subcategory not found at segment: الميني باص والميدي باص","المركبات > المركبات التجارية > الميني باص والميدي باص > citroen",citroen,Citroen,,,
455,not_found,"Subcategory not found at segment: الميني باص والميدي باص","المركبات > المركبات التجارية > الميني باص والميدي باص > fiat",fiat,Fiat,,,
456,not_found,"Subcategory not found at segment: الميني باص والميدي باص","المركبات > المركبات التجارية > الميني باص والميدي باص > ford otosan","ford otosan","Ford Otosan",,,
457,not_found,"Subcategory not found at segment: الميني باص والميدي باص","المركبات > المركبات التجارية > الميني باص والميدي باص > gaz",gaz,GAZ,,,
458,not_found,"Subcategory not found at segment: الميني باص والميدي باص","المركبات > المركبات التجارية > الميني باص والميدي باص > hyundai",hyundai,Hyundai,,,
459,not_found,"Subcategory not found at segment: الميني باص والميدي باص","المركبات > المركبات التجارية > الميني باص والميدي باص > isuzu",isuzu,Isuzu,,,
460,updated,"Updated subcategory (fallback by name in category)","المركبات > المركبات التجارية > الميني باص والميدي باص > iveco- otoyol","iveco- otoyol",Iveco-Otoyol,subcategory,38235,"iveco- otoyol"
461,not_found,"Subcategory not found at segment: الميني باص والميدي باص","المركبات > المركبات التجارية > الميني باص والميدي باص > karsan",karsan,Karsan,,,
462,not_found,"Subcategory not found at segment: الميني باص والميدي باص","المركبات > المركبات التجارية > الميني باص والميدي باص > kia",kia,Kia,,,
463,skipped_same,"Already has target name_ar (fallback match)","المركبات > المركبات التجارية > الميني باص والميدي باص > magirus",magirus,Magirus,,,
464,not_found,"Subcategory not found at segment: الميني باص والميدي باص","المركبات > المركبات التجارية > الميني باص والميدي باص > man",man,MAN,,,
465,not_found,"Subcategory not found at segment: الميني باص والميدي باص","المركبات > المركبات التجارية > الميني باص والميدي باص > mercedes- benz","mercedes- benz",Mercedes-Benz,,,
466,not_found,"Subcategory not found at segment: الميني باص والميدي باص","المركبات > المركبات التجارية > الميني باص والميدي باص > mitsubishi",mitsubishi,Mitsubishi,,,
467,not_found,"Subcategory not found at segment: الميني باص والميدي باص","المركبات > المركبات التجارية > الميني باص والميدي باص > opel",opel,Opel,,,
468,not_found,"Subcategory not found at segment: الميني باص والميدي باص","المركبات > المركبات التجارية > الميني باص والميدي باص > otokar",otokar,Otokar,,,
469,not_found,"Subcategory not found at segment: الميني باص والميدي باص","المركبات > المركبات التجارية > الميني باص والميدي باص > peugeot",peugeot,Peugeot,,,
470,not_found,"Subcategory not found at segment: الميني باص والميدي باص","المركبات > المركبات التجارية > الميني باص والميدي باص > renault",renault,Renault,,,
471,not_found,"Subcategory not found at segment: الميني باص والميدي باص","المركبات > المركبات التجارية > الميني باص والميدي باص > temsa",temsa,TEMSA,,,
472,not_found,"Subcategory not found at segment: الميني باص والميدي باص","المركبات > المركبات التجارية > الميني باص والميدي باص > volkswagen",volkswagen,Volkswagen,,,
473,not_found,"Subcategory not found at segment: الميني باص والميدي باص","المركبات > المركبات التجارية > الميني باص والميدي باص > سلاسل أخرى","سلاسل أخرى","ماركات أخرى",,,
474,not_found,"Subcategory not found at segment: أوبل","المركبات > سيارات > أوبل > GT رودستر","GT رودستر","GT Roadster",,,
475,not_found,"Subcategory not found at segment: أوبل","المركبات > سيارات > أوبل > آدم",آدم,Adam,,,
476,not_found,"Subcategory not found at segment: أوبل","المركبات > سيارات > أوبل > أجيلا",أجيلا,Agila,,,
477,not_found,"Subcategory not found at segment: أوبل","المركبات > سيارات > أوبل > أسترا",أسترا,Astra,,,
478,not_found,"Subcategory not found at segment: أوبل","المركبات > سيارات > أوبل > أسترا e","أسترا e",Astra-e,,,
479,not_found,"Subcategory not found at segment: أوبل","المركبات > سيارات > أوبل > أسكونا",أسكونا,Ascona,,,
480,not_found,"Subcategory not found at segment: أوبل","المركبات > سيارات > أوبل > أمبيرا",أمبيرا,Ampera,,,
481,not_found,"Subcategory not found at segment: أوبل","المركبات > سيارات > أوبل > أوميغا",أوميغا,Omega,,,
482,not_found,"Subcategory not found at segment: أوبل","المركبات > سيارات > أوبل > إنسيجنيا",إنسيجنيا,Insignia,,,
483,not_found,"Subcategory not found at segment: أوبل","المركبات > سيارات > أوبل > تيغرا",تيغرا,Tigra,,,
484,not_found,"Subcategory not found at segment: أوبل","المركبات > سيارات > أوبل > ريكورد",ريكورد,Rekord,,,
485,not_found,"Subcategory not found at segment: أوبل","المركبات > سيارات > أوبل > زافيرا",زافيرا,Zafira,,,
486,not_found,"Subcategory not found at segment: أوبل","المركبات > سيارات > أوبل > سيغنم",سيغنم,Signum,,,
487,not_found,"Subcategory not found at segment: أوبل","المركبات > سيارات > أوبل > فيكترا",فيكترا,Vectra,,,
488,not_found,"Subcategory not found at segment: أوبل","المركبات > سيارات > أوبل > كاديت",كاديت,Kadett,,,
489,not_found,"Subcategory not found at segment: أوبل","المركبات > سيارات > أوبل > كارل",كارل,Karl,,,
490,not_found,"Subcategory not found at segment: أوبل","المركبات > سيارات > أوبل > كاسكادا",كاسكادا,Cascada,,,
491,not_found,"Subcategory not found at segment: أوبل","المركبات > سيارات > أوبل > كاليبرا",كاليبرا,Calibra,,,
492,not_found,"Subcategory not found at segment: أوبل","المركبات > سيارات > أوبل > كورسا",كورسا,Corsa,,,
493,not_found,"Subcategory not found at segment: أوبل","المركبات > سيارات > أوبل > كورسا e","كورسا e",Corsa-e,,,
494,not_found,"Subcategory not found at segment: أوبل","المركبات > سيارات > أوبل > ميريفا",ميريفا,Meriva,,,
495,not_found,"Subcategory not found at segment: أودي","المركبات > سيارات > أودي > RS",RS,"RS Series",,,
496,not_found,"Subcategory not found at segment: أودي","المركبات > سيارات > أودي > إي-ترون GT","إي-ترون GT","e-tron GT",,,
497,not_found,"Subcategory not found at segment: أودي","المركبات > سيارات > أودي > سلسلة 100","سلسلة 100","100 Series",,,
498,not_found,"Subcategory not found at segment: أودي","المركبات > سيارات > أودي > سلسلة 80","سلسلة 80","80 Series",,,
499,not_found,"Subcategory not found at segment: أودي","المركبات > سيارات > أودي > سلسلة S","سلسلة S","S Series",,,
500,not_found,"Subcategory not found at segment: بي إم دبليو","المركبات > سيارات > بي إم دبليو > الفئة 1","الفئة 1","1 Series",,,
501,not_found,"Subcategory not found at segment: بي إم دبليو","المركبات > سيارات > بي إم دبليو > الفئة 2","الفئة 2","2 Series",,,
502,not_found,"Subcategory not found at segment: بي إم دبليو","المركبات > سيارات > بي إم دبليو > الفئة 3","الفئة 3","3 Series",,,
503,updated,"Updated subcategory (fallback by name in category)","المركبات > سيارات > بي إم دبليو > الفئة 4","الفئة 4","4 Series",subcategory,22138,"الفئة 4"
504,not_found,"Subcategory not found at segment: بي إم دبليو","المركبات > سيارات > بي إم دبليو > الفئة 5","الفئة 5","5 Series",,,
505,not_found,"Subcategory not found at segment: بي إم دبليو","المركبات > سيارات > بي إم دبليو > الفئة 6","الفئة 6","6 Series",,,
506,not_found,"Subcategory not found at segment: بي إم دبليو","المركبات > سيارات > بي إم دبليو > الفئة 7","الفئة 7","7 Series",,,
507,not_found,"Subcategory not found at segment: بي إم دبليو","المركبات > سيارات > بي إم دبليو > الفئة 8","الفئة 8","8 Series",,,
508,not_found,"Subcategory not found at segment: بي إم دبليو","المركبات > سيارات > بي إم دبليو > فئة i","فئة i","i Series",,,
509,not_found,"Subcategory not found at segment: بيجو","المركبات > سيارات > بيجو > 206 بلس","206 بلس","206 +",,,
510,not_found,"Subcategory not found at segment: بيجو","المركبات > سيارات > بيجو > بارس",بارس,Pars,,,
511,not_found,"Subcategory not found at segment: تويوتا","المركبات > سيارات > تويوتا > أفينسيس",أفينسيس,Avensis,,,
512,not_found,"Subcategory not found at segment: تويوتا","المركبات > سيارات > تويوتا > ألتيزا",ألتيزا,Altezza,,,
513,not_found,"Subcategory not found at segment: تويوتا","المركبات > سيارات > تويوتا > أوربان كروزر","أوربان كروزر","Urban Cruiser",,,
514,not_found,"Subcategory not found at segment: تويوتا","المركبات > سيارات > تويوتا > أوريس",أوريس,Auris,,,
515,not_found,"Subcategory not found at segment: تويوتا","المركبات > سيارات > تويوتا > بريفيا",بريفيا,Previa,,,
516,updated,"Updated subcategory (fallback by name in category)","المركبات > سيارات > تويوتا > بريوس",بريوس,Prius,subcategory,23273,بريوس
517,not_found,"Subcategory not found at segment: تويوتا","المركبات > سيارات > تويوتا > تيرسل",تيرسل,Tercel,,,
518,not_found,"Subcategory not found at segment: تويوتا","المركبات > سيارات > تويوتا > ستارليت",ستارليت,Starlet,,,
519,not_found,"Subcategory not found at segment: تويوتا","المركبات > سيارات > تويوتا > سوبرا",سوبرا,Supra,,,
520,not_found,"Subcategory not found at segment: تويوتا","المركبات > سيارات > تويوتا > فيرسو",فيرسو,Verso,,,
521,not_found,"Subcategory not found at segment: تويوتا","المركبات > سيارات > تويوتا > كارينا",كارينا,Carina,,,
522,not_found,"Subcategory not found at segment: تويوتا","المركبات > سيارات > تويوتا > كامري",كامري,Camry,,,
523,not_found,"Subcategory not found at segment: تويوتا","المركبات > سيارات > تويوتا > كريسيدا",كريسيدا,Cressida,,,
524,not_found,"Subcategory not found at segment: تويوتا","المركبات > سيارات > تويوتا > كورولا",كورولا,Corolla,,,
525,not_found,"Subcategory not found at segment: تويوتا","المركبات > سيارات > تويوتا > كورونا",كورونا,Corona,,,
526,not_found,"Subcategory not found at segment: تويوتا","المركبات > سيارات > تويوتا > يارس",يارس,Yaris,,,
527,not_found,"Subcategory not found at segment: رينو","المركبات > سيارات > رينو > إسباس",إسباس,Espace,,,
528,not_found,"Subcategory not found at segment: رينو","المركبات > سيارات > رينو > تاليسمان",تاليسمان,Talisman,,,
529,not_found,"Subcategory not found at segment: رينو","المركبات > سيارات > رينو > تالينت",تالينت,Taliant,,,
530,not_found,"Subcategory not found at segment: رينو","المركبات > سيارات > رينو > تندار",تندار,Tondar,,,
531,not_found,"Subcategory not found at segment: رينو","المركبات > سيارات > رينو > تويزي",تويزي,Twizy,,,
532,not_found,"Subcategory not found at segment: رينو","المركبات > سيارات > رينو > توينغو",توينغو,Twingo,,,
533,not_found,"Subcategory not found at segment: رينو","المركبات > سيارات > رينو > جراند سينيك","جراند سينيك","Grand Scenic",,,
534,not_found,"Subcategory not found at segment: رينو","المركبات > سيارات > رينو > جراند مودوس","جراند مودوس","Grand Modus",,,
535,not_found,"Subcategory not found at segment: رينو","المركبات > سيارات > رينو > زوي",زوي,ZOE,,,
536,not_found,"Subcategory not found at segment: رينو","المركبات > سيارات > رينو > سافران",سافران,Safrane,,,
537,not_found,"Subcategory not found at segment: رينو","المركبات > سيارات > رينو > سيمبول",سيمبول,Symbol,,,
538,not_found,"Subcategory not found at segment: رينو","المركبات > سيارات > رينو > سينيك",سينيك,Scenic,,,
539,not_found,"Subcategory not found at segment: رينو","المركبات > سيارات > رينو > فلوانس",فلوانس,Fluence,,,
540,not_found,"Subcategory not found at segment: رينو","المركبات > سيارات > رينو > فيل ساتيس","فيل ساتيس","Vel Satis",,,
541,not_found,"Subcategory not found at segment: رينو","المركبات > سيارات > رينو > كليو",كليو,Clio,,,
542,not_found,"Subcategory not found at segment: رينو","المركبات > سيارات > رينو > لاتيتيود",لاتيتيود,Latitude,,,
543,not_found,"Subcategory not found at segment: رينو","المركبات > سيارات > رينو > لاغونا",لاغونا,Laguna,,,
544,not_found,"Subcategory not found at segment: رينو","المركبات > سيارات > رينو > مودوس",مودوس,Modus,,,
545,not_found,"Subcategory not found at segment: رينو","المركبات > سيارات > رينو > ميغان",ميغان,Megane,,,
546,not_found,"Subcategory not found at segment: فورد","المركبات > سيارات > فورد > أوريون",أوريون,Orion,,,
547,not_found,"Subcategory not found at segment: فورد","المركبات > سيارات > فورد > إس ماكس","إس ماكس",S-Max,,,
548,not_found,"Subcategory not found at segment: فورد","المركبات > سيارات > فورد > إسكورت",إسكورت,Escort,,,
549,not_found,"Subcategory not found at segment: فورد","المركبات > سيارات > فورد > بروب",بروب,Probe,,,
550,not_found,"Subcategory not found at segment: فورد","المركبات > سيارات > فورد > بوما",بوما,Puma,,,
551,not_found,"Subcategory not found at segment: فورد","المركبات > سيارات > فورد > بي ماكس","بي ماكس",B-Max,,,
552,not_found,"Subcategory not found at segment: فورد","المركبات > سيارات > فورد > تاونوس",تاونوس,Taunus,,,
553,not_found,"Subcategory not found at segment: فورد","المركبات > سيارات > فورد > توروس",توروس,Taurus,,,
554,not_found,"Subcategory not found at segment: فورد","المركبات > سيارات > فورد > سكوربيو",سكوربيو,Scorpio,,,
555,not_found,"Subcategory not found at segment: فورد","المركبات > سيارات > فورد > سي ماكس","سي ماكس",C-Max,,,
556,not_found,"Subcategory not found at segment: فورد","المركبات > سيارات > فورد > سييرا",سييرا,Sierra,,,
557,not_found,"Subcategory not found at segment: فورد","المركبات > سيارات > فورد > غالاكسي",غالاكسي,Galaxy,,,
558,not_found,"Subcategory not found at segment: فورد","المركبات > سيارات > فورد > غراند سي ماكس","غراند سي ماكس","Grand C-Max",,,
559,not_found,"Subcategory not found at segment: فورد","المركبات > سيارات > فورد > غرناطة",غرناطة,Granada,,,
560,not_found,"Subcategory not found at segment: فورد","المركبات > سيارات > فورد > فستيڤا",فستيڤا,Festiva,,,
561,not_found,"Subcategory not found at segment: فورد","المركبات > سيارات > فورد > فوكس",فوكس,Focus,,,
562,not_found,"Subcategory not found at segment: فورد","المركبات > سيارات > فورد > فيوجن",فيوجن,Fusion,,,
563,not_found,"Subcategory not found at segment: فورد","المركبات > سيارات > فورد > فييستا",فييستا,Fiesta,,,
564,not_found,"Subcategory not found at segment: فورد","المركبات > سيارات > فورد > كا",كا,Ka,,,
565,not_found,"Subcategory not found at segment: فورد","المركبات > سيارات > فورد > كوغر",كوغر,Cougar,,,
566,not_found,"Subcategory not found at segment: فورد","المركبات > سيارات > فورد > موستانغ",موستانغ,Mustang,,,
567,not_found,"Subcategory not found at segment: فورد","المركبات > سيارات > فورد > موندو",موندو,Mondeo,,,
568,not_found,"Subcategory not found at segment: فولكس فاغن","المركبات > سيارات > فولكس فاغن > أب كلوب","أب كلوب","Up Club",,,
569,not_found,"Subcategory not found at segment: فولكس فاغن","المركبات > سيارات > فولكس فاغن > أرتيون",أرتيون,Arteon,,,
570,not_found,"Subcategory not found at segment: فولكس فاغن","المركبات > سيارات > فولكس فاغن > إيوس",إيوس,EOS,,,
571,not_found,"Subcategory not found at segment: فولكس فاغن","المركبات > سيارات > فولكس فاغن > باسات",باسات,Passat,,,
572,not_found,"Subcategory not found at segment: فولكس فاغن","المركبات > سيارات > فولكس فاغن > باسات أولتراك","باسات أولتراك","Passat Alltrack",,,
573,not_found,"Subcategory not found at segment: فولكس فاغن","المركبات > سيارات > فولكس فاغن > باسات فاريانت","باسات فاريانت","Passat Variant",,,
574,not_found,"Subcategory not found at segment: فولكس فاغن","المركبات > سيارات > فولكس فاغن > بورا",بورا,Bora,,,
575,not_found,"Subcategory not found at segment: فولكس فاغن","المركبات > سيارات > فولكس فاغن > بولو",بولو,Polo,,,
576,not_found,"Subcategory not found at segment: فولكس فاغن","المركبات > سيارات > فولكس فاغن > بيتل",بيتل,Beetle,,,
577,not_found,"Subcategory not found at segment: فولكس فاغن","المركبات > سيارات > فولكس فاغن > توران",توران,Touran,,,
578,not_found,"Subcategory not found at segment: فولكس فاغن","المركبات > سيارات > فولكس فاغن > جيتا",جيتا,Jetta,,,
579,not_found,"Subcategory not found at segment: فولكس فاغن","المركبات > سيارات > فولكس فاغن > سيروكو",سيروكو,Scirocco,,,
580,not_found,"Subcategory not found at segment: فولكس فاغن","المركبات > سيارات > فولكس فاغن > شاران",شاران,Sharan,,,
581,not_found,"Subcategory not found at segment: فولكس فاغن","المركبات > سيارات > فولكس فاغن > غولف",غولف,Golf,,,
582,not_found,"Subcategory not found at segment: فولكس فاغن","المركبات > سيارات > فولكس فاغن > فايتون",فايتون,Phaeton,,,
583,not_found,"Subcategory not found at segment: فولكس فاغن","المركبات > سيارات > فولكس فاغن > فينتو",فينتو,Vento,,,
584,not_found,"Subcategory not found at segment: فولكس فاغن","المركبات > سيارات > فولكس فاغن > لوبو",لوبو,Lupo,,,
585,not_found,"Subcategory not found at segment: كيا","المركبات > سيارات > كيا > أوبتيما",أوبتيما,Optima,,,
586,not_found,"Subcategory not found at segment: كيا","المركبات > سيارات > كيا > أوبيروس",أوبيروس,Opirus,,,
587,not_found,"Subcategory not found at segment: كيا","المركبات > سيارات > كيا > برايد",برايد,Pride,,,
588,not_found,"Subcategory not found at segment: كيا","المركبات > سيارات > كيا > برو سيد","برو سيد","Pro Ceed",,,
589,not_found,"Subcategory not found at segment: كيا","المركبات > سيارات > كيا > بيكانتو",بيكانتو,Picanto,,,
590,updated,"Updated subcategory (fallback by name in category)","المركبات > سيارات > كيا > جويس",جويس,Joice,subcategory,21915,جويس
591,not_found,"Subcategory not found at segment: كيا","المركبات > سيارات > كيا > ريو",ريو,Rio,,,
592,not_found,"Subcategory not found at segment: كيا","المركبات > سيارات > كيا > ستينغر",ستينغر,Stinger,,,
593,not_found,"Subcategory not found at segment: كيا","المركبات > سيارات > كيا > سيد",سيد,Ceed,,,
594,not_found,"Subcategory not found at segment: كيا","المركبات > سيارات > كيا > سيراتو",سيراتو,Cerato,,,
595,not_found,"Subcategory not found at segment: كيا","المركبات > سيارات > كيا > سيفيا",سيفيا,Sephia,,,
596,not_found,"Subcategory not found at segment: كيا","المركبات > سيارات > كيا > شوما",شوما,Shuma,,,
597,not_found,"Subcategory not found at segment: كيا","المركبات > سيارات > كيا > فينجا",فينجا,Venga,,,
598,not_found,"Subcategory not found at segment: كيا","المركبات > سيارات > كيا > كابيتال",كابيتال,Capital,,,
599,not_found,"Subcategory not found at segment: كيا","المركبات > سيارات > كيا > كارنيفال",كارنيفال,Carnival,,,
600,updated,"Updated subcategory (fallback by name in category)","المركبات > سيارات > كيا > كارينز",كارينز,Carens,subcategory,23258,كارينا
601,not_found,"Subcategory not found at segment: كيا","المركبات > سيارات > كيا > كلاروس",كلاروس,Clarus,,,
602,not_found,"Subcategory not found at segment: كيا","المركبات > سيارات > كيا > ماجنتيس",ماجنتيس,Magentis,,,
603,updated,"Updated subcategory (fallback by name in category)","المركبات > سيارات > مازدا > 2",2,Mazda2,subcategory,43472,2
604,not_found,"Subcategory not found at segment: مازدا","المركبات > سيارات > مازدا > 3",3,Mazda3,,,
605,updated,"Updated subcategory (fallback by name in category)","المركبات > سيارات > مازدا > 5",5,Mazda5,subcategory,34695,5
606,not_found,"Subcategory not found at segment: مازدا","المركبات > سيارات > مازدا > 6",6,Mazda6,,,
607,not_found,"Subcategory not found at segment: مازدا","المركبات > سيارات > مازدا > MX",MX,"MX Series",,,
608,not_found,"Subcategory not found at segment: مازدا","المركبات > سيارات > مازدا > RX",RX,"RX Series",,,
609,not_found,"Subcategory not found at segment: مازدا","المركبات > سيارات > مازدا > بريماسي",بريماسي,Premacy,,,
610,not_found,"Subcategory not found at segment: مازدا","المركبات > سيارات > مازدا > زيدوس",زيدوس,Xedos,,,
611,updated,"Updated subcategory (fallback by name in category)","المركبات > سيارات > مازدا > لانتيس",لانتيس,Lantis,subcategory,22127,مانتيس
612,not_found,"Subcategory not found at segment: مرسيدس-بنز","المركبات > سيارات > مرسيدس-بنز > الفئة A","الفئة A",A-Class,,,
613,not_found,"Subcategory not found at segment: مرسيدس-بنز","المركبات > سيارات > مرسيدس-بنز > الفئة B","الفئة B",B-Class,,,
614,not_found,"Subcategory not found at segment: مرسيدس-بنز","المركبات > سيارات > مرسيدس-بنز > الفئة C","الفئة C",C-Class,,,
615,not_found,"Subcategory not found at segment: مرسيدس-بنز","المركبات > سيارات > مرسيدس-بنز > الفئة E","الفئة E",E-Class,,,
616,not_found,"Subcategory not found at segment: مرسيدس-بنز","المركبات > سيارات > مرسيدس-بنز > الفئة R","الفئة R",R-Class,,,
617,not_found,"Subcategory not found at segment: مرسيدس-بنز","المركبات > سيارات > مرسيدس-بنز > الفئة S","الفئة S",S-Class,,,
618,not_found,"Subcategory not found at segment: مرسيدس-بنز","المركبات > سيارات > مرسيدس-بنز > مايباخ S","مايباخ S","Maybach S-Class",,,
619,not_found,"Subcategory not found at segment: نيسان","المركبات > سيارات > نيسان > التيما",التيما,Altima,,,
620,not_found,"Subcategory not found at segment: نيسان","المركبات > سيارات > نيسان > الميرا",الميرا,Almera,,,
621,not_found,"Subcategory not found at segment: نيسان","المركبات > سيارات > نيسان > بريmera",بريmera,Primera,,,
622,not_found,"Subcategory not found at segment: نيسان","المركبات > سيارات > نيسان > بلوبيرد",بلوبيرد,Bluebird,,,
623,not_found,"Subcategory not found at segment: نيسان","المركبات > سيارات > نيسان > بولسار",بولسار,Pulsar,,,
624,not_found,"Subcategory not found at segment: نيسان","المركبات > سيارات > نيسان > بيكسو",بيكسو,Pixo,,,
625,not_found,"Subcategory not found at segment: نيسان","المركبات > سيارات > نيسان > تينو",تينو,Tino,,,
626,not_found,"Subcategory not found at segment: نيسان","المركبات > سيارات > نيسان > سكاي لاين","سكاي لاين",Skyline,,,
627,not_found,"Subcategory not found at segment: نيسان","المركبات > سيارات > نيسان > صني",صني,Sunny,,,
628,not_found,"Subcategory not found at segment: نيسان","المركبات > سيارات > نيسان > لوريل التيما","لوريل التيما","Laurel Altima",,,
629,not_found,"Subcategory not found at segment: نيسان","المركبات > سيارات > نيسان > ماكسيما",ماكسيما,Maxima,,,
630,not_found,"Subcategory not found at segment: نيسان","المركبات > سيارات > نيسان > ميكرا",ميكرا,Micra,,,
631,not_found,"Subcategory not found at segment: نيسان","المركبات > سيارات > نيسان > نوت",نوت,Note,,,
632,not_found,"Subcategory not found at segment: هوندا","المركبات > سيارات > هوندا > أكورد",أكورد,Accord,,,
633,not_found,"Subcategory not found at segment: هوندا","المركبات > سيارات > هوندا > إنتيجرا",إنتيجرا,Integra,,,
634,not_found,"Subcategory not found at segment: هوندا","المركبات > سيارات > هوندا > بريلود",بريلود,Prelude,,,
635,not_found,"Subcategory not found at segment: هوندا","المركبات > سيارات > هوندا > جاز",جاز,Jazz,,,
636,not_found,"Subcategory not found at segment: هوندا","المركبات > سيارات > هوندا > ستريم",ستريم,Stream,,,
637,updated,"Updated subcategory (fallback by name in category)","المركبات > سيارات > هوندا > سيتي",سيتي,City,subcategory,21936,سيتي
638,updated,"Updated subcategory (fallback by name in category)","المركبات > سيارات > هوندا > سيفيك",سيفيك,Civic,subcategory,21416,سيفيل
639,updated,"Updated subcategory (fallback by name in category)","المركبات > سيارات > هوندا > شاتل",شاتل,Shuttle,subcategory,21734,شاتل
640,not_found,"Subcategory not found at segment: هوندا","المركبات > سيارات > هوندا > ليجند",ليجند,Legend,,,
641,not_found,"Subcategory not found at segment: هيونداي","المركبات > سيارات > هيونداي > أتوس",أتوس,Atos,,,
642,not_found,"Subcategory not found at segment: هيونداي","المركبات > سيارات > هيونداي > أكسنت",أكسنت,Accent,,,
643,not_found,"Subcategory not found at segment: هيونداي","المركبات > سيارات > هيونداي > أكسنت إيرا","أكسنت إيرا","Accent Era",,,
644,not_found,"Subcategory not found at segment: هيونداي","المركبات > سيارات > هيونداي > أكسنت بلو","أكسنت بلو","Accent Blue",,,
645,not_found,"Subcategory not found at segment: هيونداي","المركبات > سيارات > هيونداي > أيونيك",أيونيك,Ioniq,,,
646,not_found,"Subcategory not found at segment: هيونداي","المركبات > سيارات > هيونداي > إكسل",إكسل,Excel,,,
647,not_found,"Subcategory not found at segment: هيونداي","المركبات > سيارات > هيونداي > إلنترا",إلنترا,Elantra,,,
648,not_found,"Subcategory not found at segment: هيونداي","المركبات > سيارات > هيونداي > تراجيت",تراجيت,Trajet,,,
649,not_found,"Subcategory not found at segment: هيونداي","المركبات > سيارات > هيونداي > جينيسيس",جينيسيس,Genesis,,,
650,not_found,"Subcategory not found at segment: هيونداي","المركبات > سيارات > هيونداي > سوناتا",سوناتا,Sonata,,,
651,not_found,"Subcategory not found at segment: هيونداي","المركبات > سيارات > هيونداي > غراندور",غراندور,Grandeur,,,
652,not_found,"Subcategory not found at segment: هيونداي","المركبات > سيارات > هيونداي > غيتز",غيتز,Getz,,,
653,not_found,"Subcategory not found at segment: هيونداي","المركبات > سيارات > هيونداي > كوبيه",كوبيه,Coupe,,,
654,not_found,"Subcategory not found at segment: هيونداي","المركبات > سيارات > هيونداي > ماتريكس",ماتريكس,Matrix,,,
655,updated,"Updated subcategory","المركبات > سيارات دفع رباعي وبيك آب > Hyundai > Kona Elektrik","Kona Elektrik","Kona Electric",subcategory,35045,"Kona Elektrik"
656,name_mismatch,"DB name_ar does not match current name (id 35992)","المركبات > سيارات دفع رباعي وبيك آب > Mercedes-Benz > G Series","G Series",G-Class,,,
657,name_mismatch,"DB name_ar does not match current name (id 35993)","المركبات > سيارات دفع رباعي وبيك آب > Mercedes-Benz > GL",GL,GL-Class,,,
658,name_mismatch,"DB name_ar does not match current name (id 36003)","المركبات > سيارات دفع رباعي وبيك آب > Mercedes-Benz > X",X,X-Class,,,
659,not_found,"Category not found: سلع مستعملة وجديدة","سلع مستعملة وجديدة > أجهزة منزلية كهربائية > أجهزة منزلية > أجهزة تنقية المياه","أجهزة تنقية المياه","فلتر مياه",,,
660,not_found,"Category not found: سلع مستعملة وجديدة","سلع مستعملة وجديدة > أجهزة منزلية كهربائية > أجهزة منزلية > أفران الميكروويف","أفران الميكروويف",مايكرويف,,,
661,not_found,"Category not found: سلع مستعملة وجديدة","سلع مستعملة وجديدة > أجهزة منزلية كهربائية > أجهزة منزلية > ثلاجات",ثلاجات,براد,,,
662,not_found,"Category not found: سلع مستعملة وجديدة","سلع مستعملة وجديدة > أجهزة منزلية كهربائية > أجهزة منزلية > شفاطات المدى والمدخنة","شفاطات المدى والمدخنة","شفاط مطبخ",,,
663,not_found,"Category not found: سلع مستعملة وجديدة","سلع مستعملة وجديدة > أجهزة منزلية كهربائية > أجهزة منزلية > غسالات الصحون","غسالات الصحون","جلاية صحون",,,
664,not_found,"Category not found: سلع مستعملة وجديدة","سلع مستعملة وجديدة > أجهزة منزلية كهربائية > أجهزة منزلية > قبو النبيذ ومبرد","قبو النبيذ ومبرد","براد مشروبات",,,
665,not_found,"Category not found: سلع مستعملة وجديدة","سلع مستعملة وجديدة > أجهزة منزلية كهربائية > أجهزة منزلية > كووكتوبس",كووكتوبس,"طباخ ليزري",,,
666,not_found,"Category not found: سلع مستعملة وجديدة","سلع مستعملة وجديدة > أجهزة منزلية كهربائية > أجهزة منزلية > مجففات",مجففات,"نشافة ملابس",,,
667,not_found,"Category not found: سلع مستعملة وجديدة","سلع مستعملة وجديدة > أجهزة منزلية كهربائية > أجهزة منزلية > مجمدات",مجمدات,ثلاجة,,,
668,not_found,"Category not found: سلع مستعملة وجديدة","سلع مستعملة وجديدة > أجهزة منزلية كهربائية > أجهزة منزلية > موزعات المياه","موزعات المياه","براد ماء",,,
669,not_found,"Category not found: سلع مستعملة وجديدة","سلع مستعملة وجديدة > أجهزة منزلية كهربائية > أجهزة منزلية > موقد وفرن","موقد وفرن","طباخ مع فرن",,,
670,not_found,"Category not found: سلع مستعملة وجديدة","سلع مستعملة وجديدة > أجهزة منزلية كهربائية > أجهزة منزلية > واشينج ماتشينيس","واشينج ماتشينيس",غسالة,,,
671,not_found,"Category not found: سلع مستعملة وجديدة","سلع مستعملة وجديدة > أجهزة منزلية كهربائية > أجهزة منزلية صغيرة > آلات القهوة","آلات القهوة","ماكينة قهوة",,,
672,not_found,"Category not found: سلع مستعملة وجديدة","سلع مستعملة وجديدة > أجهزة منزلية كهربائية > أجهزة منزلية صغيرة > ألواح الكي","ألواح الكي","لوح كوي",,,
673,not_found,"Category not found: سلع مستعملة وجديدة","سلع مستعملة وجديدة > أجهزة منزلية كهربائية > أجهزة منزلية صغيرة > بلينديرس",بلينديرس,"خلاط عصير",,,
674,not_found,"Category not found: سلع مستعملة وجديدة","سلع مستعملة وجديدة > أجهزة منزلية كهربائية > أجهزة منزلية صغيرة > تواستيرس",تواستيرس,"محمصة خبز",,,
675,not_found,"Category not found: سلع مستعملة وجديدة","سلع مستعملة وجديدة > أجهزة منزلية كهربائية > أجهزة منزلية صغيرة > تواصل مع الشواية / مكبس الساندويتش","تواصل مع الشواية / مكبس الساندويتش","سخانة سندويش",,,
676,not_found,"Category not found: سلع مستعملة وجديدة","سلع مستعملة وجديدة > أجهزة منزلية كهربائية > أجهزة منزلية صغيرة > خلاطات",خلاطات,خلاط,,,
677,not_found,"Category not found: سلع مستعملة وجديدة","سلع مستعملة وجديدة > أجهزة منزلية كهربائية > أجهزة منزلية صغيرة > روبوتيك فاكوومس","روبوتيك فاكوومس","مكنسة روبوت",,,
678,not_found,"Category not found: سلع مستعملة وجديدة","سلع مستعملة وجديدة > أجهزة منزلية كهربائية > أجهزة منزلية صغيرة > سكاليس",سكاليس,"ميزان مطبخ",,,
679,not_found,"Category not found: سلع مستعملة وجديدة","سلع مستعملة وجديدة > أجهزة منزلية كهربائية > أجهزة منزلية صغيرة > صانع الثلج","صانع الثلج","ماكينة ثلج",,,
680,not_found,"Category not found: سلع مستعملة وجديدة","سلع مستعملة وجديدة > أجهزة منزلية كهربائية > أجهزة منزلية صغيرة > صناع الزبادي","صناع الزبادي","ماكينة صنع اللبن",,,
681,not_found,"Category not found: سلع مستعملة وجديدة","سلع مستعملة وجديدة > أجهزة منزلية كهربائية > أجهزة منزلية صغيرة > صناع الفشار","صناع الفشار","ماكينة بوشار",,,
682,not_found,"Category not found: سلع مستعملة وجديدة","سلع مستعملة وجديدة > أجهزة منزلية كهربائية > أجهزة منزلية صغيرة > طباخات البخار","طباخات البخار","طباخ بخاري",,,
683,not_found,"Category not found: سلع مستعملة وجديدة","سلع مستعملة وجديدة > أجهزة منزلية كهربائية > أجهزة منزلية صغيرة > طباخات البيض","طباخات البيض","جهاز سلق البيض",,,
684,not_found,"Category not found: سلع مستعملة وجديدة","سلع مستعملة وجديدة > أجهزة منزلية كهربائية > أجهزة منزلية صغيرة > طباخات كهربائية متعددة","طباخات كهربائية متعددة","طباخ كهربائي",,,
685,not_found,"Category not found: سلع مستعملة وجديدة","سلع مستعملة وجديدة > أجهزة منزلية كهربائية > أجهزة منزلية صغيرة > غلايات كهربائية","غلايات كهربائية","غلاية كهربائية",,,
686,not_found,"Category not found: سلع مستعملة وجديدة","سلع مستعملة وجديدة > أجهزة منزلية كهربائية > أجهزة منزلية صغيرة > فاكووم كليانيرس","فاكووم كليانيرس","مكنسة كهربائية",,,
687,not_found,"Category not found: سلع مستعملة وجديدة","سلع مستعملة وجديدة > أجهزة منزلية كهربائية > أجهزة منزلية صغيرة > قلايات كهربائية ومقلاة هوائية","قلايات كهربائية ومقلاة هوائية","قلاية كهربائية",,,
688,not_found,"Category not found: سلع مستعملة وجديدة","سلع مستعملة وجديدة > أجهزة منزلية كهربائية > أجهزة منزلية صغيرة > ماكينات الآيس كريم","ماكينات الآيس كريم","ماكينة آيس كريم",,,
689,not_found,"Category not found: سلع مستعملة وجديدة","سلع مستعملة وجديدة > أجهزة منزلية كهربائية > أجهزة منزلية صغيرة > ماكينات التنظيف بالبخار","ماكينات التنظيف بالبخار","ماكينة تنظيف بالبخار",,,
690,not_found,"Category not found: سلع مستعملة وجديدة","سلع مستعملة وجديدة > أجهزة منزلية كهربائية > أجهزة منزلية صغيرة > ماكينات الخياطة","ماكينات الخياطة","ماكينة خياطة",,,
691,not_found,"Category not found: سلع مستعملة وجديدة","سلع مستعملة وجديدة > أجهزة منزلية كهربائية > أجهزة منزلية صغيرة > ماكينات الشاي","ماكينات الشاي","ماكينة شاي",,,
692,not_found,"Category not found: سلع مستعملة وجديدة","سلع مستعملة وجديدة > أجهزة منزلية كهربائية > أجهزة منزلية صغيرة > ماكينات تنظيف السجاد","ماكينات تنظيف السجاد","ماكينة تنظيف سجاد",,,
693,not_found,"Category not found: سلع مستعملة وجديدة","سلع مستعملة وجديدة > أجهزة منزلية كهربائية > أجهزة منزلية صغيرة > محمصة الوفل","محمصة الوفل","ماكينة وافل",,,
694,not_found,"Category not found: سلع مستعملة وجديدة","سلع مستعملة وجديدة > أجهزة منزلية كهربائية > أجهزة منزلية صغيرة > مستخرج العصير","مستخرج العصير","عصارة فواكه",,,
695,not_found,"Category not found: سلع مستعملة وجديدة","سلع مستعملة وجديدة > أجهزة منزلية كهربائية > أجهزة منزلية صغيرة > مطاحن اللحوم","مطاحن اللحوم","مفرمة لحمة",,,
696,not_found,"Category not found: سلع مستعملة وجديدة","سلع مستعملة وجديدة > أجهزة منزلية كهربائية > أجهزة منزلية صغيرة > معالجات الطعام","معالجات الطعام","محضرة طعام",,,
697,not_found,"Category not found: سلع مستعملة وجديدة","سلع مستعملة وجديدة > أجهزة منزلية كهربائية > أجهزة منزلية صغيرة > مكانس قابلة لإعادة الشحن","مكانس قابلة لإعادة الشحن","مكنسة شحن",,,
698,not_found,"Category not found: سلع مستعملة وجديدة","سلع مستعملة وجديدة > أجهزة منزلية كهربائية > أجهزة منزلية صغيرة > مكاوي",مكاوي,مكواة,,,
699,not_found,"Category not found: سلع مستعملة وجديدة","سلع مستعملة وجديدة > أجهزة منزلية كهربائية > أجهزة منزلية صغيرة > منظف النوافذ","منظف النوافذ","جهاز تنظيف نوافذ",,,
700,not_found,"Category not found: سلع مستعملة وجديدة","سلع مستعملة وجديدة > أجهزة منزلية كهربائية > أجهزة منزلية صغيرة > يليكتريك جريللس & جريددليس","يليكتريك جريللس & جريددليس","شواية كهربائية",,,
701,not_found,"Category not found: سلع مستعملة وجديدة","سلع مستعملة وجديدة > أجهزة منزلية كهربائية > تدفئة وتبريد وتهوية > جهاز تدفئة القدمين","جهاز تدفئة القدمين","دفاية قدمين",,,
702,not_found,"Category not found: سلع مستعملة وجديدة","سلع مستعملة وجديدة > أجهزة منزلية كهربائية > تدفئة وتبريد وتهوية > جهاز تنقية الهواء ومرطب الهواء","جهاز تنقية الهواء ومرطب الهواء","منقي ومرطب هواء",,,
703,not_found,"Category not found: سلع مستعملة وجديدة","سلع مستعملة وجديدة > أجهزة منزلية كهربائية > تدفئة وتبريد وتهوية > سخانات المياه","سخانات المياه","سخان مياه",,,
704,not_found,"Category not found: سلع مستعملة وجديدة","سلع مستعملة وجديدة > أجهزة منزلية كهربائية > تدفئة وتبريد وتهوية > سخانات كهربائية","سخانات كهربائية","سخان كهربائي",,,
705,not_found,"Category not found: سلع مستعملة وجديدة","سلع مستعملة وجديدة > أجهزة منزلية كهربائية > تدفئة وتبريد وتهوية > غلايات كومبي","غلايات كومبي",كومبي,,,
706,not_found,"Category not found: سلع مستعملة وجديدة","سلع مستعملة وجديدة > أجهزة منزلية كهربائية > تدفئة وتبريد وتهوية > فانس",فانس,مروحة,,,
707,not_found,"Category not found: سلع مستعملة وجديدة","سلع مستعملة وجديدة > أجهزة منزلية كهربائية > تدفئة وتبريد وتهوية > مراوح السقف","مراوح السقف","مروحة سقف",,,
708,not_found,"Category not found: سلع مستعملة وجديدة","سلع مستعملة وجديدة > أجهزة منزلية كهربائية > تدفئة وتبريد وتهوية > مكيف الهواء","مكيف الهواء",مكيف,,,
709,not_found,"Category not found: سلع مستعملة وجديدة","سلع مستعملة وجديدة > ديكور المنزل > منتجات ديكور > أعواد وحوامل البخور","أعواد وحوامل البخور","بخور ومباخر",,,
710,not_found,"Category not found: سلع مستعملة وجديدة","سلع مستعملة وجديدة > ديكور المنزل > منتجات ديكور > أنابيب النرجيلة","أنابيب النرجيلة","أركيلة ومستلزماتها",,,
711,not_found,"Category not found: سلع مستعملة وجديدة","سلع مستعملة وجديدة > ديكور المنزل > منتجات ديكور > بوولس & بلاتيس","بوولس & بلاتيس","صحون وزبادي",,,
712,not_found,"Category not found: سلع مستعملة وجديدة","سلع مستعملة وجديدة > ديكور المنزل > منتجات ديكور > تلوين",تلوين,"لوحات فنية",,,
713,not_found,"Category not found: سلع مستعملة وجديدة","سلع مستعملة وجديدة > ديكور المنزل > منتجات ديكور > زخارف الجدران","زخارف الجدران","ديكور حائط",,,
714,not_found,"Category not found: سلع مستعملة وجديدة","سلع مستعملة وجديدة > ديكور المنزل > منتجات ديكور > ستونيس",ستونيس,"حجار زينة",,,
715,not_found,"Category not found: سلع مستعملة وجديدة","سلع مستعملة وجديدة > ديكور المنزل > منتجات ديكور > صينية الرماد","صينية الرماد","منفضة سجائر",,,
716,not_found,"Category not found: سلع مستعملة وجديدة","سلع مستعملة وجديدة > ديكور المنزل > منتجات ديكور > فاسيس",فاسيس,مزهرية,,,
717,not_found,"Category not found: سلع مستعملة وجديدة","سلع مستعملة وجديدة > ديكور المنزل > منتجات ديكور > كانديلابراس",كانديلابراس,شمعدان,,,
718,not_found,"Category not found: سلع مستعملة وجديدة","سلع مستعملة وجديدة > ديكور المنزل > منتجات ديكور > كنيكك-كناككس, ستاتواري & فيجورينيس","كنيكك-كناككس, ستاتواري & فيجورينيس","تحف وتماثيل صغيرة",,,
719,not_found,"Category not found: سلع مستعملة وجديدة","سلع مستعملة وجديدة > كمبيوتر > خوادم ومكونات > سيرفيرس",سيرفيرس,سيرفر,,,
720,not_found,"Category not found: سلع مستعملة وجديدة","سلع مستعملة وجديدة > كمبيوتر > شاشات > مراقبة قطع الغيار","مراقبة قطع الغيار","قطع غيار الشاشات",,,
721,not_found,"Category not found: سلع مستعملة وجديدة","سلع مستعملة وجديدة > كمبيوتر > ملحقات الكمبيوتر > Taşınabilir SSD","Taşınabilir SSD","قرص تخزين محمول",,,
722,not_found,"Category not found: سلع مستعملة وجديدة","سلع مستعملة وجديدة > كمبيوتر > ملحقات الكمبيوتر > أجهزة الباركود والمحطات اليدوية","أجهزة الباركود والمحطات اليدوية","جهاز باركود",,,
723,not_found,"Category not found: سلع مستعملة وجديدة","سلع مستعملة وجديدة > كمبيوتر > ملحقات الكمبيوتر > أقراص الرسومات","أقراص الرسومات","لوح رسم",,,
724,not_found,"Category not found: سلع مستعملة وجديدة","سلع مستعملة وجديدة > كمبيوتر > ملحقات الكمبيوتر > سماعات الرأس والميكروفونات","سماعات الرأس والميكروفونات","سماعة رأس وميكروفون",,,
725,not_found,"Category not found: سلع مستعملة وجديدة","سلع مستعملة وجديدة > كمبيوتر > ملحقات الكمبيوتر > سماعات الكمبيوتر","سماعات الكمبيوتر","سماعة كمبيوتر",,,
726,not_found,"Category not found: سلع مستعملة وجديدة","سلع مستعملة وجديدة > كمبيوتر > ملحقات الكمبيوتر > طابعات وماسحات وبلوتر","طابعات وماسحات وبلوتر","طابعة متعددة المهام",,,
727,not_found,"Category not found: سلع مستعملة وجديدة","سلع مستعملة وجديدة > كمبيوتر > ملحقات الكمبيوتر > كاميرات الويب","كاميرات الويب","كاميرا ويب",,,
728,not_found,"Category not found: سلع مستعملة وجديدة","سلع مستعملة وجديدة > كمبيوتر > ملحقات الكمبيوتر > لوحات المفاتيح","لوحات المفاتيح",كيبورد,,,
729,not_found,"Category not found: سلع مستعملة وجديدة","سلع مستعملة وجديدة > كمبيوتر > ملحقات الكمبيوتر > محركات أقراص DVD الخارجية وكاتباتها","محركات أقراص DVD الخارجية وكاتباتها","سواقة دي في دي خارجية",,,
730,not_found,"Category not found: سلع مستعملة وجديدة","سلع مستعملة وجديدة > كمبيوتر > ملحقات الكمبيوتر > محركات أقراص فلاش","محركات أقراص فلاش","ذاكرة فلاش",,,
731,not_found,"Category not found: سلع مستعملة وجديدة","سلع مستعملة وجديدة > كمبيوتر > ملحقات الكمبيوتر > محركات الأقراص الصلبة الخارجية","محركات الأقراص الصلبة الخارجية","هارد خارجي",,,
732,not_found,"Category not found: سلع مستعملة وجديدة","سلع مستعملة وجديدة > كمبيوتر > ملحقات الكمبيوتر > محركات الأقراص المرنة والرمز البريدي الخارجية","محركات الأقراص المرنة والرمز البريدي الخارجية","قارئ أقراص مرنة خارجي",,,
733,not_found,"Category not found: سلع مستعملة وجديدة","سلع مستعملة وجديدة > كمبيوتر > ملحقات الكمبيوتر > محركات الأقراص المضغوطة والكاتبة الخارجية","محركات الأقراص المضغوطة والكاتبة الخارجية","سواقة سي دي خارجية",,,
734,not_found,"Category not found: سلع مستعملة وجديدة","سلع مستعملة وجديدة > كمبيوتر > ملحقات الكمبيوتر > مكبر الرسومات","مكبر الرسومات","كرت شاشة خارجي",,,
735,not_found,"Category not found: سلع مستعملة وجديدة","سلع مستعملة وجديدة > كمبيوتر > ملحقات الكمبيوتر > مودمات وشبكات","مودمات وشبكات","مودم وراوتر",,,
736,not_found,"Category not found: سلع مستعملة وجديدة","سلع مستعملة وجديدة > كمبيوتر > ملحقات الكمبيوتر > ميسي",ميسي,ماوس,,,
737,not_found,"Category not found: سلع مستعملة وجديدة","سلع مستعملة وجديدة > كمبيوتر > ملحقات الكمبيوتر > ناسخات USB","ناسخات USB","ناسخ ذاكرة فلاش",,,
738,not_found,"Category not found: سلع مستعملة وجديدة","سلع مستعملة وجديدة > مستلزمات اللاعبين > أجهزة ألعاب ووحدات تحكم > آسوس روج حليف","آسوس روج حليف","Asus Rog Ally",,,
739,not_found,"Category not found: سلع مستعملة وجديدة","سلع مستعملة وجديدة > مستلزمات اللاعبين > أجهزة ألعاب ووحدات تحكم > أتاري",أتاري,Atari,,,
740,not_found,"Category not found: سلع مستعملة وجديدة","سلع مستعملة وجديدة > مستلزمات اللاعبين > أجهزة ألعاب ووحدات تحكم > اكس بوكس","اكس بوكس",Xbox,,,
741,not_found,"Category not found: سلع مستعملة وجديدة","سلع مستعملة وجديدة > مستلزمات اللاعبين > أجهزة ألعاب ووحدات تحكم > اكس بوكس 360","اكس بوكس 360","Xbox 360",,,
742,not_found,"Category not found: سلع مستعملة وجديدة","سلع مستعملة وجديدة > مستلزمات اللاعبين > أجهزة ألعاب ووحدات تحكم > اكس بوكس سيريس اكس","اكس بوكس سيريس اكس","Xbox Series X",,,
743,not_found,"Category not found: سلع مستعملة وجديدة","سلع مستعملة وجديدة > مستلزمات اللاعبين > أجهزة ألعاب ووحدات تحكم > اكس بوكس واحد","اكس بوكس واحد","Xbox One",,,
744,not_found,"Category not found: سلع مستعملة وجديدة","سلع مستعملة وجديدة > مستلزمات اللاعبين > أجهزة ألعاب ووحدات تحكم > اكس بوكس ون اس","اكس بوكس ون اس","Xbox One S",,,
745,not_found,"Category not found: سلع مستعملة وجديدة","سلع مستعملة وجديدة > مستلزمات اللاعبين > أجهزة ألعاب ووحدات تحكم > اكس بوكس ون اكس","اكس بوكس ون اكس","Xbox One X",,,
746,not_found,"Category not found: سلع مستعملة وجديدة","سلع مستعملة وجديدة > مستلزمات اللاعبين > أجهزة ألعاب ووحدات تحكم > بلاي ستيشن 1","بلاي ستيشن 1","PlayStation 1",,,
747,not_found,"Category not found: سلع مستعملة وجديدة","سلع مستعملة وجديدة > مستلزمات اللاعبين > أجهزة ألعاب ووحدات تحكم > بلاي ستيشن 2","بلاي ستيشن 2","PlayStation 2",,,
748,not_found,"Category not found: سلع مستعملة وجديدة","سلع مستعملة وجديدة > مستلزمات اللاعبين > أجهزة ألعاب ووحدات تحكم > بلاي ستيشن 3","بلاي ستيشن 3","PlayStation 3",,,
749,not_found,"Category not found: سلع مستعملة وجديدة","سلع مستعملة وجديدة > مستلزمات اللاعبين > أجهزة ألعاب ووحدات تحكم > بلاي ستيشن 4","بلاي ستيشن 4","PlayStation 4",,,
750,not_found,"Category not found: سلع مستعملة وجديدة","سلع مستعملة وجديدة > مستلزمات اللاعبين > أجهزة ألعاب ووحدات تحكم > بلاي ستيشن 4 برو","بلاي ستيشن 4 برو","PlayStation 4 Pro",,,
751,not_found,"Category not found: سلع مستعملة وجديدة","سلع مستعملة وجديدة > مستلزمات اللاعبين > أجهزة ألعاب ووحدات تحكم > بلاي ستيشن 5","بلاي ستيشن 5","PlayStation 5",,,
752,not_found,"Category not found: سلع مستعملة وجديدة","سلع مستعملة وجديدة > مستلزمات اللاعبين > أجهزة ألعاب ووحدات تحكم > بلاي ستيشن 5 برو","بلاي ستيشن 5 برو","PlayStation 5 Pro",,,
753,not_found,"Category not found: سلع مستعملة وجديدة","سلع مستعملة وجديدة > مستلزمات اللاعبين > أجهزة ألعاب ووحدات تحكم > بوابة بلاي ستيشن","بوابة بلاي ستيشن","PlayStation Portal",,,
754,not_found,"Category not found: سلع مستعملة وجديدة","سلع مستعملة وجديدة > مستلزمات اللاعبين > أجهزة ألعاب ووحدات تحكم > بي إس بي","بي إس بي",PSP,,,
755,not_found,"Category not found: سلع مستعملة وجديدة","سلع مستعملة وجديدة > مستلزمات اللاعبين > أجهزة ألعاب ووحدات تحكم > بي اس فيتا","بي اس فيتا","PS Vita",,,
756,not_found,"Category not found: سلع مستعملة وجديدة","سلع مستعملة وجديدة > مستلزمات اللاعبين > أجهزة ألعاب ووحدات تحكم > ريزر إيدج","ريزر إيدج","Razer Edge",,,
757,not_found,"Category not found: سلع مستعملة وجديدة","سلع مستعملة وجديدة > مستلزمات اللاعبين > أجهزة ألعاب ووحدات تحكم > سطح البخار","سطح البخار","Steam Deck",,,
758,not_found,"Category not found: سلع مستعملة وجديدة","سلع مستعملة وجديدة > مستلزمات اللاعبين > أجهزة ألعاب ووحدات تحكم > سلسلة اكس بوكس اس","سلسلة اكس بوكس اس","Xbox Series S",,,
759,not_found,"Category not found: سلع مستعملة وجديدة","سلع مستعملة وجديدة > مستلزمات اللاعبين > أجهزة ألعاب ووحدات تحكم > عين",عين,AYN,,,
760,not_found,"Category not found: سلع مستعملة وجديدة","سلع مستعملة وجديدة > مستلزمات اللاعبين > أجهزة ألعاب ووحدات تحكم > لوجيتك جي كلاود","لوجيتك جي كلاود","Logitech G Cloud",,,
761,not_found,"Category not found: سلع مستعملة وجديدة","سلع مستعملة وجديدة > مستلزمات اللاعبين > أجهزة ألعاب ووحدات تحكم > لينوفو ليجن جو","لينوفو ليجن جو","Lenovo Legion Go",,,
762,not_found,"Category not found: سلع مستعملة وجديدة","سلع مستعملة وجديدة > مستلزمات اللاعبين > أجهزة ألعاب ووحدات تحكم > مخلب MSI","مخلب MSI","MSI Claw",,,
763,not_found,"Category not found: سلع مستعملة وجديدة","سلع مستعملة وجديدة > مستلزمات اللاعبين > أجهزة ألعاب ووحدات تحكم > نينتندو 2DS و 3DS","نينتندو 2DS و 3DS","Nintendo 2DS & 3DS",,,
764,not_found,"Category not found: سلع مستعملة وجديدة","سلع مستعملة وجديدة > مستلزمات اللاعبين > أجهزة ألعاب ووحدات تحكم > نينتندو جيم بوي","نينتندو جيم بوي","Nintendo Gameboy",,,
765,not_found,"Category not found: سلع مستعملة وجديدة","سلع مستعملة وجديدة > مستلزمات اللاعبين > أجهزة ألعاب ووحدات تحكم > نينتندو جيم كيوب","نينتندو جيم كيوب","Nintendo Game Cube",,,
766,not_found,"Category not found: سلع مستعملة وجديدة","سلع مستعملة وجديدة > مستلزمات اللاعبين > أجهزة ألعاب ووحدات تحكم > نينتندو دي إس","نينتندو دي إس","Nintendo DS",,,
767,not_found,"Category not found: سلع مستعملة وجديدة","سلع مستعملة وجديدة > مستلزمات اللاعبين > أجهزة ألعاب ووحدات تحكم > نينتندو سويتش","نينتندو سويتش","Nintendo Switch",,,
768,not_found,"Category not found: سلع مستعملة وجديدة","سلع مستعملة وجديدة > مستلزمات اللاعبين > أجهزة ألعاب ووحدات تحكم > نينتندو سويتش 2","نينتندو سويتش 2","Nintendo Switch 2",,,
769,not_found,"Category not found: سلع مستعملة وجديدة","سلع مستعملة وجديدة > مستلزمات اللاعبين > أجهزة ألعاب ووحدات تحكم > نينتندو وي","نينتندو وي","Nintendo Wii",,,
770,not_found,"Category not found: سلع مستعملة وجديدة","سلع مستعملة وجديدة > مستلزمات اللاعبين > أجهزة ألعاب ووحدات تحكم > نينتندو وي يو","نينتندو وي يو","Nintendo Wii U",,,
771,not_found,"Category not found: سلع مستعملة وجديدة","سلع مستعملة وجديدة > مستلزمات اللاعبين > أجهزة ألعاب ووحدات تحكم > وحدة التحكم","وحدة التحكم","يد تحكم",,,
772,not_found,"Category not found: سلع مستعملة وجديدة","سلع مستعملة وجديدة > هواتف وإكسسوارات > هواتف محمولة > آبل",آبل,Apple,,,
773,not_found,"Category not found: سلع مستعملة وجديدة","سلع مستعملة وجديدة > هواتف وإكسسوارات > هواتف محمولة > آسوس",آسوس,Asus,,,
774,not_found,"Category not found: سلع مستعملة وجديدة","سلع مستعملة وجديدة > هواتف وإكسسوارات > هواتف محمولة > أسيلسان",أسيلسان,Aselsan,,,
775,not_found,"Category not found: سلع مستعملة وجديدة","سلع مستعملة وجديدة > هواتف وإكسسوارات > هواتف محمولة > أفيا تورك تيليكوم","أفيا تورك تيليكوم","Avea Türk Telekom",,,
776,not_found,"Category not found: سلع مستعملة وجديدة","سلع مستعملة وجديدة > هواتف وإكسسوارات > هواتف محمولة > أوسكال",أوسكال,Oscal,,,
777,not_found,"Category not found: سلع مستعملة وجديدة","سلع مستعملة وجديدة > هواتف وإكسسوارات > هواتف محمولة > أوفيون",أوفيون,Ovion,,,
778,not_found,"Category not found: سلع مستعملة وجديدة","سلع مستعملة وجديدة > هواتف وإكسسوارات > هواتف محمولة > أوليفون",أوليفون,Ulefone,,,
779,not_found,"Category not found: سلع مستعملة وجديدة","سلع مستعملة وجديدة > هواتف وإكسسوارات > هواتف محمولة > أوميكس",أوميكس,Omix,,,
780,not_found,"Category not found: سلع مستعملة وجديدة","سلع مستعملة وجديدة > هواتف وإكسسوارات > هواتف محمولة > أووكيتيل",أووكيتيل,Oukitel,,,
781,not_found,"Category not found: سلع مستعملة وجديدة","سلع مستعملة وجديدة > هواتف وإكسسوارات > هواتف محمولة > أيسر",أيسر,Acer,,,
782,not_found,"Category not found: سلع مستعملة وجديدة","سلع مستعملة وجديدة > هواتف وإكسسوارات > هواتف محمولة > إل جي","إل جي",LG,,,
783,not_found,"Category not found: سلع مستعملة وجديدة","سلع مستعملة وجديدة > هواتف وإكسسوارات > هواتف محمولة > إليفون",إليفون,Elephone,,,
784,not_found,"Category not found: سلع مستعملة وجديدة","سلع مستعملة وجديدة > هواتف وإكسسوارات > هواتف محمولة > اتش تي سي","اتش تي سي",HTC,,,
785,not_found,"Category not found: سلع مستعملة وجديدة","سلع مستعملة وجديدة > هواتف وإكسسوارات > هواتف محمولة > اجم",اجم,AGM,,,
786,not_found,"Category not found: سلع مستعملة وجديدة","سلع مستعملة وجديدة > هواتف وإكسسوارات > هواتف محمولة > الكاتيل",الكاتيل,Alcatel,,,
787,not_found,"Category not found: سلع مستعملة وجديدة","سلع مستعملة وجديدة > هواتف وإكسسوارات > هواتف محمولة > انفينيكس",انفينيكس,Infinix,,,
788,not_found,"Category not found: سلع مستعملة وجديدة","سلع مستعملة وجديدة > هواتف وإكسسوارات > هواتف محمولة > ايك",ايك,Aiek,,,
789,not_found,"Category not found: سلع مستعملة وجديدة","سلع مستعملة وجديدة > هواتف وإكسسوارات > هواتف محمولة > باناسونيك",باناسونيك,Panasonic,,,
790,not_found,"Category not found: سلع مستعملة وجديدة","سلع مستعملة وجديدة > هواتف وإكسسوارات > هواتف محمولة > بلاك بيري","بلاك بيري",BlackBerry,,,
791,not_found,"Category not found: سلع مستعملة وجديدة","سلع مستعملة وجديدة > هواتف وإكسسوارات > هواتف محمولة > بلاكفيو",بلاكفيو,Blackview,,,
792,not_found,"Category not found: سلع مستعملة وجديدة","سلع مستعملة وجديدة > هواتف وإكسسوارات > هواتف محمولة > بلوبو",بلوبو,Bluboo,,,
793,not_found,"Category not found: سلع مستعملة وجديدة","سلع مستعملة وجديدة > هواتف وإكسسوارات > هواتف محمولة > بينكيو سيمنز","بينكيو سيمنز","BenQ Siemens",,,
794,not_found,"Category not found: سلع مستعملة وجديدة","سلع مستعملة وجديدة > هواتف وإكسسوارات > هواتف محمولة > تاغ هوير","تاغ هوير","Tag Heuer",,,
795,not_found,"Category not found: سلع مستعملة وجديدة","سلع مستعملة وجديدة > هواتف وإكسسوارات > هواتف محمولة > ترايدنت",ترايدنت,Trident,,,
796,not_found,"Category not found: سلع مستعملة وجديدة","سلع مستعملة وجديدة > هواتف وإكسسوارات > هواتف محمولة > تشين",تشين,Qin,,,
797,not_found,"Category not found: سلع مستعملة وجديدة","سلع مستعملة وجديدة > هواتف وإكسسوارات > هواتف محمولة > تكنو",تكنو,Tecno,,,
798,not_found,"Category not found: سلع مستعملة وجديدة","سلع مستعملة وجديدة > هواتف وإكسسوارات > هواتف محمولة > توركسيل",توركسيل,Turkcell,,,
799,not_found,"Category not found: سلع مستعملة وجديدة","سلع مستعملة وجديدة > هواتف وإكسسوارات > هواتف محمولة > تي سي إل","تي سي إل",TCL,,,
800,not_found,"Category not found: سلع مستعملة وجديدة","سلع مستعملة وجديدة > هواتف وإكسسوارات > هواتف محمولة > جوجل",جوجل,Google,,,
801,not_found,"Category not found: سلع مستعملة وجديدة","سلع مستعملة وجديدة > هواتف وإكسسوارات > هواتف محمولة > ديجيفون",ديجيفون,Digiphone,,,
802,not_found,"Category not found: سلع مستعملة وجديدة","سلع مستعملة وجديدة > هواتف وإكسسوارات > هواتف محمولة > ديل",ديل,Dell,,,
803,not_found,"Category not found: سلع مستعملة وجديدة","سلع مستعملة وجديدة > هواتف وإكسسوارات > هواتف محمولة > رازير",رازير,Razer,,,
804,not_found,"Category not found: سلع مستعملة وجديدة","سلع مستعملة وجديدة > هواتف وإكسسوارات > هواتف محمولة > ريدر",ريدر,Reeder,,,
805,not_found,"Category not found: سلع مستعملة وجديدة","سلع مستعملة وجديدة > هواتف وإكسسوارات > هواتف محمولة > ريلمى",ريلمى,Realme,,,
806,not_found,"Category not found: سلع مستعملة وجديدة","سلع مستعملة وجديدة > هواتف وإكسسوارات > هواتف محمولة > زد تي إي","زد تي إي",ZTE,,,
807,not_found,"Category not found: سلع مستعملة وجديدة","سلع مستعملة وجديدة > هواتف وإكسسوارات > هواتف محمولة > سامسونج",سامسونج,Samsung,,,
808,not_found,"Category not found: سلع مستعملة وجديدة","سلع مستعملة وجديدة > هواتف وإكسسوارات > هواتف محمولة > سوني",سوني,Sony,,,
809,not_found,"Category not found: سلع مستعملة وجديدة","سلع مستعملة وجديدة > هواتف وإكسسوارات > هواتف محمولة > سوني اريكسون","سوني اريكسون","Sony Ericsson",,,
810,not_found,"Category not found: سلع مستعملة وجديدة","سلع مستعملة وجديدة > هواتف وإكسسوارات > هواتف محمولة > شارب",شارب,Sharp,,,
811,not_found,"Category not found: سلع مستعملة وجديدة","سلع مستعملة وجديدة > هواتف وإكسسوارات > هواتف محمولة > شاومي",شاومي,Xiaomi,,,
812,not_found,"Category not found: سلع مستعملة وجديدة","سلع مستعملة وجديدة > هواتف وإكسسوارات > هواتف محمولة > صني",صني,Sunny,,,
813,not_found,"Category not found: سلع مستعملة وجديدة","سلع مستعملة وجديدة > هواتف وإكسسوارات > هواتف محمولة > فودافون",فودافون,Vodafone,,,
814,not_found,"Category not found: سلع مستعملة وجديدة","سلع مستعملة وجديدة > هواتف وإكسسوارات > هواتف محمولة > فيرتو",فيرتو,Vertu,,,
815,not_found,"Category not found: سلع مستعملة وجديدة","سلع مستعملة وجديدة > هواتف وإكسسوارات > هواتف محمولة > فيستل",فيستل,Vestel,,,
816,not_found,"Category not found: سلع مستعملة وجديدة","سلع مستعملة وجديدة > هواتف وإكسسوارات > هواتف محمولة > فيفو",فيفو,Vivo,,,
817,not_found,"Category not found: سلع مستعملة وجديدة","سلع مستعملة وجديدة > هواتف وإكسسوارات > هواتف محمولة > فيليبس",فيليبس,Philips,,,
818,not_found,"Category not found: سلع مستعملة وجديدة","سلع مستعملة وجديدة > هواتف وإكسسوارات > هواتف محمولة > قطة",قطة,CAT,,,
819,not_found,"Category not found: سلع مستعملة وجديدة","سلع مستعملة وجديدة > هواتف وإكسسوارات > هواتف محمولة > قطرة القمر","قطرة القمر",Moondrop,,,
820,not_found,"Category not found: سلع مستعملة وجديدة","سلع مستعملة وجديدة > هواتف وإكسسوارات > هواتف محمولة > كاسبر",كاسبر,Casper,,,
821,not_found,"Category not found: سلع مستعملة وجديدة","سلع مستعملة وجديدة > هواتف وإكسسوارات > هواتف محمولة > كان",كان,Kaan,,,
822,not_found,"Category not found: سلع مستعملة وجديدة","سلع مستعملة وجديدة > هواتف وإكسسوارات > هواتف محمولة > كواترو",كواترو,Quatro,,,
823,not_found,"Category not found: سلع مستعملة وجديدة","سلع مستعملة وجديدة > هواتف وإكسسوارات > هواتف محمولة > كوبوت",كوبوت,Cubot,,,
824,not_found,"Category not found: سلع مستعملة وجديدة","سلع مستعملة وجديدة > هواتف وإكسسوارات > هواتف محمولة > لا شئ","لا شئ",Nothing,,,
825,not_found,"Category not found: سلع مستعملة وجديدة","سلع مستعملة وجديدة > هواتف وإكسسوارات > هواتف محمولة > لايكا",لايكا,Leica,,,
826,not_found,"Category not found: سلع مستعملة وجديدة","سلع مستعملة وجديدة > هواتف وإكسسوارات > هواتف محمولة > لي تي في ليكو","لي تي في ليكو","LeTV LeEco",,,
827,not_found,"Category not found: سلع مستعملة وجديدة","سلع مستعملة وجديدة > هواتف وإكسسوارات > هواتف محمولة > ليجو",ليجو,Leagoo,,,
828,not_found,"Category not found: سلع مستعملة وجديدة","سلع مستعملة وجديدة > هواتف وإكسسوارات > هواتف محمولة > لينوفو",لينوفو,Lenovo,,,
829,not_found,"Category not found: سلع مستعملة وجديدة","سلع مستعملة وجديدة > هواتف وإكسسوارات > هواتف محمولة > مايكروسوفت",مايكروسوفت,Microsoft,,,
830,not_found,"Category not found: سلع مستعملة وجديدة","سلع مستعملة وجديدة > هواتف وإكسسوارات > هواتف محمولة > ممن لهم","ممن لهم",Oppo,,,
831,not_found,"Category not found: سلع مستعملة وجديدة","سلع مستعملة وجديدة > هواتف وإكسسوارات > هواتف محمولة > موبايل عام","موبايل عام","General Mobile",,,
832,not_found,"Category not found: سلع مستعملة وجديدة","سلع مستعملة وجديدة > هواتف وإكسسوارات > هواتف محمولة > موتورولا",موتورولا,Motorola,,,
833,not_found,"Category not found: سلع مستعملة وجديدة","سلع مستعملة وجديدة > هواتف وإكسسوارات > هواتف محمولة > ميبو",ميبو,Mipo,,,
834,not_found,"Category not found: سلع مستعملة وجديدة","سلع مستعملة وجديدة > هواتف وإكسسوارات > هواتف محمولة > ميزو",ميزو,Meizu,,,
835,not_found,"Category not found: سلع مستعملة وجديدة","سلع مستعملة وجديدة > هواتف وإكسسوارات > هواتف محمولة > نخل",نخل,Palm,,,
836,not_found,"Category not found: سلع مستعملة وجديدة","سلع مستعملة وجديدة > هواتف وإكسسوارات > هواتف محمولة > نوكيا",نوكيا,Nokia,,,
837,not_found,"Category not found: سلع مستعملة وجديدة","سلع مستعملة وجديدة > هواتف وإكسسوارات > هواتف محمولة > هواوي",هواوي,Huawei,,,
838,not_found,"Category not found: سلع مستعملة وجديدة","سلع مستعملة وجديدة > هواتف وإكسسوارات > هواتف محمولة > هوتواف",هوتواف,Hotwav,,,
839,not_found,"Category not found: سلع مستعملة وجديدة","سلع مستعملة وجديدة > هواتف وإكسسوارات > هواتف محمولة > هومتوم",هومتوم,HomTom,,,
840,not_found,"Category not found: سلع مستعملة وجديدة","سلع مستعملة وجديدة > هواتف وإكسسوارات > هواتف محمولة > هونر",هونر,Honor,,,
841,not_found,"Category not found: سلع مستعملة وجديدة","سلع مستعملة وجديدة > هواتف وإكسسوارات > هواتف محمولة > ون بلس","ون بلس",OnePlus,,,
842,not_found,"Category not found: سلع مستعملة وجديدة","سلع مستعملة وجديدة > هواتف وإكسسوارات > هواتف محمولة > يونيهيرتز",يونيهيرتز,Unihertz,,,
843,name_mismatch,"DB name_ar does not match current name (id 34706)","المركبات > سيارات دفع رباعي وبيك آب > Dodge > RAMs",RAMs,Ram,,,
844,not_found,"Subcategory not found at segment: عائلة 500","المركبات > سيارات > Fiat > عائلة 500","عائلة 500","500 Family",,,
845,updated,"Updated subcategory","المركبات > سيارات دفع رباعي وبيك آب > Fiat > 500 X","500 X",500X,subcategory,34758,"500 X"
846,not_found,"Subcategory not found at segment: بورن","المركبات > سيارات > Cupra > بورن",بورن,Born,,,
847,updated,"Updated subcategory (fallback by name in category)","المركبات > سيارات > Cupra > ليون",ليون,Leon,subcategory,23094,ليون
848,not_found,"Subcategory not found at segment: إمجراند","المركبات > سيارات > Geely > إمجراند",إمجراند,Emgrand,,,
849,not_found,"Subcategory not found at segment: موديل 3","المركبات > سيارات > Tesla > موديل 3","موديل 3","Model 3",,,
850,not_found,"Subcategory not found at segment: موديل S","المركبات > سيارات > Tesla > موديل S","موديل S","Model S",,,
851,not_found,"Subcategory not found at segment: موديل X","المركبات > سيارات > Tesla > موديل X","موديل X","Model X",,,
852,not_found,"Subcategory not found at segment: موديل Y","المركبات > سيارات > Tesla > موديل Y","موديل Y","Model Y",,,
853,not_found,"Subcategory not found at segment: الآلات الزراعية","الآلات والمعدات > الآلات الزراعية > البذار والغرس","البذار والغرس","معدات البذار والغرس",,,
854,not_found,"Subcategory not found at segment: الآلات الزراعية","الآلات والمعدات > الآلات الزراعية > التسميد",التسميد,"معدات التسميد",,,
855,not_found,"Subcategory not found at segment: الآلات الزراعية","الآلات والمعدات > الآلات الزراعية > الثروة الحيوانية","الثروة الحيوانية","معدات الثروة الحيوانية",,,
856,not_found,"Subcategory not found at segment: الآلات الزراعية","الآلات والمعدات > الآلات الزراعية > الحصاد والدرس","الحصاد والدرس","معدات الحصاد والدراس",,,
857,not_found,"Subcategory not found at segment: الآلات الزراعية","الآلات والمعدات > الآلات الزراعية > الري",الري,"معدات الري",,,
858,not_found,"Subcategory not found at segment: الآلات الزراعية","الآلات والمعدات > الآلات الزراعية > العناية بالمحاصيل","العناية بالمحاصيل","معدات العناية بالمحاصيل",,,
859,not_found,"Subcategory not found at segment: الآلات الزراعية","الآلات والمعدات > الآلات الزراعية > النقل",النقل,"معدات النقل الزراعي",,,
860,not_found,"Subcategory not found at segment: الآلات الزراعية","الآلات والمعدات > الآلات الزراعية > خدمة التربة","خدمة التربة","معدات تحضير التربة",,,
861,skipped_same,"Already has target name_ar (fallback match)","الآلات والمعدات > الصناعة > أنظمة الحماية والملاجئ","أنظمة الحماية والملاجئ","أنظمة حماية وملاجئ",,,
862,not_found,"Subcategory not found at segment: الصناعة","الآلات والمعدات > الصناعة > النقل والرصّ","النقل والرصّ","معدات نقل وتخزين",,,
863,not_found,"Subcategory not found at segment: الصناعة","الآلات والمعدات > الصناعة > خيام ومظلات وشتر","خيام ومظلات وشتر","خيمة أو مظلة",,,
864,not_found,"Subcategory not found at segment: الصناعة","الآلات والمعدات > الصناعة > كمبروسر",كمبروسر,"كمبرسور هواء",,,
865,updated,"Updated subcategory (fallback by name in category)","الآلات والمعدات > الكهرباء والطاقة > أوعية/خزانات مضغوطة","أوعية/خزانات مضغوطة","خزانات ضغط",subcategory,19562,"أوعية/خزانات مضغوطة"
866,not_found,"Subcategory not found at segment: الكهرباء والطاقة","الآلات والمعدات > الكهرباء والطاقة > منتجات الوقود","منتجات الوقود","معدات الوقود",,,
867,not_found,"Subcategory not found at segment: أسماك الثعبان والموراي","الحيوانات الأليفة والمواشي > أسماك الزينة > أسماك الثعبان والموراي","أسماك الثعبان والموراي","أسماك الأنقليس والموراي",,,
868,not_found,"Subcategory not found at segment: أسماك الراي والقط","الحيوانات الأليفة والمواشي > أسماك الزينة > أسماك الراي والقط","أسماك الراي والقط","أسماك الراي والسلور",,,
869,updated,"Updated subcategory","الحيوانات الأليفة والمواشي > أسماك الزينة > الأسماك المتاهية","الأسماك المتاهية","أسماك المتاهة",subcategory,29992,"الأسماك المتاهية"
870,updated,"Updated subcategory (fallback by name in category)","الحيوانات الأليفة والمواشي > أسماك الزينة > السيكليد",السيكليد,"أسماك السيكليد",subcategory,15705,سيكليد
871,not_found,"Subcategory not found at segment: الشبوطيات","الحيوانات الأليفة والمواشي > أسماك الزينة > الشبوطيات",الشبوطيات,"أسماك الشبوطيات",,,
872,not_found,"Subcategory not found at segment: اللافقاريات","الحيوانات الأليفة والمواشي > أسماك الزينة > اللافقاريات",اللافقاريات,"لافقاريات مائية",,,
873,not_found,"Subcategory not found at segment: المواشي الصغيرة والكبيرة","الحيوانات الأليفة والمواشي > الأعلاف والطعام > المواشي الصغيرة والكبيرة","المواشي الصغيرة والكبيرة",مواشي,,,
874,not_found,"Subcategory not found at segment: الإكسسوارات والمعدات","الحيوانات الأليفة والمواشي > الإكسسوارات والمعدات > المواشي الكبيرة والصغيرة","المواشي الكبيرة والصغيرة",مواشي,,,
875,not_found,"Category not found: العقارات","العقارات > أرض > للبيع مقابل حصة من الأرض","للبيع مقابل حصة من الأرض","للبيع مقابل حصة",,,
876,not_found,"Category not found: العقارات","العقارات > عقار تجاري > تنازل عن عقد الإيجار","تنازل عن عقد الإيجار","فروغ تجاري",,,
877,not_found,"Category not found: العقارات","العقارات > عقار تجاري > للبيع مع التنازل عن النشاط","للبيع مع التنازل عن النشاط","للبيع مع الفروغ",,,
878,not_found,"Category not found: العقارات","العقارات > مشاريع سكنية > ريزيدنس",ريزيدنس,"مجمع سكني",,,
879,skipped_same,"Already has target name_ar","المركبات > المركبات التجارية > الخطوط واللوحات التجارية","الخطوط واللوحات التجارية","خطوط ولوحات تجارية",,,
880,not_found,"Subcategory not found at segment: الشاحنات القاطرة","المركبات > المركبات التجارية > الشاحنات القاطرة","الشاحنات القاطرة","رؤوس قاطرة",,,
881,skipped_same,"Already has target name_ar","المركبات > المركبات التجارية > الشاحنات والشاحنات الخفيفة","الشاحنات والشاحنات الخفيفة","شاحنات وشاحنات خفيفة",,,
882,not_found,"Subcategory not found at segment: الكاروسري والهيكل","المركبات > المركبات التجارية > الكاروسري والهيكل","الكاروسري والهيكل","هياكل وصناديق شاحنات",,,
883,updated,"Updated subcategory (fallback by name in category)","المركبات > المركبات التجارية > الميني باص والميدي باص","الميني باص والميدي باص",سرفيس,subcategory,43632,"ميني باص وميدي باص"
884,not_found,"Subcategory not found at segment: ميني فان وفانات لوحة","المركبات > المركبات الكهربائية > ميني فان وفانات لوحة","ميني فان وفانات لوحة","فان مغلق كهربائي",,,
885,skipped_same,"Already has target name_ar","المركبات > تأجير سيارات > دفع رباعي وبيك اب","دفع رباعي وبيك اب","دفع رباعي وبيك آب",,,
886,skipped_same,"Already has target name_ar","المركبات > دراجات نارية > CFmoto",CFmoto,CFMOTO,,,
887,name_mismatch,"DB name_ar does not match current name (id 30325)","المركبات > دراجات نارية > Çelik Motor","Çelik Motor","Çelik Motor",,,
888,name_mismatch,"DB name_ar does not match current name (id 30352)","المركبات > دراجات نارية > Işıldar",Işıldar,Işıldar,,,
889,skipped_same,"Already has target name_ar","المركبات > دراجات نارية > Ski-doo",Ski-doo,Ski-Doo,,,
890,skipped_same,"Already has target name_ar","المركبات > دراجات نارية > Stmax",Stmax,STMAX,,,
891,name_mismatch,"DB name_ar does not match current name (id 30440)","المركبات > دراجات نارية > UğurSam",UğurSam,UğurSam,,,
892,not_found,"Subcategory not found at segment: رباعية الدفع","المركبات > رباعية الدفع > آسيا موتور","آسيا موتور","Asya Motor",,,
893,updated,"Updated subcategory (fallback by name in category)","المركبات > رباعية الدفع > أباتشي",أباتشي,Apache,subcategory,43959,أباتشي
894,not_found,"Subcategory not found at segment: رباعية الدفع","المركبات > رباعية الدفع > أركتيك كات","أركتيك كات","Arctic Cat",,,
895,not_found,"Subcategory not found at segment: رباعية الدفع","المركبات > رباعية الدفع > أرورا",أرورا,Arora,,,
896,not_found,"Subcategory not found at segment: رباعية الدفع","المركبات > رباعية الدفع > أودس",أودس,ODES,,,
897,not_found,"Subcategory not found at segment: رباعية الدفع","المركبات > رباعية الدفع > إس إم سي","إس إم سي",SMC,,,
898,not_found,"Subcategory not found at segment: رباعية الدفع","المركبات > رباعية الدفع > إس واي إم","إس واي إم",SYM,,,
899,not_found,"Subcategory not found at segment: رباعية الدفع","المركبات > رباعية الدفع > إنبيست",إنبيست,Enbest,,,
900,not_found,"Subcategory not found at segment: رباعية الدفع","المركبات > رباعية الدفع > إيون",إيون,AEON,,,
901,not_found,"Subcategory not found at segment: رباعية الدفع","المركبات > رباعية الدفع > باشان",باشان,Bashan,,,
902,not_found,"Subcategory not found at segment: رباعية الدفع","المركبات > رباعية الدفع > بولاريس",بولاريس,Polaris,,,
903,not_found,"Subcategory not found at segment: رباعية الدفع","المركبات > رباعية الدفع > بوماركس",بوماركس,Pomarx,,,
904,not_found,"Subcategory not found at segment: رباعية الدفع","المركبات > رباعية الدفع > بوموتو جينلينغ","بوموتو جينلينغ","BuMoto Jinling",,,
905,not_found,"Subcategory not found at segment: رباعية الدفع","المركبات > رباعية الدفع > تي جي بي","تي جي بي",TGB,,,
906,not_found,"Subcategory not found at segment: رباعية الدفع","المركبات > رباعية الدفع > ريجال رابتور","ريجال رابتور","Regal Raptor",,,
907,not_found,"Subcategory not found at segment: رباعية الدفع","المركبات > رباعية الدفع > ريجنوم",ريجنوم,Regnum,,,
908,not_found,"Subcategory not found at segment: رباعية الدفع","المركبات > رباعية الدفع > سكاي جيت","سكاي جيت",Skyjet,,,
909,not_found,"Subcategory not found at segment: رباعية الدفع","المركبات > رباعية الدفع > سوزوكي",سوزوكي,Suzuki,,,
910,updated,"Updated subcategory (fallback by name in category)","المركبات > رباعية الدفع > سي أف موتو","سي أف موتو","CF Moto",subcategory,43965,"سي اف موتو"
911,not_found,"Subcategory not found at segment: رباعية الدفع","المركبات > رباعية الدفع > سيجواي",سيجواي,Segway,,,
912,not_found,"Subcategory not found at segment: رباعية الدفع","المركبات > رباعية الدفع > سيكتاك",سيكتاك,Cectek,,,
913,not_found,"Subcategory not found at segment: رباعية الدفع","المركبات > رباعية الدفع > غوس",غوس,Goes,,,
914,updated,"Updated subcategory (fallback by name in category)","المركبات > رباعية الدفع > فالكون",فالكون,Falcon,subcategory,43967,فالكون
915,not_found,"Subcategory not found at segment: رباعية الدفع","المركبات > رباعية الدفع > فولتا",فولتا,Volta,,,
916,not_found,"Subcategory not found at segment: رباعية الدفع","المركبات > رباعية الدفع > كان-آم",كان-آم,Can-Am,,,
917,updated,"Updated subcategory (fallback by name in category)","المركبات > رباعية الدفع > كانوني",كانوني,Kanuni,subcategory,43970,كانوني
918,not_found,"Subcategory not found at segment: رباعية الدفع","المركبات > رباعية الدفع > كاواساكي",كاواساكي,Kawasaki,,,
919,not_found,"Subcategory not found at segment: رباعية الدفع","المركبات > رباعية الدفع > كايو",كايو,Kayo,,,
920,not_found,"Subcategory not found at segment: رباعية الدفع","المركبات > رباعية الدفع > كرال موتور","كرال موتور","Kral Motor",,,
921,updated,"Updated subcategory (fallback by name in category)","المركبات > رباعية الدفع > كوبا",كوبا,Kuba,subcategory,43973,كوبا
922,updated,"Updated subcategory (fallback by name in category)","المركبات > رباعية الدفع > كيمكو",كيمكو,Kymco,subcategory,43974,كيمكو
923,not_found,"Subcategory not found at segment: رباعية الدفع","المركبات > رباعية الدفع > كيو جي موتور","كيو جي موتور","QJ Motor",,,
924,not_found,"Subcategory not found at segment: رباعية الدفع","المركبات > رباعية الدفع > لونشين",لونشين,Loncin,,,
925,not_found,"Subcategory not found at segment: رباعية الدفع","المركبات > رباعية الدفع > لينهاي",لينهاي,Linhai,,,
926,not_found,"Subcategory not found at segment: رباعية الدفع","المركبات > رباعية الدفع > موتوران",موتوران,Motoran,,,
927,updated,"Updated subcategory (fallback by name in category)","المركبات > رباعية الدفع > مونديال",مونديال,Mondial,subcategory,43976,مونديال
928,not_found,"Subcategory not found at segment: رباعية الدفع","المركبات > رباعية الدفع > هوندا",هوندا,Honda,,,
929,updated,"Updated subcategory (fallback by name in category)","المركبات > رباعية الدفع > يوكي",يوكي,Yuki,subcategory,43986,يوكي
930,not_found,"Subcategory not found at segment: أبارث","المركبات > سيارات > أبارث",أبارث,Abarth,,,
931,not_found,"Subcategory not found at segment: أرورا","المركبات > سيارات > أرورا",أرورا,Arora,,,
932,not_found,"Subcategory not found at segment: ألبين","المركبات > سيارات > ألبين",ألبين,Alpine,,,
933,not_found,"Subcategory not found at segment: أنادول","المركبات > سيارات > أنادول",أنادول,Anadol,,,
934,not_found,"Subcategory not found at segment: أوبل","المركبات > سيارات > أوبل",أوبل,Opel,,,
935,not_found,"Subcategory not found at segment: أودي","المركبات > سيارات > أودي",أودي,Audi,,,
936,not_found,"Subcategory not found at segment: أورتي","المركبات > سيارات > أورتي",أورتي,Orti,,,
937,not_found,"Subcategory not found at segment: أيون","المركبات > سيارات > أيون",أيون,Aion,,,
938,updated,"Updated subcategory (fallback by name in category)","المركبات > سيارات > إنفينيتي",إنفينيتي,Infiniti,subcategory,44003,إنفينيتي
939,not_found,"Subcategory not found at segment: إيغل","المركبات > سيارات > إيغل",إيغل,Eagle,,,
940,not_found,"Subcategory not found at segment: إيكو","المركبات > سيارات > إيكو",إيكو,IKCO,,,
941,not_found,"Subcategory not found at segment: استون مارتن","المركبات > سيارات > استون مارتن","استون مارتن","Aston Martin",,,
942,not_found,"Subcategory not found at segment: الفا روميو","المركبات > سيارات > الفا روميو","الفا روميو","Alfa Romeo",,,
943,updated,"Updated subcategory (fallback by name in category)","المركبات > سيارات > بروتون",بروتون,Proton,subcategory,43318,بروتون
944,not_found,"Subcategory not found at segment: بليموث","المركبات > سيارات > بليموث",بليموث,Plymouth,,,
945,not_found,"Subcategory not found at segment: بنتلي","المركبات > سيارات > بنتلي",بنتلي,Bentley,,,
946,not_found,"Subcategory not found at segment: بورش","المركبات > سيارات > بورش",بورش,Porsche,,,
947,not_found,"Subcategory not found at segment: بولستار","المركبات > سيارات > بولستار",بولستار,Polestar,,,
948,not_found,"Subcategory not found at segment: بونتياك","المركبات > سيارات > بونتياك",بونتياك,Pontiac,,,
949,not_found,"Subcategory not found at segment: بويك","المركبات > سيارات > بويك",بويك,Buick,,,
950,not_found,"Subcategory not found at segment: بي إم دبليو","المركبات > سيارات > بي إم دبليو","بي إم دبليو",BMW,,,
951,not_found,"Subcategory not found at segment: بي واي دي","المركبات > سيارات > بي واي دي","بي واي دي",BYD,,,
952,not_found,"Subcategory not found at segment: بيجو","المركبات > سيارات > بيجو",بيجو,Peugeot,,,
953,not_found,"Subcategory not found at segment: تاتا","المركبات > سيارات > تاتا",تاتا,Tata,,,
954,updated,"Updated subcategory (fallback by name in category)","المركبات > سيارات > تسلا",تسلا,Tesla,subcategory,43333,تسلا
955,not_found,"Subcategory not found at segment: توغ","المركبات > سيارات > توغ",توغ,TOGG,,,
956,updated,"Updated subcategory (fallback by name in category)","المركبات > سيارات > توفاش",توفاش,Tofaş,subcategory,43328,توفاس
957,not_found,"Subcategory not found at segment: تويوتا","المركبات > سيارات > تويوتا",تويوتا,Toyota,,,
958,updated,"Updated subcategory (fallback by name in category)","المركبات > سيارات > جاكوار",جاكوار,Jaguar,subcategory,43302,جاكوار
959,updated,"Updated subcategory (fallback by name in category)","المركبات > سيارات > جيلي",جيلي,Geely,subcategory,43299,جيلي
960,not_found,"Subcategory not found at segment: داسيا","المركبات > سيارات > داسيا",داسيا,Dacia,,,
961,not_found,"Subcategory not found at segment: دايهاتسو","المركبات > سيارات > دايهاتسو",دايهاتسو,Daihatsu,,,
962,not_found,"Subcategory not found at segment: دايو","المركبات > سيارات > دايو",دايو,Daewoo,,,
963,not_found,"Subcategory not found at segment: دودج","المركبات > سيارات > دودج",دودج,Dodge,,,
964,updated,"Updated subcategory (fallback by name in category)","المركبات > سيارات > دي إس أوتوموبيلز","دي إس أوتوموبيلز","DS Automobiles",subcategory,43296,"دي إس أوتوموبيلز"
965,not_found,"Subcategory not found at segment: ذا لندن تاكسي","المركبات > سيارات > ذا لندن تاكسي","ذا لندن تاكسي","The London Taxi",,,
966,updated,"Updated subcategory (fallback by name in category)","المركبات > سيارات > روفر",روفر,Rover,subcategory,43320,روفر
967,updated,"Updated subcategory (fallback by name in category)","المركبات > سيارات > رولز رويس","رولز رويس",Rolls-Royce,subcategory,42644,"رولز رويس"
968,not_found,"Subcategory not found at segment: ريدر","المركبات > سيارات > ريدر",ريدر,Reeder,,,
969,not_found,"Subcategory not found at segment: ريغال رابتور","المركبات > سيارات > ريغال رابتور","ريغال رابتور","Regal Raptor",,,
970,not_found,"Subcategory not found at segment: ريلايف","المركبات > سيارات > ريلايف",ريلايف,Relive,,,
971,not_found,"Subcategory not found at segment: رينو","المركبات > سيارات > رينو",رينو,Renault,,,
972,not_found,"Subcategory not found at segment: رينوول","المركبات > سيارات > رينوول",رينوول,Rainwoll,,,
973,updated,"Updated subcategory (fallback by name in category)","المركبات > سيارات > ساب",ساب,Saab,subcategory,43321,ساب
974,not_found,"Subcategory not found at segment: سايبا","المركبات > سيارات > سايبا",سايبا,Saipa,,,
975,not_found,"Subcategory not found at segment: سكودا","المركبات > سيارات > سكودا",سكودا,Skoda,,,
976,updated,"Updated subcategory (fallback by name in category)","المركبات > سيارات > سمارت",سمارت,Smart,subcategory,43324,سمارت
977,not_found,"Subcategory not found at segment: سوبارو","المركبات > سيارات > سوبارو",سوبارو,Subaru,,,
978,not_found,"Subcategory not found at segment: سوزوكي","المركبات > سيارات > سوزوكي",سوزوكي,Suzuki,,,
979,not_found,"Subcategory not found at segment: سيات","المركبات > سيارات > سيات",سيات,SEAT,,,
980,not_found,"Subcategory not found at segment: سيتروين","المركبات > سيارات > سيتروين",سيتروين,Citroën,,,
981,not_found,"Subcategory not found at segment: سينترو","المركبات > سيارات > سينترو",سينترو,Cenntro,,,
982,not_found,"Subcategory not found at segment: شيري","المركبات > سيارات > شيري",شيري,Chery,,,
983,not_found,"Subcategory not found at segment: شيفروليه","المركبات > سيارات > شيفروليه",شيفروليه,Chevrolet,,,
984,not_found,"Subcategory not found at segment: فاندرهول","المركبات > سيارات > فاندرهول",فاندرهول,Vanderhall,,,
985,not_found,"Subcategory not found at segment: فورد","المركبات > سيارات > فورد",فورد,Ford,,,
986,not_found,"Subcategory not found at segment: فولتا","المركبات > سيارات > فولتا",فولتا,Volta,,,
987,not_found,"Subcategory not found at segment: فولفو","المركبات > سيارات > فولفو",فولفو,Volvo,,,
988,not_found,"Subcategory not found at segment: فولكس فاغن","المركبات > سيارات > فولكس فاغن","فولكس فاغن",Volkswagen,,,
989,not_found,"Subcategory not found at segment: فيات","المركبات > سيارات > فيات",فيات,Fiat,,,
990,not_found,"Subcategory not found at segment: فيراري","المركبات > سيارات > فيراري",فيراري,Ferrari,,,
991,not_found,"Subcategory not found at segment: كاديلاك","المركبات > سيارات > كاديلاك",كاديلاك,Cadillac,,,
992,not_found,"Subcategory not found at segment: كرايسلر","المركبات > سيارات > كرايسلر",كرايسلر,Chrysler,,,
993,not_found,"Subcategory not found at segment: كوبا","المركبات > سيارات > كوبا",كوبا,Kuba,,,
994,not_found,"Subcategory not found at segment: كوبرا","المركبات > سيارات > كوبرا",كوبرا,Cupra,,,
995,not_found,"Subcategory not found at segment: كيا","المركبات > سيارات > كيا",كيا,Kia,,,
996,not_found,"Subcategory not found at segment: لادا","المركبات > سيارات > لادا",لادا,Lada,,,
997,updated,"Updated subcategory (fallback by name in category)","المركبات > سيارات > لامبورغيني",لامبورغيني,Lamborghini,subcategory,43305,لامبورغيني
998,updated,"Updated subcategory (fallback by name in category)","المركبات > سيارات > لانشيا",لانشيا,Lancia,subcategory,43306,لانسيا
999,not_found,"Subcategory not found at segment: لكزس","المركبات > سيارات > لكزس",لكزس,Lexus,,,
1000,not_found,"Subcategory not found at segment: لوتس","المركبات > سيارات > لوتس",لوتس,Lotus,,,
1001,not_found,"Subcategory not found at segment: لوكي","المركبات > سيارات > لوكي",لوكي,Luqi,,,
1002,not_found,"Subcategory not found at segment: ليب موتور","المركبات > سيارات > ليب موتور","ليب موتور",Leapmotor,,,
1003,not_found,"Subcategory not found at segment: لينكولن","المركبات > سيارات > لينكولن",لينكولن,Lincoln,,,
1004,not_found,"Subcategory not found at segment: ماركوس","المركبات > سيارات > ماركوس",ماركوس,Marcos,,,
1005,not_found,"Subcategory not found at segment: مازدا","المركبات > سيارات > مازدا",مازدا,Mazda,,,
1006,updated,"Updated subcategory (fallback by name in category)","المركبات > سيارات > مازيراتي",مازيراتي,Maserati,subcategory,43307,مازيراتي
1007,not_found,"Subcategory not found at segment: ماكلارين","المركبات > سيارات > ماكلارين",ماكلارين,McLaren,,,
1008,not_found,"Subcategory not found at segment: مرسيدس-بنز","المركبات > سيارات > مرسيدس-بنز",مرسيدس-بنز,Mercedes-Benz,,,
1009,not_found,"Subcategory not found at segment: مورغان","المركبات > سيارات > مورغان",مورغان,Morgan,,,
1010,not_found,"Subcategory not found at segment: ميتسوبيشي","المركبات > سيارات > ميتسوبيشي",ميتسوبيشي,Mitsubishi,,,
1011,not_found,"Subcategory not found at segment: ميني","المركبات > سيارات > ميني",ميني,MINI,,,
1012,not_found,"Subcategory not found at segment: نيسان","المركبات > سيارات > نيسان",نيسان,Nissan,,,
1013,not_found,"Subcategory not found at segment: نيغمر","المركبات > سيارات > نيغمر",نيغمر,Niğmer,,,
1014,not_found,"Subcategory not found at segment: نيف","المركبات > سيارات > نيف",نيف,Nieve,,,
1015,not_found,"Subcategory not found at segment: هوندا","المركبات > سيارات > هوندا",هوندا,Honda,,,
1016,not_found,"Subcategory not found at segment: هيونداي","المركبات > سيارات > هيونداي",هيونداي,Hyundai,,,
1017,not_found,"Subcategory not found at segment: يوكي","المركبات > سيارات > يوكي",يوكي,Yuki,,,
1018,not_found,"Subcategory not found at segment: مركبة المهام المساعدة","المركبات > مركبة المهام المساعدة > أوديس",أوديس,ODES,,,
1019,not_found,"Subcategory not found at segment: مركبة المهام المساعدة","المركبات > مركبة المهام المساعدة > إكس آند واي","إكس آند واي",X&Y,,,
1020,not_found,"Subcategory not found at segment: مركبة المهام المساعدة","المركبات > مركبة المهام المساعدة > باجي",باجي,Buggy,,,
1021,not_found,"Subcategory not found at segment: مركبة المهام المساعدة","المركبات > مركبة المهام المساعدة > بولاريس",بولاريس,Polaris,,,
1022,not_found,"Subcategory not found at segment: مركبة المهام المساعدة","المركبات > مركبة المهام المساعدة > جون دير","جون دير","John Deere",,,
1023,not_found,"Subcategory not found at segment: مركبة المهام المساعدة","المركبات > مركبة المهام المساعدة > سي إف موتو","سي إف موتو","CF Moto",,,
1024,not_found,"Subcategory not found at segment: مركبة المهام المساعدة","المركبات > مركبة المهام المساعدة > سيجواي",سيجواي,Segway,,,
1025,not_found,"Subcategory not found at segment: مركبة المهام المساعدة","المركبات > مركبة المهام المساعدة > كان-آم",كان-آم,Can-Am,,,
1026,not_found,"Subcategory not found at segment: مركبة المهام المساعدة","المركبات > مركبة المهام المساعدة > كانوني",كانوني,Kanuni,,,
1027,not_found,"Subcategory not found at segment: مركبة المهام المساعدة","المركبات > مركبة المهام المساعدة > كاواساكي",كاواساكي,Kawasaki,,,
1028,not_found,"Subcategory not found at segment: مركبة المهام المساعدة","المركبات > مركبة المهام المساعدة > كوبا",كوبا,Kuba,,,
1029,not_found,"Subcategory not found at segment: مركبة المهام المساعدة","المركبات > مركبة المهام المساعدة > موتولوكس",موتولوكس,Motolux,,,
1030,not_found,"Subcategory not found at segment: مركبة المهام المساعدة","المركبات > مركبة المهام المساعدة > مونديال",مونديال,Mondial,,,
1031,not_found,"Subcategory not found at segment: مركبة المهام المساعدة","المركبات > مركبة المهام المساعدة > يوكي",يوكي,Yuki,,,
1032,not_found,"Category not found: سلع مستعملة وجديدة","سلع مستعملة وجديدة > أخرى > آلات البيع","آلات البيع","ماكينة بيع ذاتي",,,
1033,not_found,"Category not found: سلع مستعملة وجديدة","سلع مستعملة وجديدة > أخرى > أشياء غير عادية","أشياء غير عادية","أشياء نادرة أو غريبة",,,
1034,not_found,"Category not found: سلع مستعملة وجديدة","سلع مستعملة وجديدة > أخرى > اكسسوارات التبغ","اكسسوارات التبغ","إكسسوارات التدخين",,,
1035,not_found,"Category not found: سلع مستعملة وجديدة","سلع مستعملة وجديدة > أخرى > العطلات والمناسبات الخاصة","العطلات والمناسبات الخاصة","أغراض مناسبات وأعياد",,,
1036,not_found,"Category not found: سلع مستعملة وجديدة","سلع مستعملة وجديدة > أخرى > المنتجات الترويجية","المنتجات الترويجية","منتجات دعائية",,,
1037,not_found,"Category not found: سلع مستعملة وجديدة","سلع مستعملة وجديدة > أخرى > براندس فور سالي","براندس فور سالي","علامات تجارية للبيع",,,
1038,not_found,"Category not found: سلع مستعملة وجديدة","سلع مستعملة وجديدة > أخرى > تاتتوس & بودي ارت","تاتتوس & بودي ارت","وشوم وفنون الجسد",,,
1039,not_found,"Category not found: سلع مستعملة وجديدة","سلع مستعملة وجديدة > أخرى > تذاكر الحفلات والمناسبات","تذاكر الحفلات والمناسبات","تذكرة دخول حفلة",,,
1040,not_found,"Category not found: سلع مستعملة وجديدة","سلع مستعملة وجديدة > أخرى > مبيدات الحشرات والقوارض","مبيدات الحشرات والقوارض","مبيد حشرات وفئران",,,
1041,not_found,"Category not found: سلع مستعملة وجديدة","سلع مستعملة وجديدة > أغذية وأعلاف > أطعمة معلبة","أطعمة معلبة","طعام معلب",,,
1042,not_found,"Category not found: سلع مستعملة وجديدة","سلع مستعملة وجديدة > أغذية وأعلاف > جراينس",جراينس,حبوب,,,
1043,not_found,"Category not found: سلع مستعملة وجديدة","سلع مستعملة وجديدة > أغذية وأعلاف > حلويات وعلكة","حلويات وعلكة","حلوى وعلكة",,,
1044,not_found,"Category not found: سلع مستعملة وجديدة","سلع مستعملة وجديدة > أغذية وأعلاف > درييد نوتس","درييد نوتس","مكسرات وفواكه مجففة",,,
1045,not_found,"Category not found: سلع مستعملة وجديدة","سلع مستعملة وجديدة > أغذية وأعلاف > سلال الفاكهة والجملة","سلال الفاكهة والجملة","سلال فواكه",,,
1046,not_found,"Category not found: سلع مستعملة وجديدة","سلع مستعملة وجديدة > أغذية وأعلاف > فواكه وخضروات","فواكه وخضروات","فاكهة وخضار",,,
1047,not_found,"Category not found: سلع مستعملة وجديدة","سلع مستعملة وجديدة > أغذية وأعلاف > لحوم وأسماك","لحوم وأسماك","لحوم وسمك",,,
1048,not_found,"Category not found: سلع مستعملة وجديدة","سلع مستعملة وجديدة > أغذية وأعلاف > مأكولات شهية","مأكولات شهية","مقبلات ومأكولات جاهزة",,,
1049,not_found,"Category not found: سلع مستعملة وجديدة","سلع مستعملة وجديدة > أغذية وأعلاف > مشروبات",مشروبات,مشروب,,,
1050,not_found,"Category not found: سلع مستعملة وجديدة","سلع مستعملة وجديدة > أنتيكات > أدوات",أدوات,"أدوات قديمة",,,
1051,not_found,"Category not found: سلع مستعملة وجديدة","سلع مستعملة وجديدة > أنتيكات > إضاءة",إضاءة,"إنارة قديمة",,,
1052,not_found,"Category not found: سلع مستعملة وجديدة","سلع مستعملة وجديدة > أنتيكات > إكسسوارات",إكسسوارات,"إكسسوارات قديمة",,,
1053,not_found,"Category not found: سلع مستعملة وجديدة","سلع مستعملة وجديدة > أنتيكات > المنزل والحديقة","المنزل والحديقة","منزل وحديقة",,,
1054,not_found,"Category not found: سلع مستعملة وجديدة","سلع مستعملة وجديدة > أنتيكات > قطع",قطع,"قطع قديمة",,,
1055,not_found,"Category not found: سلع مستعملة وجديدة","سلع مستعملة وجديدة > أنتيكات > ماكينات",ماكينات,"ماكينات قديمة",,,
1056,not_found,"Category not found: سلع مستعملة وجديدة","سلع مستعملة وجديدة > أنتيكات > منتجات ديكور","منتجات ديكور","تحف وديكور قديم",,,
1057,not_found,"Category not found: سلع مستعملة وجديدة","سلع مستعملة وجديدة > أنتيكات > منسوجات",منسوجات,"سجاد ومفروشات قديمة",,,
1058,not_found,"Category not found: سلع مستعملة وجديدة","سلع مستعملة وجديدة > إلكترونيات تقنية > أجهزة فحص واختبار","أجهزة فحص واختبار","جهاز فحص واختبار",,,
1059,not_found,"Category not found: سلع مستعملة وجديدة","سلع مستعملة وجديدة > إلكترونيات تقنية > أجهزة كشف المعادن","أجهزة كشف المعادن","جهاز كشف معادن",,,
1060,not_found,"Category not found: سلع مستعملة وجديدة","سلع مستعملة وجديدة > إلكترونيات تقنية > أجهزة لاسلكي","أجهزة لاسلكي","جهاز لاسلكي",,,
1061,not_found,"Category not found: سلع مستعملة وجديدة","سلع مستعملة وجديدة > إلكترونيات تقنية > إمدادات الطاقة والمحولات","إمدادات الطاقة والمحولات","مزود طاقة ومحول",,,
1062,not_found,"Category not found: سلع مستعملة وجديدة","سلع مستعملة وجديدة > إلكترونيات تقنية > بطاريات",بطاريات,بطارية,,,
1063,not_found,"Category not found: سلع مستعملة وجديدة","سلع مستعملة وجديدة > إلكترونيات تقنية > دوائر وتجميع إلكتروني","دوائر وتجميع إلكتروني","قطع وتجميع إلكتروني",,,
1064,not_found,"Category not found: سلع مستعملة وجديدة","سلع مستعملة وجديدة > إلكترونيات تقنية > سكاليس",سكاليس,ميزان,,,
1065,not_found,"Category not found: سلع مستعملة وجديدة","سلع مستعملة وجديدة > إلكترونيات تقنية > قطع",قطع,"قطع إلكترونية",,,
1066,not_found,"Category not found: سلع مستعملة وجديدة","سلع مستعملة وجديدة > إلكترونيات تقنية > مؤشرات الليزر والمصابيح الكاشفة","مؤشرات الليزر والمصابيح الكاشفة","مؤشر ليزر وكشاف",,,
1067,not_found,"Category not found: سلع مستعملة وجديدة","سلع مستعملة وجديدة > إلكترونيات منزلية > أجهزة صوت محمولة","أجهزة صوت محمولة","جهاز صوت محمول",,,
1068,not_found,"Category not found: سلع مستعملة وجديدة","سلع مستعملة وجديدة > إلكترونيات منزلية > أجهزة ومعدات الأقمار الصناعية","أجهزة ومعدات الأقمار الصناعية","ستلايت ومستلزماته",,,
1069,not_found,"Category not found: سلع مستعملة وجديدة","سلع مستعملة وجديدة > إلكترونيات منزلية > أنظمة أمان","أنظمة أمان","كاميرات وأنظمة أمان",,,
1070,not_found,"Category not found: سلع مستعملة وجديدة","سلع مستعملة وجديدة > إلكترونيات منزلية > أنظمة المنزل الذكي","أنظمة المنزل الذكي","أجهزة منزل ذكي",,,
1071,not_found,"Category not found: سلع مستعملة وجديدة","سلع مستعملة وجديدة > إلكترونيات منزلية > أنظمة عرض وصورة","أنظمة عرض وصورة","أجهزة عرض وصورة",,,
1072,not_found,"Category not found: سلع مستعملة وجديدة","سلع مستعملة وجديدة > إلكترونيات منزلية > الصوتيات المنزلية","الصوتيات المنزلية","سماعات ونظام صوت منزلي",,,
1073,not_found,"Category not found: سلع مستعملة وجديدة","سلع مستعملة وجديدة > إلكترونيات منزلية > تلفزيونات",تلفزيونات,تلفزيون,,,
1074,not_found,"Category not found: سلع مستعملة وجديدة","سلع مستعملة وجديدة > إلكترونيات منزلية > هواتف",هواتف,هاتف,,,
1075,not_found,"Category not found: سلع مستعملة وجديدة","سلع مستعملة وجديدة > الأم والطفل > أثاث",أثاث,"أثاث أطفال",,,
1076,not_found,"Category not found: سلع مستعملة وجديدة","سلع مستعملة وجديدة > الأم والطفل > ألعاب",ألعاب,"ألعاب أطفال",,,
1077,not_found,"Category not found: سلع مستعملة وجديدة","سلع مستعملة وجديدة > الأم والطفل > أمان",أمان,"حماية الطفل",,,
1078,not_found,"Category not found: سلع مستعملة وجديدة","سلع مستعملة وجديدة > الأم والطفل > التغذية والإطعام","التغذية والإطعام","أكل وإطعام الطفل",,,
1079,not_found,"Category not found: سلع مستعملة وجديدة","سلع مستعملة وجديدة > الأم والطفل > الصحة والعناية","الصحة والعناية","صحة وعناية الطفل",,,
1080,not_found,"Category not found: سلع مستعملة وجديدة","سلع مستعملة وجديدة > الأم والطفل > حمام",حمام,"حمام الطفل",,,
1081,not_found,"Category not found: سلع مستعملة وجديدة","سلع مستعملة وجديدة > الأم والطفل > ديكور الغرف","ديكور الغرف","ديكور غرفة الطفل",,,
1082,not_found,"Category not found: سلع مستعملة وجديدة","سلع مستعملة وجديدة > الأم والطفل > مستلزمات رضاعة","مستلزمات رضاعة","رضّاعة وأغراض رضاعة",,,
1083,not_found,"Category not found: سلع مستعملة وجديدة","سلع مستعملة وجديدة > الأم والطفل > ملابس المواليد","ملابس المواليد","ملابس مواليد",,,
1084,not_found,"Category not found: سلع مستعملة وجديدة","سلع مستعملة وجديدة > الأم والطفل > منسوجات منزلية","منسوجات منزلية","بياضات ومفارش أطفال",,,
1085,not_found,"Category not found: سلع مستعملة وجديدة","سلع مستعملة وجديدة > الأم والطفل > مواصلات",مواصلات,"عرباية وكرسي سيارة للأطفال",,,
1086,not_found,"Category not found: سلع مستعملة وجديدة","سلع مستعملة وجديدة > الأم والطفل > هدايا ومقتنيات المواليد","هدايا ومقتنيات المواليد","هدايا مواليد",,,
1087,not_found,"Category not found: سلع مستعملة وجديدة","سلع مستعملة وجديدة > تصوير وكاميرات > إكسسوارات العدسات","إكسسوارات العدسات","إكسسوارات عدسات",,,
1088,not_found,"Category not found: سلع مستعملة وجديدة","سلع مستعملة وجديدة > تصوير وكاميرات > تلسكوبات",تلسكوبات,تلسكوب,,,
1089,not_found,"Category not found: سلع مستعملة وجديدة","سلع مستعملة وجديدة > تصوير وكاميرات > عدسات وفلاتر","عدسات وفلاتر",عدسة,,,
1090,not_found,"Category not found: سلع مستعملة وجديدة","سلع مستعملة وجديدة > تصوير وكاميرات > كاميرات تصوير رقمية","كاميرات تصوير رقمية","كاميرا رقمية",,,
1091,not_found,"Category not found: سلع مستعملة وجديدة","سلع مستعملة وجديدة > تصوير وكاميرات > كاميرات فيديو","كاميرات فيديو","كاميرا فيديو",,,
1092,not_found,"Category not found: سلع مستعملة وجديدة","سلع مستعملة وجديدة > تصوير وكاميرات > كاميرات فيلم تناظرية","كاميرات فيلم تناظرية","كاميرا فيلم",,,
1093,not_found,"Category not found: سلع مستعملة وجديدة","سلع مستعملة وجديدة > تصوير وكاميرات > كاميرات للإيجار","كاميرات للإيجار","كاميرا للإيجار",,,
1094,not_found,"Category not found: سلع مستعملة وجديدة","سلع مستعملة وجديدة > تصوير وكاميرات > مناظير",مناظير,منظار,,,
1095,not_found,"Category not found: سلع مستعملة وجديدة","سلع مستعملة وجديدة > ديكور المنزل > أدوات مطبخ","أدوات مطبخ","أغراض مطبخ",,,
1096,not_found,"Category not found: سلع مستعملة وجديدة","سلع مستعملة وجديدة > ديكور المنزل > فنون وأشغال يدوية","فنون وأشغال يدوية","لوحات وأشغال يدوية",,,
1097,not_found,"Category not found: سلع مستعملة وجديدة","سلع مستعملة وجديدة > ديكور المنزل > منتجات تنظيف","منتجات تنظيف","مواد وأدوات تنظيف",,,
1098,not_found,"Category not found: سلع مستعملة وجديدة","سلع مستعملة وجديدة > ديكور المنزل > منتجات ديكور","منتجات ديكور","ديكورات منزلية",,,
1099,not_found,"Category not found: سلع مستعملة وجديدة","سلع مستعملة وجديدة > ديكور المنزل > منسوجات منزلية","منسوجات منزلية","بياضات ومفارش",,,
1100,not_found,"Category not found: سلع مستعملة وجديدة","سلع مستعملة وجديدة > ساعات ومنبهات > ساعات",ساعات,ساعة,,,
1101,not_found,"Category not found: سلع مستعملة وجديدة","سلع مستعملة وجديدة > ساعات ومنبهات > ساعات الحائط","ساعات الحائط","ساعة حائط",,,
1102,not_found,"Category not found: سلع مستعملة وجديدة","سلع مستعملة وجديدة > ساعات ومنبهات > ساعات الطاولة","ساعات الطاولة","ساعة طاولة",,,
1103,not_found,"Category not found: سلع مستعملة وجديدة","سلع مستعملة وجديدة > ساعات ومنبهات > قطع وإكسسوارات","قطع وإكسسوارات","قطع وإكسسوارات ساعات",,,
1104,not_found,"Category not found: سلع مستعملة وجديدة","سلع مستعملة وجديدة > كمبيوتر > خوادم ومكونات","خوادم ومكونات","سيرفرات وقطعها",,,
1105,not_found,"Category not found: سلع مستعملة وجديدة","سلع مستعملة وجديدة > كمبيوتر > لابتوبات ونوت بوك","لابتوبات ونوت بوك",لابتوب,,,
1106,not_found,"Category not found: سلع مستعملة وجديدة","سلع مستعملة وجديدة > كمبيوتر > نطاقات واستضافة وبرمجيات","نطاقات واستضافة وبرمجيات","نطاقات واستضافة",,,
1107,not_found,"Category not found: سلع مستعملة وجديدة","سلع مستعملة وجديدة > مستلزمات الحدائق والبناء > أدوات يدوية","أدوات يدوية","عدة وأدوات يدوية",,,
1108,not_found,"Category not found: سلع مستعملة وجديدة","سلع مستعملة وجديدة > مستلزمات الحدائق والبناء > حديقة",حديقة,"أغراض حديقة",,,
1109,not_found,"Category not found: سلع مستعملة وجديدة","سلع مستعملة وجديدة > مستلزمات الحدائق والبناء > ملابس ومستلزمات السلامة المهنية","ملابس ومستلزمات السلامة المهنية","لباس ومعدات سلامة",,,
1110,not_found,"Category not found: سلع مستعملة وجديدة","سلع مستعملة وجديدة > مستلزمات اللاعبين > أجهزة ألعاب ووحدات تحكم","أجهزة ألعاب ووحدات تحكم","أجهزة ألعاب",,,
1111,not_found,"Category not found: سلع مستعملة وجديدة","سلع مستعملة وجديدة > مستلزمات اللاعبين > ألعاب",ألعاب,"ألعاب فيديو",,,
1112,not_found,"Category not found: سلع مستعملة وجديدة","سلع مستعملة وجديدة > مستلزمات اللاعبين > معدات ألعاب","معدات ألعاب","إكسسوارات ألعاب",,,
1113,not_found,"Category not found: سلع مستعملة وجديدة","سلع مستعملة وجديدة > مستلزمات المكتب والقرطاسية > آلات مكتبية","آلات مكتبية","معدات مكتبية",,,
1114,not_found,"Category not found: سلع مستعملة وجديدة","سلع مستعملة وجديدة > ملابس وإكسسوارات > أزياء تنكرية","أزياء تنكرية","زي تنكري",,,
1115,not_found,"Category not found: سلع مستعملة وجديدة","سلع مستعملة وجديدة > ملابس وإكسسوارات > حقائب وأمتعة","حقائب وأمتعة","حقيبة سفر",,,
1116,not_found,"Category not found: سلع مستعملة وجديدة","سلع مستعملة وجديدة > ملابس وإكسسوارات > رجالي",رجالي,"ملابس رجالي",,,
1117,not_found,"Category not found: سلع مستعملة وجديدة","سلع مستعملة وجديدة > ملابس وإكسسوارات > للجنسين",للجنسين,"ملابس للجنسين",,,
1118,not_found,"Category not found: سلع مستعملة وجديدة","سلع مستعملة وجديدة > ملابس وإكسسوارات > ملابس زفاف","ملابس زفاف","فستان عرس وملابس زفاف",,,
1119,not_found,"Category not found: سلع مستعملة وجديدة","سلع مستعملة وجديدة > ملابس وإكسسوارات > نسائي",نسائي,"ملابس نسائي",,,
1120,not_found,"Category not found: سلع مستعملة وجديدة","سلع مستعملة وجديدة > هواتف وإكسسوارات > الهواتف المحمولة المجددة","الهواتف المحمولة المجددة","موبايلات مجددة",,,
1121,not_found,"Category not found: سلع مستعملة وجديدة","سلع مستعملة وجديدة > هواتف وإكسسوارات > تقنيات قابلة للارتداء","تقنيات قابلة للارتداء","أجهزة قابلة للارتداء",,,
1122,not_found,"Category not found: سلع مستعملة وجديدة","سلع مستعملة وجديدة > هواتف وإكسسوارات > رقم",رقم,"أرقام وخطوط هاتف",,,
1123,not_found,"Category not found: سلع مستعملة وجديدة","سلع مستعملة وجديدة > هواتف وإكسسوارات > قطع",قطع,"قطع غيار هواتف",,,
1124,not_found,"Category not found: سلع مستعملة وجديدة","سلع مستعملة وجديدة > هوايات وألعاب > ألعاب",ألعاب,لعبة,,,
1125,not_found,"Category not found: سلع مستعملة وجديدة","سلع مستعملة وجديدة > هوايات وألعاب > ألعاب طاولة","ألعاب طاولة","لعبة طاولة",,,
1126,not_found,"Category not found: سلع مستعملة وجديدة","سلع مستعملة وجديدة > هوايات وألعاب > ألعاب وترفيه تجاري","ألعاب وترفيه تجاري","ألعاب صالات وترفيه",,,
1127,not_found,"Category not found: سلع مستعملة وجديدة","سلع مستعملة وجديدة > هوايات وألعاب > مركبات تحكم لاسلكي","مركبات تحكم لاسلكي","سيارة تحكم لاسلكي",,,
1128,not_found,"Category not found: سلع مستعملة وجديدة","سلع مستعملة وجديدة > هوايات وألعاب > منتجات البازل","منتجات البازل",بازل,,,
1129,not_found,"Subcategory not found at segment: الآلات الزراعية","الآلات والمعدات > الآلات الزراعية","الآلات الزراعية","معدات وآلات زراعية",,,
1130,not_found,"Subcategory not found at segment: الصناعة","الآلات والمعدات > الصناعة",الصناعة,"معدات صناعية",,,
1131,not_found,"Subcategory not found at segment: الكهرباء والطاقة","الآلات والمعدات > الكهرباء والطاقة","الكهرباء والطاقة","معدات كهرباء وطاقة",,,
1132,not_found,"Subcategory not found at segment: معدات الإنشاءات","الآلات والمعدات > معدات الإنشاءات","معدات الإنشاءات","معدات بناء وإنشاءات",,,
1133,skipped_same,"Already has target name_ar","الحيوانات الأليفة والمواشي > الأعلاف والطعام","الأعلاف والطعام","أعلاف وطعام",,,
1134,not_found,"Subcategory not found at segment: الإكسسوارات والمعدات","الحيوانات الأليفة والمواشي > الإكسسوارات والمعدات","الإكسسوارات والمعدات","مستلزمات وإكسسوارات",,,
1135,not_found,"Subcategory not found at segment: الحيوانات الكبيرة","الحيوانات الأليفة والمواشي > الحيوانات الكبيرة","الحيوانات الكبيرة","مواشي وحيوانات كبيرة",,,
1136,not_found,"Category not found: العقارات","العقارات > سكن",سكن,سكني,,,
1137,not_found,"Category not found: العقارات","العقارات > عقار تجاري","عقار تجاري",تجاري,,,
1138,not_found,"Subcategory not found at segment: رباعية الدفع","المركبات > رباعية الدفع","رباعية الدفع","دراجة رباعية الدفع",,,
1139,skipped_same,"Already has target name_ar","المركبات > سيارات الدفع الرباعي والبيك آب","سيارات الدفع الرباعي والبيك آب","سيارات دفع رباعي وبيك آب",,,
1140,not_found,"Subcategory not found at segment: مركبة المهام المساعدة","المركبات > مركبة المهام المساعدة","مركبة المهام المساعدة","مركبات خدمات",,,
1141,skipped_same,"Already has target name_ar","الوظائف > الإدارة والمكاتب","الإدارة والمكاتب","إدارة ومكاتب",,,
1142,not_found,"Subcategory not found at segment: الإعلام والراديو والتلفزيون","الوظائف > الإعلام والراديو والتلفزيون","الإعلام والراديو والتلفزيون","إعلام وتلفزيون",,,
1143,not_found,"Subcategory not found at segment: البناء والإنشاءات","الوظائف > البناء والإنشاءات","البناء والإنشاءات","بناء ومقاولات",,,
1144,not_found,"Subcategory not found at segment: البيع بالتجزئة والتجارة","الوظائف > البيع بالتجزئة والتجارة","البيع بالتجزئة والتجارة","تجارة وبيع بالتجزئة",,,
1145,not_found,"Subcategory not found at segment: الترفيه والفعاليات","الوظائف > الترفيه والفعاليات","الترفيه والفعاليات","فعاليات وترفيه",,,
1146,not_found,"Subcategory not found at segment: التسويق وإدارة المنتج","الوظائف > التسويق وإدارة المنتج","التسويق وإدارة المنتج","تسويق وإدارة منتجات",,,
1147,skipped_same,"Already has target name_ar","الوظائف > التوصيل والطرود","التوصيل والطرود","توصيل وطرود",,,
1148,not_found,"Subcategory not found at segment: الضيافة والفنادق","الوظائف > الضيافة والفنادق","الضيافة والفنادق","فنادق وضيافة",,,
1149,skipped_same,"Already has target name_ar","الوظائف > اللوجستيات والنقل","اللوجستيات والنقل","لوجستيات ونقل",,,
1150,not_found,"Subcategory not found at segment: المحاسبة والمالية والبنوك","الوظائف > المحاسبة والمالية والبنوك","المحاسبة والمالية والبنوك","محاسبة وبنوك",,,
1151,not_found,"Subcategory not found at segment: تقنية المعلومات وتطوير البرمجيات","الوظائف > تقنية المعلومات وتطوير البرمجيات","تقنية المعلومات وتطوير البرمجيات","تقنية معلومات وبرمجة",,,
1152,not_found,"Subcategory not found at segment: وظائف جزئية وأعمال إضافية","الوظائف > وظائف جزئية وأعمال إضافية","وظائف جزئية وأعمال إضافية","دوام جزئي وأعمال إضافية",,,
1153,not_found,"Subcategory not found at segment: تحضير الاختبارات","دروس خصوصية > تحضير الاختبارات","تحضير الاختبارات","تحضير امتحانات",,,
1154,not_found,"Subcategory not found at segment: تدريب رياضي ولياقة","دروس خصوصية > تدريب رياضي ولياقة","تدريب رياضي ولياقة","رياضة ولياقة",,,
1155,updated,"Updated subcategory","دروس خصوصية > تنمية الطفل والتعلم المبكر","تنمية الطفل والتعلم المبكر","تنمية الطفل والتعليم المبكر",subcategory,17815,"تنمية الطفل والتعلم المبكر"
1156,not_found,"Subcategory not found at segment: فنون ومهارات إبداعية","دروس خصوصية > فنون ومهارات إبداعية","فنون ومهارات إبداعية","فنون وإبداع",,,
1157,not_found,"Subcategory not found at segment: مهارات الكمبيوتر والتقنية","دروس خصوصية > مهارات الكمبيوتر والتقنية","مهارات الكمبيوتر والتقنية","كمبيوتر وتقنية",,,
1158,not_found,"Category not found: سلع مستعملة وجديدة","سلع مستعملة وجديدة > أنتيكات",أنتيكات,"تحف وأنتيكات",,,
1159,not_found,"Category not found: سلع مستعملة وجديدة","سلع مستعملة وجديدة > إلكترونيات تقنية","إلكترونيات تقنية","أجهزة تقنية",,,
1160,not_found,"Category not found: سلع مستعملة وجديدة","سلع مستعملة وجديدة > ساوسيبانس",ساوسيبانس,طنجرة,,,
1161,not_found,"Category not found: سلع مستعملة وجديدة","سلع مستعملة وجديدة > سيوينج & يمبرويديري","سيوينج & يمبرويديري","خياطة وتطريز",,,
1162,not_found,"Category not found: سلع مستعملة وجديدة","سلع مستعملة وجديدة > مستلزمات الحدائق والبناء","مستلزمات الحدائق والبناء","أغراض حديقة وبناء",,,
1163,not_found,"Category not found: سلع مستعملة وجديدة","سلع مستعملة وجديدة > مستلزمات اللاعبين","مستلزمات اللاعبين","مستلزمات الألعاب",,,
1164,not_found,"Subcategory not found at segment: معدات الدراجات النارية","قطع غيار السيارات > معدات الدراجات النارية","معدات الدراجات النارية","إكسسوارات دراجات نارية",,,
1165,not_found,"Subcategory not found at segment: معدات السيارات","قطع غيار السيارات > معدات السيارات","معدات السيارات","قطع وإكسسوارات السيارات",,,
1166,not_found,"Subcategory not found at segment: معدات المركبات البحرية","قطع غيار السيارات > معدات المركبات البحرية","معدات المركبات البحرية","إكسسوارات المركبات البحرية",,,
1167,not_found,"Category not found: خدمات المساعدة المنزلية","خدمات المساعدة المنزلية","خدمات المساعدة المنزلية","خدمات منزلية",,,
1168,not_found,"Category not found: سلع مستعملة وجديدة","سلع مستعملة وجديدة","سلع مستعملة وجديدة","سلع جديدة ومستعملة",,,
