رقم,الإجراء المطلوب,المسار الحالي,الاسم الحالي,الاسم الصحيح الجديد
1,تعديل الاسم,المركبات > المركبات التجارية > شاحنات وشاحنات خفيفة > Hyundai > h > 100,100,H-100
2,تعديل الاسم,المركبات > المركبات التجارية > شاحنات وشاحنات خفيفة > Hyundai > h > 350,350,H350
3,تعديل الاسم,المركبات > المركبات التجارية > شاحنات وشاحنات خفيفة > Hyundai > h > porter ii,porter ii,Porter II
4,تعديل الاسم,المركبات > المركبات التجارية > الشاحنات والشاحنات الخفيفة > Ford > e- transit,e- transit,E-Transit
5,تعديل الاسم,المركبات > المركبات التجارية > الشاحنات والشاحنات الخفيفة > Ford > p 100,p 100,P100
6,تعديل الاسم,المركبات > المركبات التجارية > الشاحنات والشاحنات الخفيفة > Ford > ranger,ranger,Ranger
7,تعديل الاسم,المركبات > المركبات التجارية > الشاحنات والشاحنات الخفيفة > Ford > transit,transit,Transit
8,تعديل الاسم,المركبات > المركبات التجارية > الشاحنات والشاحنات الخفيفة > Ford > سلسلة F,سلسلة F,F-Series
9,تعديل الاسم,المركبات > المركبات التجارية > الشاحنات والشاحنات الخفيفة > Ford > شاحنات,شاحنات,Other Ford Trucks
10,تعديل الاسم,المركبات > المركبات التجارية > الشاحنات والشاحنات الخفيفة > Renault > d,d,D Series
11,تعديل الاسم,المركبات > المركبات التجارية > الشاحنات والشاحنات الخفيفة > Renault > k,k,K Series
12,تعديل الاسم,المركبات > المركبات التجارية > الشاحنات والشاحنات الخفيفة > Renault > kerax,kerax,Kerax
13,تعديل الاسم,المركبات > المركبات التجارية > الشاحنات والشاحنات الخفيفة > Renault > mascott,mascott,Mascott
14,تعديل الاسم,المركبات > المركبات التجارية > الشاحنات والشاحنات الخفيفة > Renault > master,master,Master
15,تعديل الاسم,المركبات > المركبات التجارية > الشاحنات والشاحنات الخفيفة > Renault > midlum,midlum,Midlum
16,تعديل الاسم,المركبات > المركبات التجارية > الشاحنات والشاحنات الخفيفة > Renault > premium,premium,Premium
17,تعديل الاسم,المركبات > سيارات > Kia > Ceed > 1.5 هايبرد,1.5 هايبرد,1.5 Hybrid
18,تعديل الاسم,المركبات > سيارات > Kia > Ceed > 1.6 هايبرد,1.6 هايبرد,1.6 Hybrid
19,تعديل الاسم,المركبات > سيارات > Kia > Picanto > 1.0 MPI فيل,1.0 MPI فيل,1.0 MPI Feel
20,تعديل الاسم,المركبات > سيارات > Kia > Picanto > 1.0 MPI كول,1.0 MPI كول,1.0 MPI Cool
21,تعديل الاسم,المركبات > سيارات > Kia > Picanto > 1.0 MPI لايف,1.0 MPI لايف,1.0 MPI Live
22,تعديل الاسم,المركبات > سيارات > Kia > Rio > 1.2,1.2,1.2 MPI
23,تعديل الاسم,المركبات > سيارات > بي إم دبليو > الفئة 5 > 520d جران توريزمو,520d جران توريزمو,520d Gran Turismo
24,تعديل الاسم,المركبات > سيارات > بي إم دبليو > الفئة 5 > 530xd جران توريزمو,530xd جران توريزمو,530xd Gran Turismo
25,تعديل الاسم,سلع مستعملة وجديدة > كمبيوتر > أجهزة لوحية > موديلات > 1 زائد,1 زائد,OnePlus
26,تعديل الاسم,سلع مستعملة وجديدة > كمبيوتر > أجهزة لوحية > موديلات > آبل,آبل,Apple
27,تعديل الاسم,سلع مستعملة وجديدة > كمبيوتر > أجهزة لوحية > موديلات > آسوس أسترا,آسوس أسترا,Asus
28,تعديل الاسم,سلع مستعملة وجديدة > كمبيوتر > أجهزة لوحية > موديلات > أمازون,أمازون,Amazon
29,تعديل الاسم,سلع مستعملة وجديدة > كمبيوتر > أجهزة لوحية > موديلات > أوري,أوري,Auri
30,تعديل الاسم,سلع مستعملة وجديدة > كمبيوتر > أجهزة لوحية > موديلات > أوليفون,أوليفون,Ulefone
31,تعديل الاسم,سلع مستعملة وجديدة > كمبيوتر > أجهزة لوحية > موديلات > أووكيتيل,أووكيتيل,Oukitel
32,تعديل الاسم,سلع مستعملة وجديدة > كمبيوتر > أجهزة لوحية > موديلات > أيسر,أيسر,Acer
33,تعديل الاسم,سلع مستعملة وجديدة > كمبيوتر > أجهزة لوحية > موديلات > أينول,أينول,Ainol
34,تعديل الاسم,سلع مستعملة وجديدة > كمبيوتر > أجهزة لوحية > موديلات > إزكول,إزكول,Ezcool
35,تعديل الاسم,سلع مستعملة وجديدة > كمبيوتر > أجهزة لوحية > موديلات > إكسبير,إكسبير,Exper
36,تعديل الاسم,سلع مستعملة وجديدة > كمبيوتر > أجهزة لوحية > موديلات > إل جي,إل جي,LG
37,تعديل الاسم,سلع مستعملة وجديدة > كمبيوتر > أجهزة لوحية > موديلات > الكاتيل فيستينج,الكاتيل فيستينج,Alcatel
38,تعديل الاسم,سلع مستعملة وجديدة > كمبيوتر > أجهزة لوحية > موديلات > اوندا,اوندا,Onda
39,تعديل الاسم,سلع مستعملة وجديدة > كمبيوتر > أجهزة لوحية > موديلات > اونيو,اونيو,Onyo
40,تعديل الاسم,سلع مستعملة وجديدة > كمبيوتر > أجهزة لوحية > موديلات > ايفرست,ايفرست,Everest
41,تعديل الاسم,سلع مستعملة وجديدة > كمبيوتر > أجهزة لوحية > موديلات > باناسونيك,باناسونيك,Panasonic
42,تعديل الاسم,سلع مستعملة وجديدة > كمبيوتر > أجهزة لوحية > موديلات > بلاك بيري,بلاك بيري,BlackBerry
43,تعديل الاسم,سلع مستعملة وجديدة > كمبيوتر > أجهزة لوحية > موديلات > بلاكفيو,بلاكفيو,Blackview
44,تعديل الاسم,سلع مستعملة وجديدة > كمبيوتر > أجهزة لوحية > موديلات > بولارويد,بولارويد,Polaroid
45,تعديل الاسم,سلع مستعملة وجديدة > كمبيوتر > أجهزة لوحية > موديلات > بوليباد,بوليباد,Polypad
46,تعديل الاسم,سلع مستعملة وجديدة > كمبيوتر > أجهزة لوحية > موديلات > بيبو,بيبو,Pipo
47,تعديل الاسم,سلع مستعملة وجديدة > كمبيوتر > أجهزة لوحية > موديلات > تشوي,تشوي,Chuwi
48,تعديل الاسم,سلع مستعملة وجديدة > كمبيوتر > أجهزة لوحية > موديلات > توركسيل,توركسيل,Turkcell
49,تعديل الاسم,سلع مستعملة وجديدة > كمبيوتر > أجهزة لوحية > موديلات > توشيبا,توشيبا,Toshiba
50,تعديل الاسم,سلع مستعملة وجديدة > كمبيوتر > أجهزة لوحية > موديلات > تي سي إل,تي سي إل,TCL
51,تعديل الاسم,سلع مستعملة وجديدة > كمبيوتر > أجهزة لوحية > موديلات > تيكلاست,تيكلاست,Teclast
52,تعديل الاسم,سلع مستعملة وجديدة > كمبيوتر > أجهزة لوحية > موديلات > جرونديج,جرونديج,Grundig
53,تعديل الاسم,سلع مستعملة وجديدة > كمبيوتر > أجهزة لوحية > موديلات > جوجل,جوجل,Google
54,تعديل الاسم,سلع مستعملة وجديدة > كمبيوتر > أجهزة لوحية > موديلات > جولد ماستر,جولد ماستر,GoldMaster
55,تعديل الاسم,سلع مستعملة وجديدة > كمبيوتر > أجهزة لوحية > موديلات > جي تي اكس,جي تي اكس,GTX
56,تعديل الاسم,سلع مستعملة وجديدة > كمبيوتر > أجهزة لوحية > موديلات > دوجي,دوجي,Doogee
57,تعديل الاسم,سلع مستعملة وجديدة > كمبيوتر > أجهزة لوحية > موديلات > ديل,ديل,Dell
58,تعديل الاسم,سلع مستعملة وجديدة > كمبيوتر > أجهزة لوحية > موديلات > ريدر,ريدر,Reeder
59,تعديل الاسم,سلع مستعملة وجديدة > كمبيوتر > أجهزة لوحية > موديلات > زد تي إي سنات,زد تي إي سنات,ZTE
60,تعديل الاسم,سلع مستعملة وجديدة > كمبيوتر > أجهزة لوحية > موديلات > سامسونج,سامسونج,Samsung
61,تعديل الاسم,سلع مستعملة وجديدة > كمبيوتر > أجهزة لوحية > موديلات > سمارت كيو,سمارت كيو,SmartQ
62,تعديل الاسم,سلع مستعملة وجديدة > كمبيوتر > أجهزة لوحية > موديلات > سمكة البيرانا,سمكة البيرانا,Piranha
63,تعديل الاسم,سلع مستعملة وجديدة > كمبيوتر > أجهزة لوحية > موديلات > سوني,سوني,Sony
64,تعديل الاسم,سلع مستعملة وجديدة > كمبيوتر > أجهزة لوحية > موديلات > سيروكس,سيروكس,Syrox
65,تعديل الاسم,سلع مستعملة وجديدة > كمبيوتر > أجهزة لوحية > موديلات > شاومي,شاومي,Xiaomi
66,تعديل الاسم,سلع مستعملة وجديدة > كمبيوتر > أجهزة لوحية > موديلات > صني,صني,Sunny
67,تعديل الاسم,سلع مستعملة وجديدة > كمبيوتر > أجهزة لوحية > موديلات > طرد اركوس,طرد اركوس,Archos
68,تعديل الاسم,سلع مستعملة وجديدة > كمبيوتر > أجهزة لوحية > موديلات > فودافون,فودافون,Vodafone
69,تعديل الاسم,سلع مستعملة وجديدة > كمبيوتر > أجهزة لوحية > موديلات > فوركوم,فوركوم,Vorcom
70,تعديل الاسم,سلع مستعملة وجديدة > كمبيوتر > أجهزة لوحية > موديلات > فوسيبوت,فوسيبوت,Fossibot
71,تعديل الاسم,سلع مستعملة وجديدة > كمبيوتر > أجهزة لوحية > موديلات > فيستل,فيستل,Vestel
72,تعديل الاسم,سلع مستعملة وجديدة > كمبيوتر > أجهزة لوحية > موديلات > كاسبر,كاسبر,Casper
73,تعديل الاسم,سلع مستعملة وجديدة > كمبيوتر > أجهزة لوحية > موديلات > كاواي,كاواي,Kawai
74,تعديل الاسم,سلع مستعملة وجديدة > كمبيوتر > أجهزة لوحية > موديلات > كودجن,كودجن,Codegen
75,تعديل الاسم,سلع مستعملة وجديدة > كمبيوتر > أجهزة لوحية > موديلات > كونكورد,كونكورد,Concord
76,تعديل الاسم,سلع مستعملة وجديدة > كمبيوتر > أجهزة لوحية > موديلات > لينوفو,لينوفو,Lenovo
77,تعديل الاسم,سلع مستعملة وجديدة > كمبيوتر > أجهزة لوحية > موديلات > مالاتا,مالاتا,Malata
78,تعديل الاسم,سلع مستعملة وجديدة > كمبيوتر > أجهزة لوحية > موديلات > مايكروسوفت,مايكروسوفت,Microsoft
79,تعديل الاسم,سلع مستعملة وجديدة > كمبيوتر > أجهزة لوحية > موديلات > موبايل عام,موبايل عام,General Mobile
80,تعديل الاسم,سلع مستعملة وجديدة > كمبيوتر > أجهزة لوحية > موديلات > موبي,موبي,Mobi
81,تعديل الاسم,سلع مستعملة وجديدة > كمبيوتر > أجهزة لوحية > موديلات > نافكينج,نافكينج,Navking
82,تعديل الاسم,سلع مستعملة وجديدة > كمبيوتر > أجهزة لوحية > موديلات > نافيتك,نافيتك,Navitech
83,تعديل الاسم,سلع مستعملة وجديدة > كمبيوتر > أجهزة لوحية > موديلات > نكست,نكست,Next
84,تعديل الاسم,سلع مستعملة وجديدة > كمبيوتر > أجهزة لوحية > موديلات > نوكيا,نوكيا,Nokia
85,تعديل الاسم,سلع مستعملة وجديدة > كمبيوتر > أجهزة لوحية > موديلات > نيكستبوك,نيكستبوك,Nextbook
86,تعديل الاسم,سلع مستعملة وجديدة > كمبيوتر > أجهزة لوحية > موديلات > هواوي,هواوي,Huawei
87,تعديل الاسم,سلع مستعملة وجديدة > كمبيوتر > أجهزة لوحية > موديلات > هومتك,هومتك,Hometech
88,تعديل الاسم,سلع مستعملة وجديدة > كمبيوتر > أجهزة لوحية > موديلات > هونر,هونر,Honor
89,تعديل الاسم,سلع مستعملة وجديدة > كمبيوتر > أجهزة لوحية > موديلات > يونيباد,يونيباد,Unipad
90,تعديل الاسم,سلع مستعملة وجديدة > كمبيوتر > أجهزة لوحية > موديلات > يونيهيرتز,يونيهيرتز,Unihertz
91,تعديل الاسم,سلع مستعملة وجديدة > كمبيوتر > كمبيوتر مكتبي > موديلات > آبل,آبل,Apple
92,تعديل الاسم,سلع مستعملة وجديدة > كمبيوتر > كمبيوتر مكتبي > موديلات > آسروك,آسروك,Asrock
93,تعديل الاسم,سلع مستعملة وجديدة > كمبيوتر > كمبيوتر مكتبي > موديلات > آسوس,آسوس,Asus
94,تعديل الاسم,سلع مستعملة وجديدة > كمبيوتر > كمبيوتر مكتبي > موديلات > آي بي إم,آي بي إم,IBM
95,تعديل الاسم,سلع مستعملة وجديدة > كمبيوتر > كمبيوتر مكتبي > موديلات > آي لايف,آي لايف,I-Life
96,تعديل الاسم,سلع مستعملة وجديدة > كمبيوتر > كمبيوتر مكتبي > موديلات > أرسيليك,أرسيليك,Arçelik
97,تعديل الاسم,سلع مستعملة وجديدة > كمبيوتر > كمبيوتر مكتبي > موديلات > أفانترون,أفانترون,Avantron
98,تعديل الاسم,سلع مستعملة وجديدة > كمبيوتر > كمبيوتر مكتبي > موديلات > أوفيس كيس,أوفيس كيس,Officecase
99,تعديل الاسم,سلع مستعملة وجديدة > كمبيوتر > كمبيوتر مكتبي > موديلات > أوليفيتي,أوليفيتي,Olivetti
100,تعديل الاسم,سلع مستعملة وجديدة > كمبيوتر > كمبيوتر مكتبي > موديلات > أيسر,أيسر,Acer
101,تعديل الاسم,سلع مستعملة وجديدة > كمبيوتر > كمبيوتر مكتبي > موديلات > إكسبير,إكسبير,Exper
102,تعديل الاسم,سلع مستعملة وجديدة > كمبيوتر > كمبيوتر مكتبي > موديلات > إم إس آي,إم إس آي,MSI
103,تعديل الاسم,سلع مستعملة وجديدة > كمبيوتر > كمبيوتر مكتبي > موديلات > إن إي سي,إن إي سي,NEC
104,تعديل الاسم,سلع مستعملة وجديدة > كمبيوتر > كمبيوتر مكتبي > موديلات > إن سي آر,إن سي آر,NCR
105,تعديل الاسم,سلع مستعملة وجديدة > كمبيوتر > كمبيوتر مكتبي > موديلات > إنتل إنتل,إنتل إنتل,Intel
106,تعديل الاسم,سلع مستعملة وجديدة > كمبيوتر > كمبيوتر مكتبي > موديلات > إيداتا ستيفيو,إيداتا ستيفيو,Aidata
107,تعديل الاسم,سلع مستعملة وجديدة > كمبيوتر > كمبيوتر مكتبي > موديلات > إيزولي,إيزولي,Izoly
108,تعديل الاسم,سلع مستعملة وجديدة > كمبيوتر > كمبيوتر مكتبي > موديلات > ايروكول,ايروكول,Aerocool
109,تعديل الاسم,سلع مستعملة وجديدة > كمبيوتر > كمبيوتر مكتبي > موديلات > باكارد بيل,باكارد بيل,Packard Bell
110,تعديل الاسم,سلع مستعملة وجديدة > كمبيوتر > كمبيوتر مكتبي > موديلات > باورجيت,باورجيت,PowerGate
111,تعديل الاسم,سلع مستعملة وجديدة > كمبيوتر > كمبيوتر مكتبي > موديلات > برو2000,برو2000,Pro2000
112,تعديل الاسم,سلع مستعملة وجديدة > كمبيوتر > كمبيوتر مكتبي > موديلات > بلاكفيو,بلاكفيو,Blackview
113,تعديل الاسم,سلع مستعملة وجديدة > كمبيوتر > كمبيوتر مكتبي > موديلات > بيكو,بيكو,Beko
114,تعديل الاسم,سلع مستعملة وجديدة > كمبيوتر > كمبيوتر مكتبي > موديلات > تكنو بي سي دومينيشن,تكنو بي سي دومينيشن,Technopc
115,تعديل الاسم,سلع مستعملة وجديدة > كمبيوتر > كمبيوتر مكتبي > موديلات > توربوكس,توربوكس,Turbox
116,تعديل الاسم,سلع مستعملة وجديدة > كمبيوتر > كمبيوتر مكتبي > موديلات > جرونديج,جرونديج,Grundig
117,تعديل الاسم,سلع مستعملة وجديدة > كمبيوتر > كمبيوتر مكتبي > موديلات > جيجابايت,جيجابايت,Gigabyte
118,تعديل الاسم,سلع مستعملة وجديدة > كمبيوتر > كمبيوتر مكتبي > موديلات > دراغوس,دراغوس,Dragos
119,تعديل الاسم,سلع مستعملة وجديدة > كمبيوتر > كمبيوتر مكتبي > موديلات > ديل,ديل,Dell
120,تعديل الاسم,سلع مستعملة وجديدة > كمبيوتر > كمبيوتر مكتبي > موديلات > دينتي,دينتي,Dente
121,تعديل الاسم,سلع مستعملة وجديدة > كمبيوتر > كمبيوتر مكتبي > موديلات > راسبيري بي,راسبيري بي,Raspberry Pi
122,تعديل الاسم,سلع مستعملة وجديدة > كمبيوتر > كمبيوتر مكتبي > موديلات > زوتاك ستيف,زوتاك ستيف,Zotac
123,تعديل الاسم,سلع مستعملة وجديدة > كمبيوتر > كمبيوتر مكتبي > موديلات > زيرون,زيرون,Zeron
124,تعديل الاسم,سلع مستعملة وجديدة > كمبيوتر > كمبيوتر مكتبي > موديلات > سامسونج,سامسونج,Samsung
125,تعديل الاسم,سلع مستعملة وجديدة > كمبيوتر > كمبيوتر مكتبي > موديلات > سوني,سوني,Sony
126,تعديل الاسم,سلع مستعملة وجديدة > كمبيوتر > كمبيوتر مكتبي > موديلات > سي بوكس,سي بوكس,Cbox
127,تعديل الاسم,سلع مستعملة وجديدة > كمبيوتر > كمبيوتر مكتبي > موديلات > سيكليفي,سيكليفي,Seclife
128,تعديل الاسم,سلع مستعملة وجديدة > كمبيوتر > كمبيوتر مكتبي > موديلات > شاتل,شاتل,Shuttle
129,تعديل الاسم,سلع مستعملة وجديدة > كمبيوتر > كمبيوتر مكتبي > موديلات > صن,صن,Sun
130,تعديل الاسم,سلع مستعملة وجديدة > كمبيوتر > كمبيوتر مكتبي > موديلات > عثمانلي كمبيوتر,عثمانلي كمبيوتر,Osmanlı Bilgisayar
131,تعديل الاسم,سلع مستعملة وجديدة > كمبيوتر > كمبيوتر مكتبي > موديلات > فوجيتسو,فوجيتسو,Fujitsu
132,تعديل الاسم,سلع مستعملة وجديدة > كمبيوتر > كمبيوتر مكتبي > موديلات > فوجيتسو سيمنز,فوجيتسو سيمنز,Fujitsu Siemens
133,تعديل الاسم,سلع مستعملة وجديدة > كمبيوتر > كمبيوتر مكتبي > موديلات > فيستل,فيستل,Vestel
134,تعديل الاسم,سلع مستعملة وجديدة > كمبيوتر > كمبيوتر مكتبي > موديلات > فيليبس,فيليبس,Philips
135,تعديل الاسم,سلع مستعملة وجديدة > كمبيوتر > كمبيوتر مكتبي > موديلات > فيوسونيك,فيوسونيك,ViewSonic
136,تعديل الاسم,سلع مستعملة وجديدة > كمبيوتر > كمبيوتر مكتبي > موديلات > كاسبر,كاسبر,Casper
137,تعديل الاسم,سلع مستعملة وجديدة > كمبيوتر > كمبيوتر مكتبي > موديلات > كريا,كريا,Crea
138,تعديل الاسم,سلع مستعملة وجديدة > كمبيوتر > كمبيوتر مكتبي > موديلات > كزاسر,كزاسر,Xaser
139,تعديل الاسم,سلع مستعملة وجديدة > كمبيوتر > كمبيوتر مكتبي > موديلات > كوادرو,كوادرو,Quadro
140,تعديل الاسم,سلع مستعملة وجديدة > كمبيوتر > كمبيوتر مكتبي > موديلات > كومباك,كومباك,Compaq
141,تعديل الاسم,سلع مستعملة وجديدة > كمبيوتر > كمبيوتر مكتبي > موديلات > لينوفو,لينوفو,Lenovo
142,تعديل الاسم,سلع مستعملة وجديدة > كمبيوتر > كمبيوتر مكتبي > موديلات > مايكروسوفت,مايكروسوفت,Microsoft
143,تعديل الاسم,سلع مستعملة وجديدة > كمبيوتر > كمبيوتر مكتبي > موديلات > مستر بلس,مستر بلس,Mister Plus
144,تعديل الاسم,سلع مستعملة وجديدة > كمبيوتر > كمبيوتر مكتبي > موديلات > مونستر ستيفيو,مونستر ستيفيو,Monster
145,تعديل الاسم,سلع مستعملة وجديدة > كمبيوتر > كمبيوتر مكتبي > موديلات > هواوي,هواوي,Huawei
146,تعديل الاسم,سلع مستعملة وجديدة > كمبيوتر > كمبيوتر مكتبي > موديلات > هومتك,هومتك,Hometech
147,تعديل الاسم,سلع مستعملة وجديدة > كمبيوتر > كمبيوتر مكتبي > موديلات > هيريكان,هيريكان,Hurricane
148,تعديل الاسم,سلع مستعملة وجديدة > كمبيوتر > كمبيوتر مكتبي > موديلات > واربوكس,واربوكس,Warbox
149,تعديل الاسم,سلع مستعملة وجديدة > كمبيوتر > لابتوبات ونوت بوك > لابتوبات > NUC إنتل,NUC إنتل,NUC Intel
150,تعديل الاسم,سلع مستعملة وجديدة > كمبيوتر > لابتوبات ونوت بوك > لابتوبات > XIAOMI جاهزة,XIAOMI جاهزة,Xiaomi
151,تعديل الاسم,سلع مستعملة وجديدة > كمبيوتر > لابتوبات ونوت بوك > لابتوبات > آبل ماك بوك,آبل ماك بوك,Apple Macbook
152,تعديل الاسم,سلع مستعملة وجديدة > كمبيوتر > لابتوبات ونوت بوك > لابتوبات > آسوس,آسوس,Asus
153,تعديل الاسم,سلع مستعملة وجديدة > كمبيوتر > لابتوبات ونوت بوك > لابتوبات > آي إكس تك,آي إكس تك,iXtech
154,تعديل الاسم,سلع مستعملة وجديدة > كمبيوتر > لابتوبات ونوت بوك > لابتوبات > آي بي إم,آي بي إم,IBM
155,تعديل الاسم,سلع مستعملة وجديدة > كمبيوتر > لابتوبات ونوت بوك > لابتوبات > آي لايف,آي لايف,I-Life
156,تعديل الاسم,سلع مستعملة وجديدة > كمبيوتر > لابتوبات ونوت بوك > لابتوبات > أدفان,أدفان,Advan
157,تعديل الاسم,سلع مستعملة وجديدة > كمبيوتر > لابتوبات ونوت بوك > لابتوبات > أدفنت,أدفنت,Advent
158,تعديل الاسم,سلع مستعملة وجديدة > كمبيوتر > لابتوبات ونوت بوك > لابتوبات > أرسيليك,أرسيليك,Arçelik
159,تعديل الاسم,سلع مستعملة وجديدة > كمبيوتر > لابتوبات ونوت بوك > لابتوبات > أوروس,أوروس,Aorus
160,تعديل الاسم,سلع مستعملة وجديدة > كمبيوتر > لابتوبات ونوت بوك > لابتوبات > أيسر,أيسر,Acer
161,تعديل الاسم,سلع مستعملة وجديدة > كمبيوتر > لابتوبات ونوت بوك > لابتوبات > إسكورتس,إسكورتس,Escort
162,تعديل الاسم,سلع مستعملة وجديدة > كمبيوتر > لابتوبات ونوت بوك > لابتوبات > إكسا,إكسا,EXA
163,تعديل الاسم,سلع مستعملة وجديدة > كمبيوتر > لابتوبات ونوت بوك > لابتوبات > إكسبير,إكسبير,Exper
164,تعديل الاسم,سلع مستعملة وجديدة > كمبيوتر > لابتوبات ونوت بوك > لابتوبات > إل جي,إل جي,LG
165,تعديل الاسم,سلع مستعملة وجديدة > كمبيوتر > لابتوبات ونوت بوك > لابتوبات > إلين وير,إلين وير,Alienware
166,تعديل الاسم,سلع مستعملة وجديدة > كمبيوتر > لابتوبات ونوت بوك > لابتوبات > إم إس آي,إم إس آي,MSI
167,تعديل الاسم,سلع مستعملة وجديدة > كمبيوتر > لابتوبات ونوت بوك > لابتوبات > إن إي سي,إن إي سي,NEC
168,تعديل الاسم,سلع مستعملة وجديدة > كمبيوتر > لابتوبات ونوت بوك > لابتوبات > إي تشيبس,إي تشيبس,Echips
169,تعديل الاسم,سلع مستعملة وجديدة > كمبيوتر > لابتوبات ونوت بوك > لابتوبات > إيداتا,إيداتا,Aidata
170,تعديل الاسم,سلع مستعملة وجديدة > كمبيوتر > لابتوبات ونوت بوك > لابتوبات > إيفرست,إيفرست,Everest
171,تعديل الاسم,سلع مستعملة وجديدة > كمبيوتر > لابتوبات ونوت بوك > لابتوبات > إيكوتك,إيكوتك,Icotech
172,تعديل الاسم,سلع مستعملة وجديدة > كمبيوتر > لابتوبات ونوت بوك > لابتوبات > باكارد بيل غيتو,باكارد بيل غيتو,Packard Bell
173,تعديل الاسم,سلع مستعملة وجديدة > كمبيوتر > لابتوبات ونوت بوك > لابتوبات > باناسونيك,باناسونيك,Panasonic
174,تعديل الاسم,سلع مستعملة وجديدة > كمبيوتر > لابتوبات ونوت بوك > لابتوبات > براذر,براذر,Brother
175,تعديل الاسم,سلع مستعملة وجديدة > كمبيوتر > لابتوبات ونوت بوك > لابتوبات > بروبوك,بروبوك,Probook
176,تعديل الاسم,سلع مستعملة وجديدة > كمبيوتر > لابتوبات ونوت بوك > لابتوبات > بياك,بياك,Peaq
177,تعديل الاسم,سلع مستعملة وجديدة > كمبيوتر > لابتوبات ونوت بوك > لابتوبات > بيكو,بيكو,Beko
178,تعديل الاسم,سلع مستعملة وجديدة > كمبيوتر > لابتوبات ونوت بوك > لابتوبات > تشوي,تشوي,Chuwi
179,تعديل الاسم,سلع مستعملة وجديدة > كمبيوتر > لابتوبات ونوت بوك > لابتوبات > تصميم بورش,تصميم بورش,Porsche Design
180,تعديل الاسم,سلع مستعملة وجديدة > كمبيوتر > لابتوبات ونوت بوك > لابتوبات > تكنو,تكنو,Tecno
181,تعديل الاسم,سلع مستعملة وجديدة > كمبيوتر > لابتوبات ونوت بوك > لابتوبات > تكنوبك,تكنوبك,Technopc
182,تعديل الاسم,سلع مستعملة وجديدة > كمبيوتر > لابتوبات ونوت بوك > لابتوبات > توشيبا,توشيبا,Toshiba
183,تعديل الاسم,سلع مستعملة وجديدة > كمبيوتر > لابتوبات ونوت بوك > لابتوبات > تيجويس,تيجويس,Tigoes
184,تعديل الاسم,سلع مستعملة وجديدة > كمبيوتر > لابتوبات ونوت بوك > لابتوبات > تيكلاست,تيكلاست,Teclast
185,تعديل الاسم,سلع مستعملة وجديدة > كمبيوتر > لابتوبات ونوت بوك > لابتوبات > جامبرز,جامبرز,Jumper
186,تعديل الاسم,سلع مستعملة وجديدة > كمبيوتر > لابتوبات ونوت بوك > لابتوبات > جوجل,جوجل,Google
187,تعديل الاسم,سلع مستعملة وجديدة > كمبيوتر > لابتوبات ونوت بوك > لابتوبات > جيتاك,جيتاك,Getac
188,تعديل الاسم,سلع مستعملة وجديدة > كمبيوتر > لابتوبات ونوت بوك > لابتوبات > جيجابايت,جيجابايت,Gigabyte
189,تعديل الاسم,سلع مستعملة وجديدة > كمبيوتر > لابتوبات ونوت بوك > لابتوبات > داترون,داترون,Datron
190,تعديل الاسم,سلع مستعملة وجديدة > كمبيوتر > لابتوبات ونوت بوك > لابتوبات > ديل,ديل,Dell
191,تعديل الاسم,سلع مستعملة وجديدة > كمبيوتر > لابتوبات ونوت بوك > لابتوبات > ريدر,ريدر,Reeder
192,تعديل الاسم,سلع مستعملة وجديدة > كمبيوتر > لابتوبات ونوت بوك > لابتوبات > ريزر استرا,ريزر استرا,Razer
193,تعديل الاسم,سلع مستعملة وجديدة > كمبيوتر > لابتوبات ونوت بوك > لابتوبات > سامسونج,سامسونج,Samsung
194,تعديل الاسم,سلع مستعملة وجديدة > كمبيوتر > لابتوبات ونوت بوك > لابتوبات > سوني,سوني,Sony
195,تعديل الاسم,سلع مستعملة وجديدة > كمبيوتر > لابتوبات ونوت بوك > لابتوبات > سي بوكس,سي بوكس,Cbox
196,تعديل الاسم,سلع مستعملة وجديدة > كمبيوتر > لابتوبات ونوت بوك > لابتوبات > صني,صني,Sunny
197,تعديل الاسم,سلع مستعملة وجديدة > كمبيوتر > لابتوبات ونوت بوك > لابتوبات > طرد كوادرو,طرد كوادرو,Quadro
198,تعديل الاسم,سلع مستعملة وجديدة > كمبيوتر > لابتوبات ونوت بوك > لابتوبات > غرونديغ,غرونديغ,Grundig
199,تعديل الاسم,سلع مستعملة وجديدة > كمبيوتر > لابتوبات ونوت بوك > لابتوبات > غيتواي,غيتواي,Gateway
200,تعديل الاسم,سلع مستعملة وجديدة > كمبيوتر > لابتوبات ونوت بوك > لابتوبات > فوجيتسو سيمنز ستيف,فوجيتسو سيمنز ستيف,Fujitsu Siemens
201,تعديل الاسم,سلع مستعملة وجديدة > كمبيوتر > لابتوبات ونوت بوك > لابتوبات > فوجيتسو غيل,فوجيتسو غيل,Fujitsu
202,تعديل الاسم,سلع مستعملة وجديدة > كمبيوتر > لابتوبات ونوت بوك > لابتوبات > فيستل,فيستل,Vestel
203,تعديل الاسم,سلع مستعملة وجديدة > كمبيوتر > لابتوبات ونوت بوك > لابتوبات > فيكتور,فيكتور,Victor
204,تعديل الاسم,سلع مستعملة وجديدة > كمبيوتر > لابتوبات ونوت بوك > لابتوبات > كاسبر,كاسبر,Casper
205,تعديل الاسم,سلع مستعملة وجديدة > كمبيوتر > لابتوبات ونوت بوك > لابتوبات > كريا,كريا,Crea
206,تعديل الاسم,سلع مستعملة وجديدة > كمبيوتر > لابتوبات ونوت بوك > لابتوبات > كوانتم أسترا,كوانتم أسترا,Quantum
207,تعديل الاسم,سلع مستعملة وجديدة > كمبيوتر > لابتوبات ونوت بوك > لابتوبات > كومبانتال,كومبانتال,Compaq
208,تعديل الاسم,سلع مستعملة وجديدة > كمبيوتر > لابتوبات ونوت بوك > لابتوبات > لينوفو دومينيشن,لينوفو دومينيشن,Lenovo
209,تعديل الاسم,سلع مستعملة وجديدة > كمبيوتر > لابتوبات ونوت بوك > لابتوبات > مايكروسوفت غيل,مايكروسوفت غيل,Microsoft
210,تعديل الاسم,سلع مستعملة وجديدة > كمبيوتر > لابتوبات ونوت بوك > لابتوبات > مونستر,مونستر,Monster
211,تعديل الاسم,سلع مستعملة وجديدة > كمبيوتر > لابتوبات ونوت بوك > لابتوبات > ميتريفو,ميتريفو,Mechrevo
212,تعديل الاسم,سلع مستعملة وجديدة > كمبيوتر > لابتوبات ونوت بوك > لابتوبات > ميديون علي,ميديون علي,Medion
213,تعديل الاسم,سلع مستعملة وجديدة > كمبيوتر > لابتوبات ونوت بوك > لابتوبات > نوفاتيك,نوفاتيك,Novatech
214,تعديل الاسم,سلع مستعملة وجديدة > كمبيوتر > لابتوبات ونوت بوك > لابتوبات > هاير,هاير,Haier
215,تعديل الاسم,سلع مستعملة وجديدة > كمبيوتر > لابتوبات ونوت بوك > لابتوبات > هواوي,هواوي,Huawei
216,تعديل الاسم,سلع مستعملة وجديدة > كمبيوتر > لابتوبات ونوت بوك > لابتوبات > هومتك,هومتك,Hometech
217,تعديل الاسم,سلع مستعملة وجديدة > كمبيوتر > لابتوبات ونوت بوك > لابتوبات > هونر,هونر,Honor
218,تعديل الاسم,سلع مستعملة وجديدة > كمبيوتر > لابتوبات ونوت بوك > لابتوبات > وون,وون,Woon
219,تعديل الاسم,سلع مستعملة وجديدة > كمبيوتر > لابتوبات ونوت بوك > لابتوبات > ياسومي,ياسومي,Yasomi
220,تعديل الاسم,المركبات > المركبات التجارية > الشاحنات والشاحنات الخفيفة > peugeot > boxer kamyonet,boxer kamyonet,Boxer
221,تعديل الاسم,المركبات > المركبات التجارية > الشاحنات والشاحنات الخفيفة > citroen > jumper,jumper,Jumper
222,تعديل الاسم,المركبات > المركبات التجارية > الشاحنات والشاحنات الخفيفة > fiat > ducato,ducato,Ducato
223,تعديل الاسم,المركبات > سيارات > أودي > إي-ترون GT > GT RS,GT RS,RS e-tron GT
224,تعديل الاسم,المركبات > المركبات التجارية > شاحنات وشاحنات خفيفة > isuzu > d- max,d- max,D-Max
225,تعديل الاسم,المركبات > المركبات التجارية > شاحنات وشاحنات خفيفة > isuzu > npr,npr,NPR
226,تعديل الاسم,المركبات > المركبات التجارية > شاحنات وشاحنات خفيفة > isuzu > nqr,nqr,NQR
227,تعديل الاسم,المركبات > المركبات التجارية > شاحنات وشاحنات خفيفة > kia > bongo,bongo,Bongo
228,تعديل الاسم,المركبات > المركبات التجارية > شاحنات وشاحنات خفيفة > kia > k,k,K Series
229,تعديل الاسم,المركبات > المركبات التجارية > شاحنات وشاحنات خفيفة > Hyundai > h,h,H Series
230,تعديل الاسم,الآلات والمعدات > الآلات الزراعية > الري > محرك ري (بنكار),محرك ري (بنكار),محرك ري بانكار
231,تعديل الاسم,الآلات والمعدات > الآلات الزراعية > جرار > اجت,اجت,AGT
232,تعديل الاسم,الآلات والمعدات > الآلات الزراعية > جرار > اجروميت,اجروميت,Agromet
233,تعديل الاسم,الآلات والمعدات > الآلات الزراعية > جرار > اجريبووير,اجريبووير,Agripower
234,تعديل الاسم,الآلات والمعدات > الآلات الزراعية > جرار > اجريفارم,اجريفارم,Agrifarm
235,تعديل الاسم,الآلات والمعدات > الآلات الزراعية > جرار > ارتراك سوبيرليني,ارتراك سوبيرليني,Artrak Superline
236,تعديل الاسم,الآلات والمعدات > الآلات الزراعية > جرار > اسلان,اسلان,Aslan Traktör
237,تعديل الاسم,الآلات والمعدات > الآلات الزراعية > جرار > انترناشيونال,انترناشيونال,International
238,تعديل الاسم,الآلات والمعدات > الآلات الزراعية > جرار > انتونيو كاررارو,انتونيو كاررارو,Antonio Carraro
239,تعديل الاسم,الآلات والمعدات > الآلات الزراعية > جرار > باشاك,باشاك,Başak
240,تعديل الاسم,الآلات والمعدات > الآلات الزراعية > جرار > باشكينت,باشكينت,Başkent
241,تعديل الاسم,الآلات والمعدات > الآلات الزراعية > جرار > باليتور,باليتور,Balitur
242,تعديل الاسم,الآلات والمعدات > الآلات الزراعية > جرار > بانكار,بانكار,Pancar
243,تعديل الاسم,الآلات والمعدات > الآلات الزراعية > جرار > برانسون,برانسون,Branson
244,تعديل الاسم,الآلات والمعدات > الآلات الزراعية > جرار > بمك,بمك,BMC
245,تعديل الاسم,الآلات والمعدات > الآلات الزراعية > جرار > بوروون,بوروون,Borwon
246,تعديل الاسم,الآلات والمعدات > الآلات الزراعية > جرار > بوزوك,بوزوك,Bozok
247,تعديل الاسم,الآلات والمعدات > الآلات الزراعية > جرار > بوغاي,بوغاي,Bolgar
248,تعديل الاسم,الآلات والمعدات > الآلات الزراعية > جرار > بوليندير-مونكتيلل,بوليندير-مونكتيلل,Bolinder-Munktell
249,تعديل الاسم,الآلات والمعدات > الآلات الزراعية > جرار > بيركيس,بيركيس,Perkis
250,تعديل الاسم,الآلات والمعدات > الآلات الزراعية > جرار > تارال,تارال,Taral
251,تعديل الاسم,الآلات والمعدات > الآلات الزراعية > جرار > تافي,تافي,Tafe
252,تعديل الاسم,الآلات والمعدات > الآلات الزراعية > جرار > تشيري,تشيري,Chery
253,تعديل الاسم,الآلات والمعدات > الآلات الزراعية > جرار > تورك تراكتور,تورك تراكتور,Türk Traktör
254,تعديل الاسم,الآلات والمعدات > الآلات الزراعية > جرار > توموسان,توموسان,Tümosan
255,تعديل الاسم,الآلات والمعدات > الآلات الزراعية > جرار > تووجو,تووجو,Togo
256,تعديل الاسم,الآلات والمعدات > الآلات الزراعية > جرار > جراكي,جراكي,Graki
257,تعديل الاسم,الآلات والمعدات > الآلات الزراعية > جرار > جكب,جكب,JCB
258,تعديل الاسم,الآلات والمعدات > الآلات الزراعية > جرار > جولدوني,جولدوني,Goldoni
259,تعديل الاسم,الآلات والمعدات > الآلات الزراعية > جرار > جونين,جونين,Gönen
260,تعديل الاسم,الآلات والمعدات > الآلات الزراعية > جرار > جوهن دييري,جوهن دييري,John Deere
261,تعديل الاسم,الآلات والمعدات > الآلات الزراعية > جرار > جينما,جينما,Jinma
262,تعديل الاسم,الآلات والمعدات > الآلات الزراعية > جرار > ديكستا,ديكستا,Dexta
263,تعديل الاسم,الآلات والمعدات > الآلات الزراعية > جرار > ديوتز-فاهر,ديوتز-فاهر,Deutz-Fahr
264,تعديل الاسم,الآلات والمعدات > الآلات الزراعية > جرار > ريببا,ريببا,Rippa
265,تعديل الاسم,الآلات والمعدات > الآلات الزراعية > جرار > ريناولت,ريناولت,Renault
266,تعديل الاسم,الآلات والمعدات > الآلات الزراعية > جرار > زيتور,زيتور,Zetor
267,تعديل الاسم,الآلات والمعدات > الآلات الزراعية > جرار > سامي,سامي,Same
268,تعديل الاسم,الآلات والمعدات > الآلات الزراعية > جرار > ستيير,ستيير,Steyr
269,تعديل الاسم,الآلات والمعدات > الآلات الزراعية > جرار > سوبير ستار,سوبير ستار,Super Star
270,تعديل الاسم,الآلات والمعدات > الآلات الزراعية > جرار > سوبير ماجور,سوبير ماجور,Super Major
271,تعديل الاسم,الآلات والمعدات > الآلات الزراعية > جرار > سوليس,سوليس,Solis
272,تعديل الاسم,الآلات والمعدات > الآلات الزراعية > جرار > سونواي,سونواي,Sunway
273,تعديل الاسم,الآلات والمعدات > الآلات الزراعية > جرار > فاتيه,فاتيه,Fatih
274,تعديل الاسم,الآلات والمعدات > الآلات الزراعية > جرار > فارمتراك,فارمتراك,Farmtrac
275,تعديل الاسم,الآلات والمعدات > الآلات الزراعية > جرار > فالترا,فالترا,Valtra
276,تعديل الاسم,الآلات والمعدات > الآلات الزراعية > جرار > فوتون,فوتون,Foton
277,تعديل الاسم,الآلات والمعدات > الآلات الزراعية > جرار > فورد,فورد,Ford
278,تعديل الاسم,الآلات والمعدات > الآلات الزراعية > جرار > فولفو,فولفو,Volvo
279,تعديل الاسم,الآلات والمعدات > الآلات الزراعية > جرار > فيات,فيات,Fiat
280,تعديل الاسم,الآلات والمعدات > الآلات الزراعية > جرار > فيرراري,فيرراري,Ferrari
281,تعديل الاسم,الآلات والمعدات > الآلات الزراعية > جرار > فيندت,فيندت,Fendt
282,تعديل الاسم,الآلات والمعدات > الآلات الزراعية > جرار > كاان,كاان,Kaan
283,تعديل الاسم,الآلات والمعدات > الآلات الزراعية > جرار > كابتاين,كابتاين,Captain
284,تعديل الاسم,الآلات والمعدات > الآلات الزراعية > جرار > كاتسو,كاتسو,Katsu
285,تعديل الاسم,الآلات والمعدات > الآلات الزراعية > جرار > كاراتاش,كاراتاش,Karataş
286,تعديل الاسم,الآلات والمعدات > الآلات الزراعية > جرار > كاررارو,كاررارو,Carraro
287,تعديل الاسم,الآلات والمعدات > الآلات الزراعية > جرار > كاسي يه,كاسي يه,Case IH
288,تعديل الاسم,الآلات والمعدات > الآلات الزراعية > جرار > كلااس,كلااس,Claas
289,تعديل الاسم,الآلات والمعدات > الآلات الزراعية > جرار > كوبوتا,كوبوتا,Kubota
290,تعديل الاسم,الآلات والمعدات > الآلات الزراعية > جرار > كيوتي,كيوتي,Kioti
291,تعديل الاسم,الآلات والمعدات > الآلات الزراعية > جرار > لامبورغيني,لامبورغيني,Lamborghini
292,تعديل الاسم,الآلات والمعدات > الآلات الزراعية > جرار > لانديني,لانديني,Landini
293,تعديل الاسم,الآلات والمعدات > الآلات الزراعية > جرار > لج,لج,LG
294,تعديل الاسم,الآلات والمعدات > الآلات الزراعية > جرار > لس تراكتور,لس تراكتور,LS Tractor
295,تعديل الاسم,الآلات والمعدات > الآلات الزراعية > جرار > لومباردين,لومباردين,Lombardini
296,تعديل الاسم,الآلات والمعدات > الآلات الزراعية > جرار > لييلاند,لييلاند,Leyland
297,تعديل الاسم,الآلات والمعدات > الآلات الزراعية > جرار > ماسسيي فيرجوسون,ماسسيي فيرجوسون,Massey Ferguson
298,تعديل الاسم,الآلات والمعدات > الآلات الزراعية > جرار > ماسسيي هارريس,ماسسيي هارريس,Massey Harris
299,تعديل الاسم,الآلات والمعدات > الآلات الزراعية > جرار > ماهيندرا,ماهيندرا,Mahindra
300,تعديل الاسم,الآلات والمعدات > الآلات الزراعية > جرار > مككورميك,مككورميك,McCormick
301,تعديل الاسم,الآلات والمعدات > الآلات الزراعية > جرار > موشوروغلو,موشوروغلو,Muşuroğlu
302,تعديل الاسم,الآلات والمعدات > الآلات الزراعية > جرار > مي,مي,Mİ
303,تعديل الاسم,الآلات والمعدات > الآلات الزراعية > جرار > ميركيديس-بينز,ميركيديس-بينز,Mercedes-Benz
304,تعديل الاسم,الآلات والمعدات > الآلات الزراعية > جرار > نوومان,نوومان,Numan
305,تعديل الاسم,الآلات والمعدات > الآلات الزراعية > جرار > نيببي,نيببي,Nibbi
306,تعديل الاسم,الآلات والمعدات > الآلات الزراعية > جرار > نيو هوللاند,نيو هوللاند,New Holland
307,تعديل الاسم,الآلات والمعدات > الآلات الزراعية > جرار > هاتتات,هاتتات,Hattat
308,تعديل الاسم,الآلات والمعدات > الآلات الزراعية > جرار > هارس,هارس,Hars
309,تعديل الاسم,الآلات والمعدات > الآلات الزراعية > جرار > هارمان,هارمان,Harman
310,تعديل الاسم,الآلات والمعدات > الآلات الزراعية > جرار > هولدير,هولدير,Holder
311,تعديل الاسم,الآلات والمعدات > الآلات الزراعية > جرار > هيما,هيما,Hema
312,تعديل الاسم,الآلات والمعدات > الآلات الزراعية > جرار > ورسوس,ورسوس,Ursus
313,تعديل الاسم,الآلات والمعدات > الآلات الزراعية > جرار > وزيل,وزيل,Uzel Traktör
314,تعديل الاسم,الآلات والمعدات > الآلات الزراعية > جرار > ونيفرسال,ونيفرسال,Universal
315,تعديل الاسم,الآلات والمعدات > الآلات الزراعية > جرار > ياغمور,ياغمور,Yağmur
316,تعديل الاسم,الآلات والمعدات > الآلات الزراعية > جرار > يانمار,يانمار,Yanmar
317,تعديل الاسم,الآلات والمعدات > الآلات الزراعية > جرار > يبرو,يبرو,Ebro
318,تعديل الاسم,الآلات والمعدات > الآلات الزراعية > جرار > يركونت,يركونت,Erkunt
319,تعديل الاسم,الآلات والمعدات > الآلات الزراعية > جرار > يشبورا,يشبورا,Isbora
320,تعديل الاسم,الآلات والمعدات > الآلات الزراعية > جرار > يلتار,يلتار,YılTar
321,تعديل الاسم,الآلات والمعدات > الآلات الزراعية > جرار > يمت,يمت,IMT
322,تعديل الاسم,الآلات والمعدات > الآلات الزراعية > جرار > ييتشير,ييتشير,Eicher
323,تعديل الاسم,العقارات > سكن > للإيجار > ريزيدنس,ريزيدنس,شقة ضمن مجمع سكني
324,تعديل الاسم,العقارات > سكن > للإيجار > شقة يالي على الواجهة البحرية,شقة يالي على الواجهة البحرية,شقة مصيفية على البحر
325,تعديل الاسم,العقارات > سكن > للإيجار > قصر أو منزل تراثي,قصر أو منزل تراثي,بيت عربي تراثي
326,تعديل الاسم,العقارات > سكن > للإيجار > منزل مزرعة,منزل مزرعة,مزرعة
327,تعديل الاسم,العقارات > سكن > للإيجار > يالٍ على الواجهة البحرية,يالٍ على الواجهة البحرية,شاليه على البحر
328,تعديل الاسم,العقارات > سكن > للبيع > ريزيدنس,ريزيدنس,شقة ضمن مجمع سكني
329,تعديل الاسم,العقارات > سكن > للبيع > شقة يالي على الواجهة البحرية,شقة يالي على الواجهة البحرية,شقة مصيفية على البحر
330,تعديل الاسم,العقارات > سكن > للبيع > قصر أو منزل تراثي,قصر أو منزل تراثي,بيت عربي تراثي
331,تعديل الاسم,العقارات > سكن > للبيع > منزل مزرعة,منزل مزرعة,مزرعة
332,تعديل الاسم,العقارات > سكن > للبيع > يالٍ على الواجهة البحرية,يالٍ على الواجهة البحرية,شاليه على البحر
333,تعديل الاسم,العقارات > عقار تجاري > تنازل عن عقد الإيجار > بوفيه شاي,بوفيه شاي,بوفيه أو كافتيريا صغيرة
334,تعديل الاسم,العقارات > عقار تجاري > تنازل عن عقد الإيجار > خدمة فنية,خدمة فنية,خدمات فنية
335,تعديل الاسم,العقارات > عقار تجاري > تنازل عن عقد الإيجار > دورة مياه,دورة مياه,حمام عمومي
336,تعديل الاسم,العقارات > عقار تجاري > تنازل عن عقد الإيجار > سبا وحمام تركي وساونا,سبا وحمام تركي وساونا,سبا وساونا
337,تعديل الاسم,العقارات > عقار تجاري > تنازل عن عقد الإيجار > طابق أو مكتب في ريزيدنس,طابق أو مكتب في ريزيدنس,طابق أو مكتب ضمن مجمع سكني
338,تعديل الاسم,العقارات > عقار تجاري > تنازل عن عقد الإيجار > كشك داخل مركز تسوق,كشك داخل مركز تسوق,كشك داخل مول
339,تعديل الاسم,العقارات > عقار تجاري > تنازل عن عقد الإيجار > متجر شَركوتري,متجر شَركوتري,ملحمة أو قصاب
340,تعديل الاسم,العقارات > عقار تجاري > تنازل عن عقد الإيجار > متجر مشروبات وتبغ مرخص,متجر مشروبات وتبغ مرخص,محل مشروبات وتبغ مرخص
341,تعديل الاسم,العقارات > عقار تجاري > تنازل عن عقد الإيجار > محل بورك,محل بورك,محل معجنات
342,تعديل الاسم,العقارات > عقار تجاري > تنازل عن عقد الإيجار > محل خردوات وخياطة,محل خردوات وخياطة,خردوات ولوازم خياطة
343,تعديل الاسم,العقارات > عقار تجاري > تنازل عن عقد الإيجار > مركز سداد فواتير,مركز سداد فواتير,مركز دفع فواتير
344,تعديل الاسم,العقارات > عقار تجاري > تنازل عن عقد الإيجار > مستودع ومخزن,مستودع ومخزن,مستودع أو مخزن
345,تعديل الاسم,العقارات > عقار تجاري > تنازل عن عقد الإيجار > مكان ريفي وحديقة إفطار,مكان ريفي وحديقة إفطار,استراحة أو مطعم
346,تعديل الاسم,العقارات > عقار تجاري > تنازل عن عقد الإيجار > منشأة رياضية,منشأة رياضية,مركز رياضي
347,تعديل الاسم,العقارات > عقار تجاري > تنازل عن عقد الإيجار > وكيل مياه وأنابيب غاز,وكيل مياه وأنابيب غاز,موزع مياه وغاز
348,تعديل الاسم,العقارات > عقار تجاري > للإيجار > سبا وحمام تركي وساونا,سبا وحمام تركي وساونا,سبا وساونا
349,تعديل الاسم,العقارات > عقار تجاري > للإيجار > طابق أو مكتب في ريزيدنس,طابق أو مكتب في ريزيدنس,طابق أو مكتب ضمن مجمع سكني
350,تعديل الاسم,العقارات > عقار تجاري > للإيجار > مرآب وموقف,مرآب وموقف,كراج أو موقف سيارات
351,تعديل الاسم,العقارات > عقار تجاري > للإيجار > مستودع ومخزن,مستودع ومخزن,مستودع أو مخزن
352,تعديل الاسم,العقارات > عقار تجاري > للإيجار > مكان ريفي وحديقة إفطار,مكان ريفي وحديقة إفطار,استراحة أو مطعم
353,تعديل الاسم,العقارات > عقار تجاري > للإيجار > مكتب جاهز أو افتراضي,مكتب جاهز أو افتراضي,مكتب مجهز
354,تعديل الاسم,العقارات > عقار تجاري > للإيجار > منشأة رياضية,منشأة رياضية,مركز رياضي
355,تعديل الاسم,العقارات > عقار تجاري > للبيع > سبا وحمام تركي وساونا,سبا وحمام تركي وساونا,سبا وساونا
356,تعديل الاسم,العقارات > عقار تجاري > للبيع > طابق أو مكتب في ريزيدنس,طابق أو مكتب في ريزيدنس,طابق أو مكتب ضمن مجمع سكني
357,تعديل الاسم,العقارات > عقار تجاري > للبيع > مرآب وموقف,مرآب وموقف,كراج أو موقف سيارات
358,تعديل الاسم,العقارات > عقار تجاري > للبيع > مستودع ومخزن,مستودع ومخزن,مستودع أو مخزن
359,تعديل الاسم,العقارات > عقار تجاري > للبيع > مكان ريفي وحديقة إفطار,مكان ريفي وحديقة إفطار,استراحة أو مطعم
360,تعديل الاسم,العقارات > عقار تجاري > للبيع > منشأة رياضية,منشأة رياضية,مركز رياضي
361,تعديل الاسم,العقارات > عقار تجاري > للبيع مع التنازل عن النشاط > خدمة فنية,خدمة فنية,خدمات فنية
362,تعديل الاسم,العقارات > عقار تجاري > للبيع مع التنازل عن النشاط > دورة مياه,دورة مياه,حمام عمومي
363,تعديل الاسم,العقارات > عقار تجاري > للبيع مع التنازل عن النشاط > سبا وحمام تركي وساونا,سبا وحمام تركي وساونا,سبا وساونا
364,تعديل الاسم,العقارات > عقار تجاري > للبيع مع التنازل عن النشاط > مكان ريفي وحديقة إفطار,مكان ريفي وحديقة إفطار,استراحة أو مطعم
365,تعديل الاسم,العقارات > عقار تجاري > للبيع مع التنازل عن النشاط > وكيل مياه وأنابيب غاز,وكيل مياه وأنابيب غاز,موزع مياه وغاز
366,تعديل الاسم,المركبات > المركبات التجارية > الحافلات > akia,akia,AKIA
367,تعديل الاسم,المركبات > المركبات التجارية > الحافلات > bmc,bmc,BMC
368,تعديل الاسم,المركبات > المركبات التجارية > الحافلات > gu leryu z,gu leryu z,Güleryüz
369,تعديل الاسم,المركبات > المركبات التجارية > الحافلات > hyundai,hyundai,Hyundai
370,تعديل الاسم,المركبات > المركبات التجارية > الحافلات > irizar,irizar,Irizar
371,تعديل الاسم,المركبات > المركبات التجارية > الحافلات > isuzu,isuzu,Isuzu
372,تعديل الاسم,المركبات > المركبات التجارية > الحافلات > iveco,iveco,Iveco
373,تعديل الاسم,المركبات > المركبات التجارية > الحافلات > karsan,karsan,Karsan
374,تعديل الاسم,المركبات > المركبات التجارية > الحافلات > man,man,MAN
375,تعديل الاسم,المركبات > المركبات التجارية > الحافلات > mercedes- benz,mercedes- benz,Mercedes-Benz
376,تعديل الاسم,المركبات > المركبات التجارية > الحافلات > mitsubishi,mitsubishi,Mitsubishi
377,تعديل الاسم,المركبات > المركبات التجارية > الحافلات > neoplan,neoplan,Neoplan
378,تعديل الاسم,المركبات > المركبات التجارية > الحافلات > otokar,otokar,Otokar
379,تعديل الاسم,المركبات > المركبات التجارية > الحافلات > scania,scania,Scania
380,تعديل الاسم,المركبات > المركبات التجارية > الحافلات > setra,setra,Setra
381,تعديل الاسم,المركبات > المركبات التجارية > الحافلات > tcv,tcv,TCV
382,تعديل الاسم,المركبات > المركبات التجارية > الحافلات > temsa,temsa,Temsa
383,تعديل الاسم,المركبات > المركبات التجارية > الحافلات > tezeller,tezeller,Tezeller
384,تعديل الاسم,المركبات > المركبات التجارية > الحافلات > tu rkkar,tu rkkar,Türkkar
385,تعديل الاسم,المركبات > المركبات التجارية > الشاحنات القاطرة > askam,askam,Askam
386,تعديل الاسم,المركبات > المركبات التجارية > الشاحنات القاطرة > bmc,bmc,BMC
387,تعديل الاسم,المركبات > المركبات التجارية > الشاحنات القاطرة > gazelle,gazelle,GAZelle
388,تعديل الاسم,المركبات > المركبات التجارية > الشاحنات القاطرة > iveco,iveco,Iveco
389,تعديل الاسم,المركبات > المركبات التجارية > الشاحنات القاطرة > mack,mack,Mack
390,تعديل الاسم,المركبات > المركبات التجارية > الشاحنات القاطرة > man,man,MAN
391,تعديل الاسم,المركبات > المركبات التجارية > الشاحنات القاطرة > maz,maz,MAZ
392,تعديل الاسم,المركبات > المركبات التجارية > الشاحنات القاطرة > mercedes- benz,mercedes- benz,Mercedes-Benz
393,تعديل الاسم,المركبات > المركبات التجارية > الشاحنات القاطرة > scania,scania,Scania
394,تعديل الاسم,المركبات > المركبات التجارية > الشاحنات القاطرة > volvo,volvo,Volvo
395,تعديل الاسم,المركبات > المركبات التجارية > الشاحنات القاطرة > شاحنات رينو,شاحنات رينو,Renault Trucks
396,تعديل الاسم,المركبات > المركبات التجارية > الشاحنات القاطرة > شاحنات فورد,شاحنات فورد,Ford Trucks
397,تعديل الاسم,المركبات > المركبات التجارية > الشاحنات والشاحنات الخفيفة > akeso,akeso,Akeso
398,تعديل الاسم,المركبات > المركبات التجارية > الشاحنات والشاحنات الخفيفة > alke,alke,Alke
399,تعديل الاسم,المركبات > المركبات التجارية > الشاحنات والشاحنات الخفيفة > anadol,anadol,Anadol
400,تعديل الاسم,المركبات > المركبات التجارية > الشاحنات والشاحنات الخفيفة > askam,askam,Askam
401,تعديل الاسم,المركبات > المركبات التجارية > الشاحنات والشاحنات الخفيفة > astra,astra,Astra
402,تعديل الاسم,المركبات > المركبات التجارية > الشاحنات والشاحنات الخفيفة > bedford,bedford,Bedford
403,تعديل الاسم,المركبات > المركبات التجارية > الشاحنات والشاحنات الخفيفة > bmc,bmc,BMC
404,تعديل الاسم,المركبات > المركبات التجارية > الشاحنات والشاحنات الخفيفة > chrysler,chrysler,Chrysler
405,تعديل الاسم,المركبات > المركبات التجارية > الشاحنات والشاحنات الخفيفة > citroen,citroen,Citroën
406,تعديل الاسم,المركبات > المركبات التجارية > الشاحنات والشاحنات الخفيفة > dacia,dacia,Dacia
407,تعديل الاسم,المركبات > المركبات التجارية > الشاحنات والشاحنات الخفيفة > daewoo,daewoo,Daewoo
408,تعديل الاسم,المركبات > المركبات التجارية > الشاحنات والشاحنات الخفيفة > daf,daf,DAF
409,تعديل الاسم,المركبات > المركبات التجارية > الشاحنات والشاحنات الخفيفة > daihatsu,daihatsu,Daihatsu
410,تعديل الاسم,المركبات > المركبات التجارية > الشاحنات والشاحنات الخفيفة > dfm,dfm,DFM
411,تعديل الاسم,المركبات > المركبات التجارية > الشاحنات والشاحنات الخفيفة > dfsk( dfm),dfsk( dfm),DFSK
412,تعديل الاسم,المركبات > المركبات التجارية > الشاحنات والشاحنات الخفيفة > dodge,dodge,Dodge
413,تعديل الاسم,المركبات > المركبات التجارية > الشاحنات والشاحنات الخفيفة > fiat,fiat,Fiat
414,تعديل الاسم,المركبات > المركبات التجارية > الشاحنات والشاحنات الخفيفة > folkvan,folkvan,Folkvan
415,تعديل الاسم,المركبات > المركبات التجارية > الشاحنات والشاحنات الخفيفة > gaz,gaz,GAZ
416,تعديل الاسم,المركبات > المركبات التجارية > الشاحنات والشاحنات الخفيفة > hfkanuni,hfkanuni,HF Kanuni
417,تعديل الاسم,المركبات > المركبات التجارية > الشاحنات والشاحنات الخفيفة > hino,hino,Hino
418,تعديل الاسم,المركبات > المركبات التجارية > الشاحنات والشاحنات الخفيفة > hyundai,hyundai,Hyundai
419,تعديل الاسم,المركبات > المركبات التجارية > الشاحنات والشاحنات الخفيفة > isuzu,isuzu,Isuzu
420,تعديل الاسم,المركبات > المركبات التجارية > الشاحنات والشاحنات الخفيفة > jac,jac,JAC
421,تعديل الاسم,المركبات > المركبات التجارية > الشاحنات والشاحنات الخفيفة > kia,kia,Kia
422,تعديل الاسم,المركبات > المركبات التجارية > الشاحنات والشاحنات الخفيفة > kuba,kuba,Kuba
423,تعديل الاسم,المركبات > المركبات التجارية > الشاحنات والشاحنات الخفيفة > man,man,MAN
424,تعديل الاسم,المركبات > المركبات التجارية > الشاحنات والشاحنات الخفيفة > maxus,maxus,Maxus
425,تعديل الاسم,المركبات > المركبات التجارية > الشاحنات والشاحنات الخفيفة > mazda,mazda,Mazda
426,تعديل الاسم,المركبات > المركبات التجارية > الشاحنات والشاحنات الخفيفة > mercedes- benz,mercedes- benz,Mercedes-Benz
427,تعديل الاسم,المركبات > المركبات التجارية > الشاحنات والشاحنات الخفيفة > mitsubishi- temsa,mitsubishi- temsa,Mitsubishi Temsa
428,تعديل الاسم,المركبات > المركبات التجارية > الشاحنات والشاحنات الخفيفة > musatti,musatti,Musatti
429,تعديل الاسم,المركبات > المركبات التجارية > الشاحنات والشاحنات الخفيفة > nissan,nissan,Nissan
430,تعديل الاسم,المركبات > المركبات التجارية > الشاحنات والشاحنات الخفيفة > opel,opel,Opel
431,تعديل الاسم,المركبات > المركبات التجارية > الشاحنات والشاحنات الخفيفة > otokar,otokar,Otokar
432,تعديل الاسم,المركبات > المركبات التجارية > الشاحنات والشاحنات الخفيفة > peugeot,peugeot,Peugeot
433,تعديل الاسم,المركبات > المركبات التجارية > الشاحنات والشاحنات الخفيفة > piaggio,piaggio,Piaggio
434,تعديل الاسم,المركبات > المركبات التجارية > الشاحنات والشاحنات الخفيفة > proton,proton,Proton
435,تعديل الاسم,المركبات > المركبات التجارية > الشاحنات والشاحنات الخفيفة > rainwoll,rainwoll,Rainwoll
436,تعديل الاسم,المركبات > المركبات التجارية > الشاحنات والشاحنات الخفيفة > relive,relive,Relive
437,تعديل الاسم,المركبات > المركبات التجارية > الشاحنات والشاحنات الخفيفة > samsung,samsung,Samsung
438,تعديل الاسم,المركبات > المركبات التجارية > الشاحنات والشاحنات الخفيفة > sany,sany,Sany
439,تعديل الاسم,المركبات > المركبات التجارية > الشاحنات والشاحنات الخفيفة > scania,scania,Scania
440,تعديل الاسم,المركبات > المركبات التجارية > الشاحنات والشاحنات الخفيفة > skoda,skoda,Skoda
441,تعديل الاسم,المركبات > المركبات التجارية > الشاحنات والشاحنات الخفيفة > skyjet,skyjet,Skyjet
442,تعديل الاسم,المركبات > المركبات التجارية > الشاحنات والشاحنات الخفيفة > suzuki,suzuki,Suzuki
443,تعديل الاسم,المركبات > المركبات التجارية > الشاحنات والشاحنات الخفيفة > tata,tata,Tata
444,تعديل الاسم,المركبات > المركبات التجارية > الشاحنات والشاحنات الخفيفة > tenax,tenax,Tenax
445,تعديل الاسم,المركبات > المركبات التجارية > الشاحنات والشاحنات الخفيفة > toyota,toyota,Toyota
446,تعديل الاسم,المركبات > المركبات التجارية > الشاحنات والشاحنات الخفيفة > volkswagen,volkswagen,Volkswagen
447,تعديل الاسم,المركبات > المركبات التجارية > الشاحنات والشاحنات الخفيفة > volta,volta,Volta
448,تعديل الاسم,المركبات > المركبات التجارية > الشاحنات والشاحنات الخفيفة > volvo,volvo,Volvo
449,تعديل الاسم,المركبات > المركبات التجارية > الشاحنات والشاحنات الخفيفة > yuki,yuki,Yuki
450,تعديل الاسم,المركبات > المركبات التجارية > الشاحنات والشاحنات الخفيفة > شاحنات رينو,شاحنات رينو,Renault
451,تعديل الاسم,المركبات > المركبات التجارية > الشاحنات والشاحنات الخفيفة > شاحنات فورد,شاحنات فورد,Ford
452,تعديل الاسم,المركبات > المركبات التجارية > الميني باص والميدي باص > bmc,bmc,BMC
453,تعديل الاسم,المركبات > المركبات التجارية > الميني باص والميدي باص > citroen,citroen,Citroen
454,تعديل الاسم,المركبات > المركبات التجارية > الميني باص والميدي باص > fiat,fiat,Fiat
455,تعديل الاسم,المركبات > المركبات التجارية > الميني باص والميدي باص > ford otosan,ford otosan,Ford Otosan
456,تعديل الاسم,المركبات > المركبات التجارية > الميني باص والميدي باص > gaz,gaz,GAZ
457,تعديل الاسم,المركبات > المركبات التجارية > الميني باص والميدي باص > hyundai,hyundai,Hyundai
458,تعديل الاسم,المركبات > المركبات التجارية > الميني باص والميدي باص > isuzu,isuzu,Isuzu
459,تعديل الاسم,المركبات > المركبات التجارية > الميني باص والميدي باص > iveco- otoyol,iveco- otoyol,Iveco-Otoyol
460,تعديل الاسم,المركبات > المركبات التجارية > الميني باص والميدي باص > karsan,karsan,Karsan
461,تعديل الاسم,المركبات > المركبات التجارية > الميني باص والميدي باص > kia,kia,Kia
462,تعديل الاسم,المركبات > المركبات التجارية > الميني باص والميدي باص > magirus,magirus,Magirus
463,تعديل الاسم,المركبات > المركبات التجارية > الميني باص والميدي باص > man,man,MAN
464,تعديل الاسم,المركبات > المركبات التجارية > الميني باص والميدي باص > mercedes- benz,mercedes- benz,Mercedes-Benz
465,تعديل الاسم,المركبات > المركبات التجارية > الميني باص والميدي باص > mitsubishi,mitsubishi,Mitsubishi
466,تعديل الاسم,المركبات > المركبات التجارية > الميني باص والميدي باص > opel,opel,Opel
467,تعديل الاسم,المركبات > المركبات التجارية > الميني باص والميدي باص > otokar,otokar,Otokar
468,تعديل الاسم,المركبات > المركبات التجارية > الميني باص والميدي باص > peugeot,peugeot,Peugeot
469,تعديل الاسم,المركبات > المركبات التجارية > الميني باص والميدي باص > renault,renault,Renault
470,تعديل الاسم,المركبات > المركبات التجارية > الميني باص والميدي باص > temsa,temsa,TEMSA
471,تعديل الاسم,المركبات > المركبات التجارية > الميني باص والميدي باص > volkswagen,volkswagen,Volkswagen
472,تعديل الاسم,المركبات > المركبات التجارية > الميني باص والميدي باص > سلاسل أخرى,سلاسل أخرى,ماركات أخرى
473,تعديل الاسم,المركبات > سيارات > أوبل > GT رودستر,GT رودستر,GT Roadster
474,تعديل الاسم,المركبات > سيارات > أوبل > آدم,آدم,Adam
475,تعديل الاسم,المركبات > سيارات > أوبل > أجيلا,أجيلا,Agila
476,تعديل الاسم,المركبات > سيارات > أوبل > أسترا,أسترا,Astra
477,تعديل الاسم,المركبات > سيارات > أوبل > أسترا e,أسترا e,Astra-e
478,تعديل الاسم,المركبات > سيارات > أوبل > أسكونا,أسكونا,Ascona
479,تعديل الاسم,المركبات > سيارات > أوبل > أمبيرا,أمبيرا,Ampera
480,تعديل الاسم,المركبات > سيارات > أوبل > أوميغا,أوميغا,Omega
481,تعديل الاسم,المركبات > سيارات > أوبل > إنسيجنيا,إنسيجنيا,Insignia
482,تعديل الاسم,المركبات > سيارات > أوبل > تيغرا,تيغرا,Tigra
483,تعديل الاسم,المركبات > سيارات > أوبل > ريكورد,ريكورد,Rekord
484,تعديل الاسم,المركبات > سيارات > أوبل > زافيرا,زافيرا,Zafira
485,تعديل الاسم,المركبات > سيارات > أوبل > سيغنم,سيغنم,Signum
486,تعديل الاسم,المركبات > سيارات > أوبل > فيكترا,فيكترا,Vectra
487,تعديل الاسم,المركبات > سيارات > أوبل > كاديت,كاديت,Kadett
488,تعديل الاسم,المركبات > سيارات > أوبل > كارل,كارل,Karl
489,تعديل الاسم,المركبات > سيارات > أوبل > كاسكادا,كاسكادا,Cascada
490,تعديل الاسم,المركبات > سيارات > أوبل > كاليبرا,كاليبرا,Calibra
491,تعديل الاسم,المركبات > سيارات > أوبل > كورسا,كورسا,Corsa
492,تعديل الاسم,المركبات > سيارات > أوبل > كورسا e,كورسا e,Corsa-e
493,تعديل الاسم,المركبات > سيارات > أوبل > ميريفا,ميريفا,Meriva
494,تعديل الاسم,المركبات > سيارات > أودي > RS,RS,RS Series
495,تعديل الاسم,المركبات > سيارات > أودي > إي-ترون GT,إي-ترون GT,e-tron GT
496,تعديل الاسم,المركبات > سيارات > أودي > سلسلة 100,سلسلة 100,100 Series
497,تعديل الاسم,المركبات > سيارات > أودي > سلسلة 80,سلسلة 80,80 Series
498,تعديل الاسم,المركبات > سيارات > أودي > سلسلة S,سلسلة S,S Series
499,تعديل الاسم,المركبات > سيارات > بي إم دبليو > الفئة 1,الفئة 1,1 Series
500,تعديل الاسم,المركبات > سيارات > بي إم دبليو > الفئة 2,الفئة 2,2 Series
501,تعديل الاسم,المركبات > سيارات > بي إم دبليو > الفئة 3,الفئة 3,3 Series
502,تعديل الاسم,المركبات > سيارات > بي إم دبليو > الفئة 4,الفئة 4,4 Series
503,تعديل الاسم,المركبات > سيارات > بي إم دبليو > الفئة 5,الفئة 5,5 Series
504,تعديل الاسم,المركبات > سيارات > بي إم دبليو > الفئة 6,الفئة 6,6 Series
505,تعديل الاسم,المركبات > سيارات > بي إم دبليو > الفئة 7,الفئة 7,7 Series
506,تعديل الاسم,المركبات > سيارات > بي إم دبليو > الفئة 8,الفئة 8,8 Series
507,تعديل الاسم,المركبات > سيارات > بي إم دبليو > فئة i,فئة i,i Series
508,تعديل الاسم,المركبات > سيارات > بيجو > 206 بلس,206 بلس,206 +
509,تعديل الاسم,المركبات > سيارات > بيجو > بارس,بارس,Pars
510,تعديل الاسم,المركبات > سيارات > تويوتا > أفينسيس,أفينسيس,Avensis
511,تعديل الاسم,المركبات > سيارات > تويوتا > ألتيزا,ألتيزا,Altezza
512,تعديل الاسم,المركبات > سيارات > تويوتا > أوربان كروزر,أوربان كروزر,Urban Cruiser
513,تعديل الاسم,المركبات > سيارات > تويوتا > أوريس,أوريس,Auris
514,تعديل الاسم,المركبات > سيارات > تويوتا > بريفيا,بريفيا,Previa
515,تعديل الاسم,المركبات > سيارات > تويوتا > بريوس,بريوس,Prius
516,تعديل الاسم,المركبات > سيارات > تويوتا > تيرسل,تيرسل,Tercel
517,تعديل الاسم,المركبات > سيارات > تويوتا > ستارليت,ستارليت,Starlet
518,تعديل الاسم,المركبات > سيارات > تويوتا > سوبرا,سوبرا,Supra
519,تعديل الاسم,المركبات > سيارات > تويوتا > فيرسو,فيرسو,Verso
520,تعديل الاسم,المركبات > سيارات > تويوتا > كارينا,كارينا,Carina
521,تعديل الاسم,المركبات > سيارات > تويوتا > كامري,كامري,Camry
522,تعديل الاسم,المركبات > سيارات > تويوتا > كريسيدا,كريسيدا,Cressida
523,تعديل الاسم,المركبات > سيارات > تويوتا > كورولا,كورولا,Corolla
524,تعديل الاسم,المركبات > سيارات > تويوتا > كورونا,كورونا,Corona
525,تعديل الاسم,المركبات > سيارات > تويوتا > يارس,يارس,Yaris
526,تعديل الاسم,المركبات > سيارات > رينو > إسباس,إسباس,Espace
527,تعديل الاسم,المركبات > سيارات > رينو > تاليسمان,تاليسمان,Talisman
528,تعديل الاسم,المركبات > سيارات > رينو > تالينت,تالينت,Taliant
529,تعديل الاسم,المركبات > سيارات > رينو > تندار,تندار,Tondar
530,تعديل الاسم,المركبات > سيارات > رينو > تويزي,تويزي,Twizy
531,تعديل الاسم,المركبات > سيارات > رينو > توينغو,توينغو,Twingo
532,تعديل الاسم,المركبات > سيارات > رينو > جراند سينيك,جراند سينيك,Grand Scenic
533,تعديل الاسم,المركبات > سيارات > رينو > جراند مودوس,جراند مودوس,Grand Modus
534,تعديل الاسم,المركبات > سيارات > رينو > زوي,زوي,ZOE
535,تعديل الاسم,المركبات > سيارات > رينو > سافران,سافران,Safrane
536,تعديل الاسم,المركبات > سيارات > رينو > سيمبول,سيمبول,Symbol
537,تعديل الاسم,المركبات > سيارات > رينو > سينيك,سينيك,Scenic
538,تعديل الاسم,المركبات > سيارات > رينو > فلوانس,فلوانس,Fluence
539,تعديل الاسم,المركبات > سيارات > رينو > فيل ساتيس,فيل ساتيس,Vel Satis
540,تعديل الاسم,المركبات > سيارات > رينو > كليو,كليو,Clio
541,تعديل الاسم,المركبات > سيارات > رينو > لاتيتيود,لاتيتيود,Latitude
542,تعديل الاسم,المركبات > سيارات > رينو > لاغونا,لاغونا,Laguna
543,تعديل الاسم,المركبات > سيارات > رينو > مودوس,مودوس,Modus
544,تعديل الاسم,المركبات > سيارات > رينو > ميغان,ميغان,Megane
545,تعديل الاسم,المركبات > سيارات > فورد > أوريون,أوريون,Orion
546,تعديل الاسم,المركبات > سيارات > فورد > إس ماكس,إس ماكس,S-Max
547,تعديل الاسم,المركبات > سيارات > فورد > إسكورت,إسكورت,Escort
548,تعديل الاسم,المركبات > سيارات > فورد > بروب,بروب,Probe
549,تعديل الاسم,المركبات > سيارات > فورد > بوما,بوما,Puma
550,تعديل الاسم,المركبات > سيارات > فورد > بي ماكس,بي ماكس,B-Max
551,تعديل الاسم,المركبات > سيارات > فورد > تاونوس,تاونوس,Taunus
552,تعديل الاسم,المركبات > سيارات > فورد > توروس,توروس,Taurus
553,تعديل الاسم,المركبات > سيارات > فورد > سكوربيو,سكوربيو,Scorpio
554,تعديل الاسم,المركبات > سيارات > فورد > سي ماكس,سي ماكس,C-Max
555,تعديل الاسم,المركبات > سيارات > فورد > سييرا,سييرا,Sierra
556,تعديل الاسم,المركبات > سيارات > فورد > غالاكسي,غالاكسي,Galaxy
557,تعديل الاسم,المركبات > سيارات > فورد > غراند سي ماكس,غراند سي ماكس,Grand C-Max
558,تعديل الاسم,المركبات > سيارات > فورد > غرناطة,غرناطة,Granada
559,تعديل الاسم,المركبات > سيارات > فورد > فستيڤا,فستيڤا,Festiva
560,تعديل الاسم,المركبات > سيارات > فورد > فوكس,فوكس,Focus
561,تعديل الاسم,المركبات > سيارات > فورد > فيوجن,فيوجن,Fusion
562,تعديل الاسم,المركبات > سيارات > فورد > فييستا,فييستا,Fiesta
563,تعديل الاسم,المركبات > سيارات > فورد > كا,كا,Ka
564,تعديل الاسم,المركبات > سيارات > فورد > كوغر,كوغر,Cougar
565,تعديل الاسم,المركبات > سيارات > فورد > موستانغ,موستانغ,Mustang
566,تعديل الاسم,المركبات > سيارات > فورد > موندو,موندو,Mondeo
567,تعديل الاسم,المركبات > سيارات > فولكس فاغن > أب كلوب,أب كلوب,Up Club
568,تعديل الاسم,المركبات > سيارات > فولكس فاغن > أرتيون,أرتيون,Arteon
569,تعديل الاسم,المركبات > سيارات > فولكس فاغن > إيوس,إيوس,EOS
570,تعديل الاسم,المركبات > سيارات > فولكس فاغن > باسات,باسات,Passat
571,تعديل الاسم,المركبات > سيارات > فولكس فاغن > باسات أولتراك,باسات أولتراك,Passat Alltrack
572,تعديل الاسم,المركبات > سيارات > فولكس فاغن > باسات فاريانت,باسات فاريانت,Passat Variant
573,تعديل الاسم,المركبات > سيارات > فولكس فاغن > بورا,بورا,Bora
574,تعديل الاسم,المركبات > سيارات > فولكس فاغن > بولو,بولو,Polo
575,تعديل الاسم,المركبات > سيارات > فولكس فاغن > بيتل,بيتل,Beetle
576,تعديل الاسم,المركبات > سيارات > فولكس فاغن > توران,توران,Touran
577,تعديل الاسم,المركبات > سيارات > فولكس فاغن > جيتا,جيتا,Jetta
578,تعديل الاسم,المركبات > سيارات > فولكس فاغن > سيروكو,سيروكو,Scirocco
579,تعديل الاسم,المركبات > سيارات > فولكس فاغن > شاران,شاران,Sharan
580,تعديل الاسم,المركبات > سيارات > فولكس فاغن > غولف,غولف,Golf
581,تعديل الاسم,المركبات > سيارات > فولكس فاغن > فايتون,فايتون,Phaeton
582,تعديل الاسم,المركبات > سيارات > فولكس فاغن > فينتو,فينتو,Vento
583,تعديل الاسم,المركبات > سيارات > فولكس فاغن > لوبو,لوبو,Lupo
584,تعديل الاسم,المركبات > سيارات > كيا > أوبتيما,أوبتيما,Optima
585,تعديل الاسم,المركبات > سيارات > كيا > أوبيروس,أوبيروس,Opirus
586,تعديل الاسم,المركبات > سيارات > كيا > برايد,برايد,Pride
587,تعديل الاسم,المركبات > سيارات > كيا > برو سيد,برو سيد,Pro Ceed
588,تعديل الاسم,المركبات > سيارات > كيا > بيكانتو,بيكانتو,Picanto
589,تعديل الاسم,المركبات > سيارات > كيا > جويس,جويس,Joice
590,تعديل الاسم,المركبات > سيارات > كيا > ريو,ريو,Rio
591,تعديل الاسم,المركبات > سيارات > كيا > ستينغر,ستينغر,Stinger
592,تعديل الاسم,المركبات > سيارات > كيا > سيد,سيد,Ceed
593,تعديل الاسم,المركبات > سيارات > كيا > سيراتو,سيراتو,Cerato
594,تعديل الاسم,المركبات > سيارات > كيا > سيفيا,سيفيا,Sephia
595,تعديل الاسم,المركبات > سيارات > كيا > شوما,شوما,Shuma
596,تعديل الاسم,المركبات > سيارات > كيا > فينجا,فينجا,Venga
597,تعديل الاسم,المركبات > سيارات > كيا > كابيتال,كابيتال,Capital
598,تعديل الاسم,المركبات > سيارات > كيا > كارنيفال,كارنيفال,Carnival
599,تعديل الاسم,المركبات > سيارات > كيا > كارينز,كارينز,Carens
600,تعديل الاسم,المركبات > سيارات > كيا > كلاروس,كلاروس,Clarus
601,تعديل الاسم,المركبات > سيارات > كيا > ماجنتيس,ماجنتيس,Magentis
602,تعديل الاسم,المركبات > سيارات > مازدا > 2,2,Mazda2
603,تعديل الاسم,المركبات > سيارات > مازدا > 3,3,Mazda3
604,تعديل الاسم,المركبات > سيارات > مازدا > 5,5,Mazda5
605,تعديل الاسم,المركبات > سيارات > مازدا > 6,6,Mazda6
606,تعديل الاسم,المركبات > سيارات > مازدا > MX,MX,MX Series
607,تعديل الاسم,المركبات > سيارات > مازدا > RX,RX,RX Series
608,تعديل الاسم,المركبات > سيارات > مازدا > بريماسي,بريماسي,Premacy
609,تعديل الاسم,المركبات > سيارات > مازدا > زيدوس,زيدوس,Xedos
610,تعديل الاسم,المركبات > سيارات > مازدا > لانتيس,لانتيس,Lantis
611,تعديل الاسم,المركبات > سيارات > مرسيدس-بنز > الفئة A,الفئة A,A-Class
612,تعديل الاسم,المركبات > سيارات > مرسيدس-بنز > الفئة B,الفئة B,B-Class
613,تعديل الاسم,المركبات > سيارات > مرسيدس-بنز > الفئة C,الفئة C,C-Class
614,تعديل الاسم,المركبات > سيارات > مرسيدس-بنز > الفئة E,الفئة E,E-Class
615,تعديل الاسم,المركبات > سيارات > مرسيدس-بنز > الفئة R,الفئة R,R-Class
616,تعديل الاسم,المركبات > سيارات > مرسيدس-بنز > الفئة S,الفئة S,S-Class
617,تعديل الاسم,المركبات > سيارات > مرسيدس-بنز > مايباخ S,مايباخ S,Maybach S-Class
618,تعديل الاسم,المركبات > سيارات > نيسان > التيما,التيما,Altima
619,تعديل الاسم,المركبات > سيارات > نيسان > الميرا,الميرا,Almera
620,تعديل الاسم,المركبات > سيارات > نيسان > بريmera,بريmera,Primera
621,تعديل الاسم,المركبات > سيارات > نيسان > بلوبيرد,بلوبيرد,Bluebird
622,تعديل الاسم,المركبات > سيارات > نيسان > بولسار,بولسار,Pulsar
623,تعديل الاسم,المركبات > سيارات > نيسان > بيكسو,بيكسو,Pixo
624,تعديل الاسم,المركبات > سيارات > نيسان > تينو,تينو,Tino
625,تعديل الاسم,المركبات > سيارات > نيسان > سكاي لاين,سكاي لاين,Skyline
626,تعديل الاسم,المركبات > سيارات > نيسان > صني,صني,Sunny
627,تعديل الاسم,المركبات > سيارات > نيسان > لوريل التيما,لوريل التيما,Laurel Altima
628,تعديل الاسم,المركبات > سيارات > نيسان > ماكسيما,ماكسيما,Maxima
629,تعديل الاسم,المركبات > سيارات > نيسان > ميكرا,ميكرا,Micra
630,تعديل الاسم,المركبات > سيارات > نيسان > نوت,نوت,Note
631,تعديل الاسم,المركبات > سيارات > هوندا > أكورد,أكورد,Accord
632,تعديل الاسم,المركبات > سيارات > هوندا > إنتيجرا,إنتيجرا,Integra
633,تعديل الاسم,المركبات > سيارات > هوندا > بريلود,بريلود,Prelude
634,تعديل الاسم,المركبات > سيارات > هوندا > جاز,جاز,Jazz
635,تعديل الاسم,المركبات > سيارات > هوندا > ستريم,ستريم,Stream
636,تعديل الاسم,المركبات > سيارات > هوندا > سيتي,سيتي,City
637,تعديل الاسم,المركبات > سيارات > هوندا > سيفيك,سيفيك,Civic
638,تعديل الاسم,المركبات > سيارات > هوندا > شاتل,شاتل,Shuttle
639,تعديل الاسم,المركبات > سيارات > هوندا > ليجند,ليجند,Legend
640,تعديل الاسم,المركبات > سيارات > هيونداي > أتوس,أتوس,Atos
641,تعديل الاسم,المركبات > سيارات > هيونداي > أكسنت,أكسنت,Accent
642,تعديل الاسم,المركبات > سيارات > هيونداي > أكسنت إيرا,أكسنت إيرا,Accent Era
643,تعديل الاسم,المركبات > سيارات > هيونداي > أكسنت بلو,أكسنت بلو,Accent Blue
644,تعديل الاسم,المركبات > سيارات > هيونداي > أيونيك,أيونيك,Ioniq
645,تعديل الاسم,المركبات > سيارات > هيونداي > إكسل,إكسل,Excel
646,تعديل الاسم,المركبات > سيارات > هيونداي > إلنترا,إلنترا,Elantra
647,تعديل الاسم,المركبات > سيارات > هيونداي > تراجيت,تراجيت,Trajet
648,تعديل الاسم,المركبات > سيارات > هيونداي > جينيسيس,جينيسيس,Genesis
649,تعديل الاسم,المركبات > سيارات > هيونداي > سوناتا,سوناتا,Sonata
650,تعديل الاسم,المركبات > سيارات > هيونداي > غراندور,غراندور,Grandeur
651,تعديل الاسم,المركبات > سيارات > هيونداي > غيتز,غيتز,Getz
652,تعديل الاسم,المركبات > سيارات > هيونداي > كوبيه,كوبيه,Coupe
653,تعديل الاسم,المركبات > سيارات > هيونداي > ماتريكس,ماتريكس,Matrix
654,تعديل الاسم,المركبات > سيارات دفع رباعي وبيك آب > Hyundai > Kona Elektrik,Kona Elektrik,Kona Electric
655,تعديل الاسم,المركبات > سيارات دفع رباعي وبيك آب > Mercedes-Benz > G Series,G Series,G-Class
656,تعديل الاسم,المركبات > سيارات دفع رباعي وبيك آب > Mercedes-Benz > GL,GL,GL-Class
657,تعديل الاسم,المركبات > سيارات دفع رباعي وبيك آب > Mercedes-Benz > X,X,X-Class
658,تعديل الاسم,سلع مستعملة وجديدة > أجهزة منزلية كهربائية > أجهزة منزلية > أجهزة تنقية المياه,أجهزة تنقية المياه,فلتر مياه
659,تعديل الاسم,سلع مستعملة وجديدة > أجهزة منزلية كهربائية > أجهزة منزلية > أفران الميكروويف,أفران الميكروويف,مايكرويف
660,تعديل الاسم,سلع مستعملة وجديدة > أجهزة منزلية كهربائية > أجهزة منزلية > ثلاجات,ثلاجات,براد
661,تعديل الاسم,سلع مستعملة وجديدة > أجهزة منزلية كهربائية > أجهزة منزلية > شفاطات المدى والمدخنة,شفاطات المدى والمدخنة,شفاط مطبخ
662,تعديل الاسم,سلع مستعملة وجديدة > أجهزة منزلية كهربائية > أجهزة منزلية > غسالات الصحون,غسالات الصحون,جلاية صحون
663,تعديل الاسم,سلع مستعملة وجديدة > أجهزة منزلية كهربائية > أجهزة منزلية > قبو النبيذ ومبرد,قبو النبيذ ومبرد,براد مشروبات
664,تعديل الاسم,سلع مستعملة وجديدة > أجهزة منزلية كهربائية > أجهزة منزلية > كووكتوبس,كووكتوبس,طباخ ليزري
665,تعديل الاسم,سلع مستعملة وجديدة > أجهزة منزلية كهربائية > أجهزة منزلية > مجففات,مجففات,نشافة ملابس
666,تعديل الاسم,سلع مستعملة وجديدة > أجهزة منزلية كهربائية > أجهزة منزلية > مجمدات,مجمدات,ثلاجة
667,تعديل الاسم,سلع مستعملة وجديدة > أجهزة منزلية كهربائية > أجهزة منزلية > موزعات المياه,موزعات المياه,براد ماء
668,تعديل الاسم,سلع مستعملة وجديدة > أجهزة منزلية كهربائية > أجهزة منزلية > موقد وفرن,موقد وفرن,طباخ مع فرن
669,تعديل الاسم,سلع مستعملة وجديدة > أجهزة منزلية كهربائية > أجهزة منزلية > واشينج ماتشينيس,واشينج ماتشينيس,غسالة
670,تعديل الاسم,سلع مستعملة وجديدة > أجهزة منزلية كهربائية > أجهزة منزلية صغيرة > آلات القهوة,آلات القهوة,ماكينة قهوة
671,تعديل الاسم,سلع مستعملة وجديدة > أجهزة منزلية كهربائية > أجهزة منزلية صغيرة > ألواح الكي,ألواح الكي,لوح كوي
672,تعديل الاسم,سلع مستعملة وجديدة > أجهزة منزلية كهربائية > أجهزة منزلية صغيرة > بلينديرس,بلينديرس,خلاط عصير
673,تعديل الاسم,سلع مستعملة وجديدة > أجهزة منزلية كهربائية > أجهزة منزلية صغيرة > تواستيرس,تواستيرس,محمصة خبز
674,تعديل الاسم,سلع مستعملة وجديدة > أجهزة منزلية كهربائية > أجهزة منزلية صغيرة > تواصل مع الشواية / مكبس الساندويتش,تواصل مع الشواية / مكبس الساندويتش,سخانة سندويش
675,تعديل الاسم,سلع مستعملة وجديدة > أجهزة منزلية كهربائية > أجهزة منزلية صغيرة > خلاطات,خلاطات,خلاط
676,تعديل الاسم,سلع مستعملة وجديدة > أجهزة منزلية كهربائية > أجهزة منزلية صغيرة > روبوتيك فاكوومس,روبوتيك فاكوومس,مكنسة روبوت
677,تعديل الاسم,سلع مستعملة وجديدة > أجهزة منزلية كهربائية > أجهزة منزلية صغيرة > سكاليس,سكاليس,ميزان مطبخ
678,تعديل الاسم,سلع مستعملة وجديدة > أجهزة منزلية كهربائية > أجهزة منزلية صغيرة > صانع الثلج,صانع الثلج,ماكينة ثلج
679,تعديل الاسم,سلع مستعملة وجديدة > أجهزة منزلية كهربائية > أجهزة منزلية صغيرة > صناع الزبادي,صناع الزبادي,ماكينة صنع اللبن
680,تعديل الاسم,سلع مستعملة وجديدة > أجهزة منزلية كهربائية > أجهزة منزلية صغيرة > صناع الفشار,صناع الفشار,ماكينة بوشار
681,تعديل الاسم,سلع مستعملة وجديدة > أجهزة منزلية كهربائية > أجهزة منزلية صغيرة > طباخات البخار,طباخات البخار,طباخ بخاري
682,تعديل الاسم,سلع مستعملة وجديدة > أجهزة منزلية كهربائية > أجهزة منزلية صغيرة > طباخات البيض,طباخات البيض,جهاز سلق البيض
683,تعديل الاسم,سلع مستعملة وجديدة > أجهزة منزلية كهربائية > أجهزة منزلية صغيرة > طباخات كهربائية متعددة,طباخات كهربائية متعددة,طباخ كهربائي 
684,تعديل الاسم,سلع مستعملة وجديدة > أجهزة منزلية كهربائية > أجهزة منزلية صغيرة > غلايات كهربائية,غلايات كهربائية,غلاية كهربائية
685,تعديل الاسم,سلع مستعملة وجديدة > أجهزة منزلية كهربائية > أجهزة منزلية صغيرة > فاكووم كليانيرس,فاكووم كليانيرس,مكنسة كهربائية
686,تعديل الاسم,سلع مستعملة وجديدة > أجهزة منزلية كهربائية > أجهزة منزلية صغيرة > قلايات كهربائية ومقلاة هوائية,قلايات كهربائية ومقلاة هوائية,قلاية كهربائية
687,تعديل الاسم,سلع مستعملة وجديدة > أجهزة منزلية كهربائية > أجهزة منزلية صغيرة > ماكينات الآيس كريم,ماكينات الآيس كريم,ماكينة آيس كريم
688,تعديل الاسم,سلع مستعملة وجديدة > أجهزة منزلية كهربائية > أجهزة منزلية صغيرة > ماكينات التنظيف بالبخار,ماكينات التنظيف بالبخار,ماكينة تنظيف بالبخار
689,تعديل الاسم,سلع مستعملة وجديدة > أجهزة منزلية كهربائية > أجهزة منزلية صغيرة > ماكينات الخياطة,ماكينات الخياطة,ماكينة خياطة
690,تعديل الاسم,سلع مستعملة وجديدة > أجهزة منزلية كهربائية > أجهزة منزلية صغيرة > ماكينات الشاي,ماكينات الشاي,ماكينة شاي
691,تعديل الاسم,سلع مستعملة وجديدة > أجهزة منزلية كهربائية > أجهزة منزلية صغيرة > ماكينات تنظيف السجاد,ماكينات تنظيف السجاد,ماكينة تنظيف سجاد
692,تعديل الاسم,سلع مستعملة وجديدة > أجهزة منزلية كهربائية > أجهزة منزلية صغيرة > محمصة الوفل,محمصة الوفل,ماكينة وافل
693,تعديل الاسم,سلع مستعملة وجديدة > أجهزة منزلية كهربائية > أجهزة منزلية صغيرة > مستخرج العصير,مستخرج العصير,عصارة فواكه
694,تعديل الاسم,سلع مستعملة وجديدة > أجهزة منزلية كهربائية > أجهزة منزلية صغيرة > مطاحن اللحوم,مطاحن اللحوم,مفرمة لحمة
695,تعديل الاسم,سلع مستعملة وجديدة > أجهزة منزلية كهربائية > أجهزة منزلية صغيرة > معالجات الطعام,معالجات الطعام,محضرة طعام
696,تعديل الاسم,سلع مستعملة وجديدة > أجهزة منزلية كهربائية > أجهزة منزلية صغيرة > مكانس قابلة لإعادة الشحن,مكانس قابلة لإعادة الشحن,مكنسة شحن
697,تعديل الاسم,سلع مستعملة وجديدة > أجهزة منزلية كهربائية > أجهزة منزلية صغيرة > مكاوي,مكاوي,مكواة
698,تعديل الاسم,سلع مستعملة وجديدة > أجهزة منزلية كهربائية > أجهزة منزلية صغيرة > منظف النوافذ,منظف النوافذ,جهاز تنظيف نوافذ
699,تعديل الاسم,سلع مستعملة وجديدة > أجهزة منزلية كهربائية > أجهزة منزلية صغيرة > يليكتريك جريللس & جريددليس,يليكتريك جريللس & جريددليس,شواية كهربائية
700,تعديل الاسم,سلع مستعملة وجديدة > أجهزة منزلية كهربائية > تدفئة وتبريد وتهوية > جهاز تدفئة القدمين,جهاز تدفئة القدمين,دفاية قدمين
701,تعديل الاسم,سلع مستعملة وجديدة > أجهزة منزلية كهربائية > تدفئة وتبريد وتهوية > جهاز تنقية الهواء ومرطب الهواء,جهاز تنقية الهواء ومرطب الهواء,منقي ومرطب هواء
702,تعديل الاسم,سلع مستعملة وجديدة > أجهزة منزلية كهربائية > تدفئة وتبريد وتهوية > سخانات المياه,سخانات المياه,سخان مياه
703,تعديل الاسم,سلع مستعملة وجديدة > أجهزة منزلية كهربائية > تدفئة وتبريد وتهوية > سخانات كهربائية,سخانات كهربائية,سخان كهربائي
704,تعديل الاسم,سلع مستعملة وجديدة > أجهزة منزلية كهربائية > تدفئة وتبريد وتهوية > غلايات كومبي,غلايات كومبي,كومبي
705,تعديل الاسم,سلع مستعملة وجديدة > أجهزة منزلية كهربائية > تدفئة وتبريد وتهوية > فانس,فانس,مروحة
706,تعديل الاسم,سلع مستعملة وجديدة > أجهزة منزلية كهربائية > تدفئة وتبريد وتهوية > مراوح السقف,مراوح السقف,مروحة سقف
707,تعديل الاسم,سلع مستعملة وجديدة > أجهزة منزلية كهربائية > تدفئة وتبريد وتهوية > مكيف الهواء,مكيف الهواء,مكيف
708,تعديل الاسم,سلع مستعملة وجديدة > ديكور المنزل > منتجات ديكور > أعواد وحوامل البخور,أعواد وحوامل البخور,بخور ومباخر
709,تعديل الاسم,سلع مستعملة وجديدة > ديكور المنزل > منتجات ديكور > أنابيب النرجيلة,أنابيب النرجيلة,أركيلة ومستلزماتها
710,تعديل الاسم,سلع مستعملة وجديدة > ديكور المنزل > منتجات ديكور > بوولس & بلاتيس,بوولس & بلاتيس,صحون وزبادي
711,تعديل الاسم,سلع مستعملة وجديدة > ديكور المنزل > منتجات ديكور > تلوين,تلوين,لوحات فنية
712,تعديل الاسم,سلع مستعملة وجديدة > ديكور المنزل > منتجات ديكور > زخارف الجدران,زخارف الجدران,ديكور حائط
713,تعديل الاسم,سلع مستعملة وجديدة > ديكور المنزل > منتجات ديكور > ستونيس,ستونيس,حجار زينة
714,تعديل الاسم,سلع مستعملة وجديدة > ديكور المنزل > منتجات ديكور > صينية الرماد,صينية الرماد,منفضة سجائر
715,تعديل الاسم,سلع مستعملة وجديدة > ديكور المنزل > منتجات ديكور > فاسيس,فاسيس,مزهرية
716,تعديل الاسم,سلع مستعملة وجديدة > ديكور المنزل > منتجات ديكور > كانديلابراس,كانديلابراس,شمعدان
717,تعديل الاسم,"سلع مستعملة وجديدة > ديكور المنزل > منتجات ديكور > كنيكك-كناككس, ستاتواري & فيجورينيس","كنيكك-كناككس, ستاتواري & فيجورينيس",تحف وتماثيل صغيرة
718,تعديل الاسم,سلع مستعملة وجديدة > كمبيوتر > خوادم ومكونات > سيرفيرس,سيرفيرس,سيرفر
719,تعديل الاسم,سلع مستعملة وجديدة > كمبيوتر > شاشات > مراقبة قطع الغيار,مراقبة قطع الغيار,قطع غيار الشاشات
720,تعديل الاسم,سلع مستعملة وجديدة > كمبيوتر > ملحقات الكمبيوتر > Taşınabilir SSD,Taşınabilir SSD,قرص تخزين محمول
721,تعديل الاسم,سلع مستعملة وجديدة > كمبيوتر > ملحقات الكمبيوتر > أجهزة الباركود والمحطات اليدوية,أجهزة الباركود والمحطات اليدوية,جهاز باركود
722,تعديل الاسم,سلع مستعملة وجديدة > كمبيوتر > ملحقات الكمبيوتر > أقراص الرسومات,أقراص الرسومات,لوح رسم
723,تعديل الاسم,سلع مستعملة وجديدة > كمبيوتر > ملحقات الكمبيوتر > سماعات الرأس والميكروفونات,سماعات الرأس والميكروفونات,سماعة رأس وميكروفون
724,تعديل الاسم,سلع مستعملة وجديدة > كمبيوتر > ملحقات الكمبيوتر > سماعات الكمبيوتر,سماعات الكمبيوتر,سماعة كمبيوتر
725,تعديل الاسم,سلع مستعملة وجديدة > كمبيوتر > ملحقات الكمبيوتر > طابعات وماسحات وبلوتر,طابعات وماسحات وبلوتر,طابعة متعددة المهام
726,تعديل الاسم,سلع مستعملة وجديدة > كمبيوتر > ملحقات الكمبيوتر > كاميرات الويب,كاميرات الويب,كاميرا ويب
727,تعديل الاسم,سلع مستعملة وجديدة > كمبيوتر > ملحقات الكمبيوتر > لوحات المفاتيح,لوحات المفاتيح,كيبورد
728,تعديل الاسم,سلع مستعملة وجديدة > كمبيوتر > ملحقات الكمبيوتر > محركات أقراص DVD الخارجية وكاتباتها,محركات أقراص DVD الخارجية وكاتباتها,سواقة دي في دي خارجية
729,تعديل الاسم,سلع مستعملة وجديدة > كمبيوتر > ملحقات الكمبيوتر > محركات أقراص فلاش,محركات أقراص فلاش,ذاكرة فلاش
730,تعديل الاسم,سلع مستعملة وجديدة > كمبيوتر > ملحقات الكمبيوتر > محركات الأقراص الصلبة الخارجية,محركات الأقراص الصلبة الخارجية,هارد خارجي
731,تعديل الاسم,سلع مستعملة وجديدة > كمبيوتر > ملحقات الكمبيوتر > محركات الأقراص المرنة والرمز البريدي الخارجية,محركات الأقراص المرنة والرمز البريدي الخارجية,قارئ أقراص مرنة خارجي
732,تعديل الاسم,سلع مستعملة وجديدة > كمبيوتر > ملحقات الكمبيوتر > محركات الأقراص المضغوطة والكاتبة الخارجية,محركات الأقراص المضغوطة والكاتبة الخارجية,سواقة سي دي خارجية
733,تعديل الاسم,سلع مستعملة وجديدة > كمبيوتر > ملحقات الكمبيوتر > مكبر الرسومات,مكبر الرسومات,كرت شاشة خارجي
734,تعديل الاسم,سلع مستعملة وجديدة > كمبيوتر > ملحقات الكمبيوتر > مودمات وشبكات,مودمات وشبكات,مودم وراوتر
735,تعديل الاسم,سلع مستعملة وجديدة > كمبيوتر > ملحقات الكمبيوتر > ميسي,ميسي,ماوس
736,تعديل الاسم,سلع مستعملة وجديدة > كمبيوتر > ملحقات الكمبيوتر > ناسخات USB,ناسخات USB,ناسخ ذاكرة فلاش
737,تعديل الاسم,سلع مستعملة وجديدة > مستلزمات اللاعبين > أجهزة ألعاب ووحدات تحكم > آسوس روج حليف,آسوس روج حليف,Asus Rog Ally
738,تعديل الاسم,سلع مستعملة وجديدة > مستلزمات اللاعبين > أجهزة ألعاب ووحدات تحكم > أتاري,أتاري,Atari
739,تعديل الاسم,سلع مستعملة وجديدة > مستلزمات اللاعبين > أجهزة ألعاب ووحدات تحكم > اكس بوكس,اكس بوكس,Xbox
740,تعديل الاسم,سلع مستعملة وجديدة > مستلزمات اللاعبين > أجهزة ألعاب ووحدات تحكم > اكس بوكس 360,اكس بوكس 360,Xbox 360
741,تعديل الاسم,سلع مستعملة وجديدة > مستلزمات اللاعبين > أجهزة ألعاب ووحدات تحكم > اكس بوكس سيريس اكس,اكس بوكس سيريس اكس,Xbox Series X
742,تعديل الاسم,سلع مستعملة وجديدة > مستلزمات اللاعبين > أجهزة ألعاب ووحدات تحكم > اكس بوكس واحد,اكس بوكس واحد,Xbox One
743,تعديل الاسم,سلع مستعملة وجديدة > مستلزمات اللاعبين > أجهزة ألعاب ووحدات تحكم > اكس بوكس ون اس,اكس بوكس ون اس,Xbox One S
744,تعديل الاسم,سلع مستعملة وجديدة > مستلزمات اللاعبين > أجهزة ألعاب ووحدات تحكم > اكس بوكس ون اكس,اكس بوكس ون اكس,Xbox One X
745,تعديل الاسم,سلع مستعملة وجديدة > مستلزمات اللاعبين > أجهزة ألعاب ووحدات تحكم > بلاي ستيشن 1,بلاي ستيشن 1,PlayStation 1
746,تعديل الاسم,سلع مستعملة وجديدة > مستلزمات اللاعبين > أجهزة ألعاب ووحدات تحكم > بلاي ستيشن 2,بلاي ستيشن 2,PlayStation 2
747,تعديل الاسم,سلع مستعملة وجديدة > مستلزمات اللاعبين > أجهزة ألعاب ووحدات تحكم > بلاي ستيشن 3,بلاي ستيشن 3,PlayStation 3
748,تعديل الاسم,سلع مستعملة وجديدة > مستلزمات اللاعبين > أجهزة ألعاب ووحدات تحكم > بلاي ستيشن 4,بلاي ستيشن 4,PlayStation 4
749,تعديل الاسم,سلع مستعملة وجديدة > مستلزمات اللاعبين > أجهزة ألعاب ووحدات تحكم > بلاي ستيشن 4 برو,بلاي ستيشن 4 برو,PlayStation 4 Pro
750,تعديل الاسم,سلع مستعملة وجديدة > مستلزمات اللاعبين > أجهزة ألعاب ووحدات تحكم > بلاي ستيشن 5,بلاي ستيشن 5,PlayStation 5
751,تعديل الاسم,سلع مستعملة وجديدة > مستلزمات اللاعبين > أجهزة ألعاب ووحدات تحكم > بلاي ستيشن 5 برو,بلاي ستيشن 5 برو,PlayStation 5 Pro
752,تعديل الاسم,سلع مستعملة وجديدة > مستلزمات اللاعبين > أجهزة ألعاب ووحدات تحكم > بوابة بلاي ستيشن,بوابة بلاي ستيشن,PlayStation Portal
753,تعديل الاسم,سلع مستعملة وجديدة > مستلزمات اللاعبين > أجهزة ألعاب ووحدات تحكم > بي إس بي,بي إس بي,PSP
754,تعديل الاسم,سلع مستعملة وجديدة > مستلزمات اللاعبين > أجهزة ألعاب ووحدات تحكم > بي اس فيتا,بي اس فيتا,PS Vita
755,تعديل الاسم,سلع مستعملة وجديدة > مستلزمات اللاعبين > أجهزة ألعاب ووحدات تحكم > ريزر إيدج,ريزر إيدج,Razer Edge
756,تعديل الاسم,سلع مستعملة وجديدة > مستلزمات اللاعبين > أجهزة ألعاب ووحدات تحكم > سطح البخار,سطح البخار,Steam Deck
757,تعديل الاسم,سلع مستعملة وجديدة > مستلزمات اللاعبين > أجهزة ألعاب ووحدات تحكم > سلسلة اكس بوكس اس,سلسلة اكس بوكس اس,Xbox Series S
758,تعديل الاسم,سلع مستعملة وجديدة > مستلزمات اللاعبين > أجهزة ألعاب ووحدات تحكم > عين,عين,AYN
759,تعديل الاسم,سلع مستعملة وجديدة > مستلزمات اللاعبين > أجهزة ألعاب ووحدات تحكم > لوجيتك جي كلاود,لوجيتك جي كلاود,Logitech G Cloud
760,تعديل الاسم,سلع مستعملة وجديدة > مستلزمات اللاعبين > أجهزة ألعاب ووحدات تحكم > لينوفو ليجن جو,لينوفو ليجن جو,Lenovo Legion Go
761,تعديل الاسم,سلع مستعملة وجديدة > مستلزمات اللاعبين > أجهزة ألعاب ووحدات تحكم > مخلب MSI,مخلب MSI,MSI Claw
762,تعديل الاسم,سلع مستعملة وجديدة > مستلزمات اللاعبين > أجهزة ألعاب ووحدات تحكم > نينتندو 2DS و 3DS,نينتندو 2DS و 3DS,Nintendo 2DS & 3DS
763,تعديل الاسم,سلع مستعملة وجديدة > مستلزمات اللاعبين > أجهزة ألعاب ووحدات تحكم > نينتندو جيم بوي,نينتندو جيم بوي,Nintendo Gameboy
764,تعديل الاسم,سلع مستعملة وجديدة > مستلزمات اللاعبين > أجهزة ألعاب ووحدات تحكم > نينتندو جيم كيوب,نينتندو جيم كيوب,Nintendo Game Cube
765,تعديل الاسم,سلع مستعملة وجديدة > مستلزمات اللاعبين > أجهزة ألعاب ووحدات تحكم > نينتندو دي إس,نينتندو دي إس,Nintendo DS
766,تعديل الاسم,سلع مستعملة وجديدة > مستلزمات اللاعبين > أجهزة ألعاب ووحدات تحكم > نينتندو سويتش,نينتندو سويتش,Nintendo Switch
767,تعديل الاسم,سلع مستعملة وجديدة > مستلزمات اللاعبين > أجهزة ألعاب ووحدات تحكم > نينتندو سويتش 2,نينتندو سويتش 2,Nintendo Switch 2
768,تعديل الاسم,سلع مستعملة وجديدة > مستلزمات اللاعبين > أجهزة ألعاب ووحدات تحكم > نينتندو وي,نينتندو وي,Nintendo Wii
769,تعديل الاسم,سلع مستعملة وجديدة > مستلزمات اللاعبين > أجهزة ألعاب ووحدات تحكم > نينتندو وي يو,نينتندو وي يو,Nintendo Wii U
770,تعديل الاسم,سلع مستعملة وجديدة > مستلزمات اللاعبين > أجهزة ألعاب ووحدات تحكم > وحدة التحكم,وحدة التحكم,يد تحكم
771,تعديل الاسم,سلع مستعملة وجديدة > هواتف وإكسسوارات > هواتف محمولة > آبل,آبل,Apple
772,تعديل الاسم,سلع مستعملة وجديدة > هواتف وإكسسوارات > هواتف محمولة > آسوس,آسوس,Asus
773,تعديل الاسم,سلع مستعملة وجديدة > هواتف وإكسسوارات > هواتف محمولة > أسيلسان,أسيلسان,Aselsan
774,تعديل الاسم,سلع مستعملة وجديدة > هواتف وإكسسوارات > هواتف محمولة > أفيا تورك تيليكوم,أفيا تورك تيليكوم,Avea Türk Telekom
775,تعديل الاسم,سلع مستعملة وجديدة > هواتف وإكسسوارات > هواتف محمولة > أوسكال,أوسكال,Oscal
776,تعديل الاسم,سلع مستعملة وجديدة > هواتف وإكسسوارات > هواتف محمولة > أوفيون,أوفيون,Ovion
777,تعديل الاسم,سلع مستعملة وجديدة > هواتف وإكسسوارات > هواتف محمولة > أوليفون,أوليفون,Ulefone
778,تعديل الاسم,سلع مستعملة وجديدة > هواتف وإكسسوارات > هواتف محمولة > أوميكس,أوميكس,Omix
779,تعديل الاسم,سلع مستعملة وجديدة > هواتف وإكسسوارات > هواتف محمولة > أووكيتيل,أووكيتيل,Oukitel
780,تعديل الاسم,سلع مستعملة وجديدة > هواتف وإكسسوارات > هواتف محمولة > أيسر,أيسر,Acer
781,تعديل الاسم,سلع مستعملة وجديدة > هواتف وإكسسوارات > هواتف محمولة > إل جي,إل جي,LG
782,تعديل الاسم,سلع مستعملة وجديدة > هواتف وإكسسوارات > هواتف محمولة > إليفون,إليفون,Elephone
783,تعديل الاسم,سلع مستعملة وجديدة > هواتف وإكسسوارات > هواتف محمولة > اتش تي سي,اتش تي سي,HTC
784,تعديل الاسم,سلع مستعملة وجديدة > هواتف وإكسسوارات > هواتف محمولة > اجم,اجم,AGM
785,تعديل الاسم,سلع مستعملة وجديدة > هواتف وإكسسوارات > هواتف محمولة > الكاتيل,الكاتيل,Alcatel
786,تعديل الاسم,سلع مستعملة وجديدة > هواتف وإكسسوارات > هواتف محمولة > انفينيكس,انفينيكس,Infinix
787,تعديل الاسم,سلع مستعملة وجديدة > هواتف وإكسسوارات > هواتف محمولة > ايك,ايك,Aiek
788,تعديل الاسم,سلع مستعملة وجديدة > هواتف وإكسسوارات > هواتف محمولة > باناسونيك,باناسونيك,Panasonic
789,تعديل الاسم,سلع مستعملة وجديدة > هواتف وإكسسوارات > هواتف محمولة > بلاك بيري,بلاك بيري,BlackBerry
790,تعديل الاسم,سلع مستعملة وجديدة > هواتف وإكسسوارات > هواتف محمولة > بلاكفيو,بلاكفيو,Blackview
791,تعديل الاسم,سلع مستعملة وجديدة > هواتف وإكسسوارات > هواتف محمولة > بلوبو,بلوبو,Bluboo
792,تعديل الاسم,سلع مستعملة وجديدة > هواتف وإكسسوارات > هواتف محمولة > بينكيو سيمنز,بينكيو سيمنز,BenQ Siemens
793,تعديل الاسم,سلع مستعملة وجديدة > هواتف وإكسسوارات > هواتف محمولة > تاغ هوير,تاغ هوير,Tag Heuer
794,تعديل الاسم,سلع مستعملة وجديدة > هواتف وإكسسوارات > هواتف محمولة > ترايدنت,ترايدنت,Trident
795,تعديل الاسم,سلع مستعملة وجديدة > هواتف وإكسسوارات > هواتف محمولة > تشين,تشين,Qin
796,تعديل الاسم,سلع مستعملة وجديدة > هواتف وإكسسوارات > هواتف محمولة > تكنو,تكنو,Tecno
797,تعديل الاسم,سلع مستعملة وجديدة > هواتف وإكسسوارات > هواتف محمولة > توركسيل,توركسيل,Turkcell
798,تعديل الاسم,سلع مستعملة وجديدة > هواتف وإكسسوارات > هواتف محمولة > تي سي إل,تي سي إل,TCL
799,تعديل الاسم,سلع مستعملة وجديدة > هواتف وإكسسوارات > هواتف محمولة > جوجل,جوجل,Google
800,تعديل الاسم,سلع مستعملة وجديدة > هواتف وإكسسوارات > هواتف محمولة > ديجيفون,ديجيفون,Digiphone
801,تعديل الاسم,سلع مستعملة وجديدة > هواتف وإكسسوارات > هواتف محمولة > ديل,ديل,Dell
802,تعديل الاسم,سلع مستعملة وجديدة > هواتف وإكسسوارات > هواتف محمولة > رازير,رازير,Razer
803,تعديل الاسم,سلع مستعملة وجديدة > هواتف وإكسسوارات > هواتف محمولة > ريدر,ريدر,Reeder
804,تعديل الاسم,سلع مستعملة وجديدة > هواتف وإكسسوارات > هواتف محمولة > ريلمى,ريلمى,Realme
805,تعديل الاسم,سلع مستعملة وجديدة > هواتف وإكسسوارات > هواتف محمولة > زد تي إي,زد تي إي,ZTE
806,تعديل الاسم,سلع مستعملة وجديدة > هواتف وإكسسوارات > هواتف محمولة > سامسونج,سامسونج,Samsung
807,تعديل الاسم,سلع مستعملة وجديدة > هواتف وإكسسوارات > هواتف محمولة > سوني,سوني,Sony
808,تعديل الاسم,سلع مستعملة وجديدة > هواتف وإكسسوارات > هواتف محمولة > سوني اريكسون,سوني اريكسون,Sony Ericsson
809,تعديل الاسم,سلع مستعملة وجديدة > هواتف وإكسسوارات > هواتف محمولة > شارب,شارب,Sharp
810,تعديل الاسم,سلع مستعملة وجديدة > هواتف وإكسسوارات > هواتف محمولة > شاومي,شاومي,Xiaomi
811,تعديل الاسم,سلع مستعملة وجديدة > هواتف وإكسسوارات > هواتف محمولة > صني,صني,Sunny
812,تعديل الاسم,سلع مستعملة وجديدة > هواتف وإكسسوارات > هواتف محمولة > فودافون,فودافون,Vodafone
813,تعديل الاسم,سلع مستعملة وجديدة > هواتف وإكسسوارات > هواتف محمولة > فيرتو,فيرتو,Vertu
814,تعديل الاسم,سلع مستعملة وجديدة > هواتف وإكسسوارات > هواتف محمولة > فيستل,فيستل,Vestel
815,تعديل الاسم,سلع مستعملة وجديدة > هواتف وإكسسوارات > هواتف محمولة > فيفو,فيفو,Vivo
816,تعديل الاسم,سلع مستعملة وجديدة > هواتف وإكسسوارات > هواتف محمولة > فيليبس,فيليبس,Philips
817,تعديل الاسم,سلع مستعملة وجديدة > هواتف وإكسسوارات > هواتف محمولة > قطة,قطة,CAT
818,تعديل الاسم,سلع مستعملة وجديدة > هواتف وإكسسوارات > هواتف محمولة > قطرة القمر,قطرة القمر,Moondrop
819,تعديل الاسم,سلع مستعملة وجديدة > هواتف وإكسسوارات > هواتف محمولة > كاسبر,كاسبر,Casper
820,تعديل الاسم,سلع مستعملة وجديدة > هواتف وإكسسوارات > هواتف محمولة > كان,كان,Kaan
821,تعديل الاسم,سلع مستعملة وجديدة > هواتف وإكسسوارات > هواتف محمولة > كواترو,كواترو,Quatro
822,تعديل الاسم,سلع مستعملة وجديدة > هواتف وإكسسوارات > هواتف محمولة > كوبوت,كوبوت,Cubot
823,تعديل الاسم,سلع مستعملة وجديدة > هواتف وإكسسوارات > هواتف محمولة > لا شئ,لا شئ,Nothing
824,تعديل الاسم,سلع مستعملة وجديدة > هواتف وإكسسوارات > هواتف محمولة > لايكا,لايكا,Leica
825,تعديل الاسم,سلع مستعملة وجديدة > هواتف وإكسسوارات > هواتف محمولة > لي تي في ليكو,لي تي في ليكو,LeTV LeEco
826,تعديل الاسم,سلع مستعملة وجديدة > هواتف وإكسسوارات > هواتف محمولة > ليجو,ليجو,Leagoo
827,تعديل الاسم,سلع مستعملة وجديدة > هواتف وإكسسوارات > هواتف محمولة > لينوفو,لينوفو,Lenovo
828,تعديل الاسم,سلع مستعملة وجديدة > هواتف وإكسسوارات > هواتف محمولة > مايكروسوفت,مايكروسوفت,Microsoft
829,تعديل الاسم,سلع مستعملة وجديدة > هواتف وإكسسوارات > هواتف محمولة > ممن لهم,ممن لهم,Oppo
830,تعديل الاسم,سلع مستعملة وجديدة > هواتف وإكسسوارات > هواتف محمولة > موبايل عام,موبايل عام,General Mobile
831,تعديل الاسم,سلع مستعملة وجديدة > هواتف وإكسسوارات > هواتف محمولة > موتورولا,موتورولا,Motorola
832,تعديل الاسم,سلع مستعملة وجديدة > هواتف وإكسسوارات > هواتف محمولة > ميبو,ميبو,Mipo
833,تعديل الاسم,سلع مستعملة وجديدة > هواتف وإكسسوارات > هواتف محمولة > ميزو,ميزو,Meizu
834,تعديل الاسم,سلع مستعملة وجديدة > هواتف وإكسسوارات > هواتف محمولة > نخل,نخل,Palm
835,تعديل الاسم,سلع مستعملة وجديدة > هواتف وإكسسوارات > هواتف محمولة > نوكيا,نوكيا,Nokia
836,تعديل الاسم,سلع مستعملة وجديدة > هواتف وإكسسوارات > هواتف محمولة > هواوي,هواوي,Huawei
837,تعديل الاسم,سلع مستعملة وجديدة > هواتف وإكسسوارات > هواتف محمولة > هوتواف,هوتواف,Hotwav
838,تعديل الاسم,سلع مستعملة وجديدة > هواتف وإكسسوارات > هواتف محمولة > هومتوم,هومتوم,HomTom
839,تعديل الاسم,سلع مستعملة وجديدة > هواتف وإكسسوارات > هواتف محمولة > هونر,هونر,Honor
840,تعديل الاسم,سلع مستعملة وجديدة > هواتف وإكسسوارات > هواتف محمولة > ون بلس,ون بلس,OnePlus
841,تعديل الاسم,سلع مستعملة وجديدة > هواتف وإكسسوارات > هواتف محمولة > يونيهيرتز,يونيهيرتز,Unihertz
842,تعديل الاسم,المركبات > سيارات دفع رباعي وبيك آب > Dodge > RAMs,RAMs,Ram
843,تعديل الاسم,المركبات > سيارات > Fiat > عائلة 500,عائلة 500,500 Family
844,تعديل الاسم,المركبات > سيارات دفع رباعي وبيك آب > Fiat > 500 X,500 X,500X
845,تعديل الاسم,المركبات > سيارات > Cupra > بورن,بورن,Born
846,تعديل الاسم,المركبات > سيارات > Cupra > ليون,ليون,Leon
847,تعديل الاسم,المركبات > سيارات > Geely > إمجراند,إمجراند,Emgrand
848,تعديل الاسم,المركبات > سيارات > Tesla > موديل 3,موديل 3,Model 3
849,تعديل الاسم,المركبات > سيارات > Tesla > موديل S,موديل S,Model S
850,تعديل الاسم,المركبات > سيارات > Tesla > موديل X,موديل X,Model X
851,تعديل الاسم,المركبات > سيارات > Tesla > موديل Y,موديل Y,Model Y
852,تعديل الاسم,الآلات والمعدات > الآلات الزراعية > البذار والغرس,البذار والغرس,معدات البذار والغرس
853,تعديل الاسم,الآلات والمعدات > الآلات الزراعية > التسميد,التسميد,معدات التسميد
854,تعديل الاسم,الآلات والمعدات > الآلات الزراعية > الثروة الحيوانية,الثروة الحيوانية,معدات الثروة الحيوانية
855,تعديل الاسم,الآلات والمعدات > الآلات الزراعية > الحصاد والدرس,الحصاد والدرس,معدات الحصاد والدراس
856,تعديل الاسم,الآلات والمعدات > الآلات الزراعية > الري,الري,معدات الري
857,تعديل الاسم,الآلات والمعدات > الآلات الزراعية > العناية بالمحاصيل,العناية بالمحاصيل,معدات العناية بالمحاصيل
858,تعديل الاسم,الآلات والمعدات > الآلات الزراعية > النقل,النقل,معدات النقل الزراعي
859,تعديل الاسم,الآلات والمعدات > الآلات الزراعية > خدمة التربة,خدمة التربة,معدات تحضير التربة
860,تعديل الاسم,الآلات والمعدات > الصناعة > أنظمة الحماية والملاجئ,أنظمة الحماية والملاجئ,أنظمة حماية وملاجئ
861,تعديل الاسم,الآلات والمعدات > الصناعة > النقل والرصّ,النقل والرصّ,معدات نقل وتخزين
862,تعديل الاسم,الآلات والمعدات > الصناعة > خيام ومظلات وشتر,خيام ومظلات وشتر,خيمة أو مظلة
863,تعديل الاسم,الآلات والمعدات > الصناعة > كمبروسر,كمبروسر,كمبرسور هواء
864,تعديل الاسم,الآلات والمعدات > الكهرباء والطاقة > أوعية/خزانات مضغوطة,أوعية/خزانات مضغوطة,خزانات ضغط
865,تعديل الاسم,الآلات والمعدات > الكهرباء والطاقة > منتجات الوقود,منتجات الوقود,معدات الوقود
866,تعديل الاسم,الحيوانات الأليفة والمواشي > أسماك الزينة > أسماك الثعبان والموراي,أسماك الثعبان والموراي,أسماك الأنقليس والموراي
867,تعديل الاسم,الحيوانات الأليفة والمواشي > أسماك الزينة > أسماك الراي والقط,أسماك الراي والقط,أسماك الراي والسلور
868,تعديل الاسم,الحيوانات الأليفة والمواشي > أسماك الزينة > الأسماك المتاهية,الأسماك المتاهية,أسماك المتاهة
869,تعديل الاسم,الحيوانات الأليفة والمواشي > أسماك الزينة > السيكليد,السيكليد,أسماك السيكليد
870,تعديل الاسم,الحيوانات الأليفة والمواشي > أسماك الزينة > الشبوطيات,الشبوطيات,أسماك الشبوطيات
871,تعديل الاسم,الحيوانات الأليفة والمواشي > أسماك الزينة > اللافقاريات,اللافقاريات,لافقاريات مائية
872,تعديل الاسم,الحيوانات الأليفة والمواشي > الأعلاف والطعام > المواشي الصغيرة والكبيرة,المواشي الصغيرة والكبيرة,مواشي
873,تعديل الاسم,الحيوانات الأليفة والمواشي > الإكسسوارات والمعدات > المواشي الكبيرة والصغيرة,المواشي الكبيرة والصغيرة,مواشي
874,تعديل الاسم,العقارات > أرض > للبيع مقابل حصة من الأرض,للبيع مقابل حصة من الأرض,للبيع مقابل حصة
875,تعديل الاسم,العقارات > عقار تجاري > تنازل عن عقد الإيجار,تنازل عن عقد الإيجار,فروغ تجاري
876,تعديل الاسم,العقارات > عقار تجاري > للبيع مع التنازل عن النشاط,للبيع مع التنازل عن النشاط,للبيع مع الفروغ
877,تعديل الاسم,العقارات > مشاريع سكنية > ريزيدنس,ريزيدنس,مجمع سكني
878,تعديل الاسم,المركبات > المركبات التجارية > الخطوط واللوحات التجارية,الخطوط واللوحات التجارية,خطوط ولوحات تجارية
879,تعديل الاسم,المركبات > المركبات التجارية > الشاحنات القاطرة,الشاحنات القاطرة,رؤوس قاطرة
880,تعديل الاسم,المركبات > المركبات التجارية > الشاحنات والشاحنات الخفيفة,الشاحنات والشاحنات الخفيفة,شاحنات وشاحنات خفيفة
881,تعديل الاسم,المركبات > المركبات التجارية > الكاروسري والهيكل,الكاروسري والهيكل,هياكل وصناديق شاحنات
882,تعديل الاسم,المركبات > المركبات التجارية > الميني باص والميدي باص,الميني باص والميدي باص,سرفيس
883,تعديل الاسم,المركبات > المركبات الكهربائية > ميني فان وفانات لوحة,ميني فان وفانات لوحة,فان مغلق كهربائي
884,تعديل الاسم,المركبات > تأجير سيارات > دفع رباعي وبيك اب,دفع رباعي وبيك اب,دفع رباعي وبيك آب
885,تعديل الاسم,المركبات > دراجات نارية > CFmoto,CFmoto,CFMOTO
886,تعديل الاسم,المركبات > دراجات نارية > Çelik Motor,Çelik Motor,Çelik Motor
887,تعديل الاسم,المركبات > دراجات نارية > Işıldar,Işıldar,Işıldar
888,تعديل الاسم,المركبات > دراجات نارية > Ski-doo,Ski-doo,Ski-Doo
889,تعديل الاسم,المركبات > دراجات نارية > Stmax,Stmax,STMAX
890,تعديل الاسم,المركبات > دراجات نارية > UğurSam,UğurSam,UğurSam
891,تعديل الاسم,المركبات > رباعية الدفع > آسيا موتور,آسيا موتور,Asya Motor
892,تعديل الاسم,المركبات > رباعية الدفع > أباتشي,أباتشي,Apache
893,تعديل الاسم,المركبات > رباعية الدفع > أركتيك كات,أركتيك كات,Arctic Cat
894,تعديل الاسم,المركبات > رباعية الدفع > أرورا,أرورا,Arora
895,تعديل الاسم,المركبات > رباعية الدفع > أودس,أودس,ODES
896,تعديل الاسم,المركبات > رباعية الدفع > إس إم سي,إس إم سي,SMC
897,تعديل الاسم,المركبات > رباعية الدفع > إس واي إم,إس واي إم,SYM
898,تعديل الاسم,المركبات > رباعية الدفع > إنبيست,إنبيست,Enbest
899,تعديل الاسم,المركبات > رباعية الدفع > إيون,إيون,AEON
900,تعديل الاسم,المركبات > رباعية الدفع > باشان,باشان,Bashan
901,تعديل الاسم,المركبات > رباعية الدفع > بولاريس,بولاريس,Polaris
902,تعديل الاسم,المركبات > رباعية الدفع > بوماركس,بوماركس,Pomarx
903,تعديل الاسم,المركبات > رباعية الدفع > بوموتو جينلينغ,بوموتو جينلينغ,BuMoto Jinling
904,تعديل الاسم,المركبات > رباعية الدفع > تي جي بي,تي جي بي,TGB
905,تعديل الاسم,المركبات > رباعية الدفع > ريجال رابتور,ريجال رابتور,Regal Raptor
906,تعديل الاسم,المركبات > رباعية الدفع > ريجنوم,ريجنوم,Regnum
907,تعديل الاسم,المركبات > رباعية الدفع > سكاي جيت,سكاي جيت,Skyjet
908,تعديل الاسم,المركبات > رباعية الدفع > سوزوكي,سوزوكي,Suzuki
909,تعديل الاسم,المركبات > رباعية الدفع > سي أف موتو,سي أف موتو,CF Moto
910,تعديل الاسم,المركبات > رباعية الدفع > سيجواي,سيجواي,Segway
911,تعديل الاسم,المركبات > رباعية الدفع > سيكتاك,سيكتاك,Cectek
912,تعديل الاسم,المركبات > رباعية الدفع > غوس,غوس,Goes
913,تعديل الاسم,المركبات > رباعية الدفع > فالكون,فالكون,Falcon
914,تعديل الاسم,المركبات > رباعية الدفع > فولتا,فولتا,Volta
915,تعديل الاسم,المركبات > رباعية الدفع > كان-آم,كان-آم,Can-Am
916,تعديل الاسم,المركبات > رباعية الدفع > كانوني,كانوني,Kanuni
917,تعديل الاسم,المركبات > رباعية الدفع > كاواساكي,كاواساكي,Kawasaki
918,تعديل الاسم,المركبات > رباعية الدفع > كايو,كايو,Kayo
919,تعديل الاسم,المركبات > رباعية الدفع > كرال موتور,كرال موتور,Kral Motor
920,تعديل الاسم,المركبات > رباعية الدفع > كوبا,كوبا,Kuba
921,تعديل الاسم,المركبات > رباعية الدفع > كيمكو,كيمكو,Kymco
922,تعديل الاسم,المركبات > رباعية الدفع > كيو جي موتور,كيو جي موتور,QJ Motor
923,تعديل الاسم,المركبات > رباعية الدفع > لونشين,لونشين,Loncin
924,تعديل الاسم,المركبات > رباعية الدفع > لينهاي,لينهاي,Linhai
925,تعديل الاسم,المركبات > رباعية الدفع > موتوران,موتوران,Motoran
926,تعديل الاسم,المركبات > رباعية الدفع > مونديال,مونديال,Mondial
927,تعديل الاسم,المركبات > رباعية الدفع > هوندا,هوندا,Honda
928,تعديل الاسم,المركبات > رباعية الدفع > يوكي,يوكي,Yuki
929,تعديل الاسم,المركبات > سيارات > أبارث,أبارث,Abarth
930,تعديل الاسم,المركبات > سيارات > أرورا,أرورا,Arora
931,تعديل الاسم,المركبات > سيارات > ألبين,ألبين,Alpine
932,تعديل الاسم,المركبات > سيارات > أنادول,أنادول,Anadol
933,تعديل الاسم,المركبات > سيارات > أوبل,أوبل,Opel
934,تعديل الاسم,المركبات > سيارات > أودي,أودي,Audi
935,تعديل الاسم,المركبات > سيارات > أورتي,أورتي,Orti
936,تعديل الاسم,المركبات > سيارات > أيون,أيون,Aion
937,تعديل الاسم,المركبات > سيارات > إنفينيتي,إنفينيتي,Infiniti
938,تعديل الاسم,المركبات > سيارات > إيغل,إيغل,Eagle
939,تعديل الاسم,المركبات > سيارات > إيكو,إيكو,IKCO
940,تعديل الاسم,المركبات > سيارات > استون مارتن,استون مارتن,Aston Martin
941,تعديل الاسم,المركبات > سيارات > الفا روميو,الفا روميو,Alfa Romeo
942,تعديل الاسم,المركبات > سيارات > بروتون,بروتون,Proton
943,تعديل الاسم,المركبات > سيارات > بليموث,بليموث,Plymouth
944,تعديل الاسم,المركبات > سيارات > بنتلي,بنتلي,Bentley
945,تعديل الاسم,المركبات > سيارات > بورش,بورش,Porsche
946,تعديل الاسم,المركبات > سيارات > بولستار,بولستار,Polestar
947,تعديل الاسم,المركبات > سيارات > بونتياك,بونتياك,Pontiac
948,تعديل الاسم,المركبات > سيارات > بويك,بويك,Buick
949,تعديل الاسم,المركبات > سيارات > بي إم دبليو,بي إم دبليو,BMW
950,تعديل الاسم,المركبات > سيارات > بي واي دي,بي واي دي,BYD
951,تعديل الاسم,المركبات > سيارات > بيجو,بيجو,Peugeot
952,تعديل الاسم,المركبات > سيارات > تاتا,تاتا,Tata
953,تعديل الاسم,المركبات > سيارات > تسلا,تسلا,Tesla
954,تعديل الاسم,المركبات > سيارات > توغ,توغ,TOGG
955,تعديل الاسم,المركبات > سيارات > توفاش,توفاش,Tofaş
956,تعديل الاسم,المركبات > سيارات > تويوتا,تويوتا,Toyota
957,تعديل الاسم,المركبات > سيارات > جاكوار,جاكوار,Jaguar
958,تعديل الاسم,المركبات > سيارات > جيلي,جيلي,Geely
959,تعديل الاسم,المركبات > سيارات > داسيا,داسيا,Dacia
960,تعديل الاسم,المركبات > سيارات > دايهاتسو,دايهاتسو,Daihatsu
961,تعديل الاسم,المركبات > سيارات > دايو,دايو,Daewoo
962,تعديل الاسم,المركبات > سيارات > دودج,دودج,Dodge
963,تعديل الاسم,المركبات > سيارات > دي إس أوتوموبيلز,دي إس أوتوموبيلز,DS Automobiles
964,تعديل الاسم,المركبات > سيارات > ذا لندن تاكسي,ذا لندن تاكسي,The London Taxi
965,تعديل الاسم,المركبات > سيارات > روفر,روفر,Rover
966,تعديل الاسم,المركبات > سيارات > رولز رويس,رولز رويس,Rolls-Royce
967,تعديل الاسم,المركبات > سيارات > ريدر,ريدر,Reeder
968,تعديل الاسم,المركبات > سيارات > ريغال رابتور,ريغال رابتور,Regal Raptor
969,تعديل الاسم,المركبات > سيارات > ريلايف,ريلايف,Relive
970,تعديل الاسم,المركبات > سيارات > رينو,رينو,Renault
971,تعديل الاسم,المركبات > سيارات > رينوول,رينوول,Rainwoll
972,تعديل الاسم,المركبات > سيارات > ساب,ساب,Saab
973,تعديل الاسم,المركبات > سيارات > سايبا,سايبا,Saipa
974,تعديل الاسم,المركبات > سيارات > سكودا,سكودا,Skoda
975,تعديل الاسم,المركبات > سيارات > سمارت,سمارت,Smart
976,تعديل الاسم,المركبات > سيارات > سوبارو,سوبارو,Subaru
977,تعديل الاسم,المركبات > سيارات > سوزوكي,سوزوكي,Suzuki
978,تعديل الاسم,المركبات > سيارات > سيات,سيات,SEAT
979,تعديل الاسم,المركبات > سيارات > سيتروين,سيتروين,Citroën
980,تعديل الاسم,المركبات > سيارات > سينترو,سينترو,Cenntro
981,تعديل الاسم,المركبات > سيارات > شيري,شيري,Chery
982,تعديل الاسم,المركبات > سيارات > شيفروليه,شيفروليه,Chevrolet
983,تعديل الاسم,المركبات > سيارات > فاندرهول,فاندرهول,Vanderhall
984,تعديل الاسم,المركبات > سيارات > فورد,فورد,Ford
985,تعديل الاسم,المركبات > سيارات > فولتا,فولتا,Volta
986,تعديل الاسم,المركبات > سيارات > فولفو,فولفو,Volvo
987,تعديل الاسم,المركبات > سيارات > فولكس فاغن,فولكس فاغن,Volkswagen
988,تعديل الاسم,المركبات > سيارات > فيات,فيات,Fiat
989,تعديل الاسم,المركبات > سيارات > فيراري,فيراري,Ferrari
990,تعديل الاسم,المركبات > سيارات > كاديلاك,كاديلاك,Cadillac
991,تعديل الاسم,المركبات > سيارات > كرايسلر,كرايسلر,Chrysler
992,تعديل الاسم,المركبات > سيارات > كوبا,كوبا,Kuba
993,تعديل الاسم,المركبات > سيارات > كوبرا,كوبرا,Cupra
994,تعديل الاسم,المركبات > سيارات > كيا,كيا,Kia
995,تعديل الاسم,المركبات > سيارات > لادا,لادا,Lada
996,تعديل الاسم,المركبات > سيارات > لامبورغيني,لامبورغيني,Lamborghini
997,تعديل الاسم,المركبات > سيارات > لانشيا,لانشيا,Lancia
998,تعديل الاسم,المركبات > سيارات > لكزس,لكزس,Lexus
999,تعديل الاسم,المركبات > سيارات > لوتس,لوتس,Lotus
1000,تعديل الاسم,المركبات > سيارات > لوكي,لوكي,Luqi
1001,تعديل الاسم,المركبات > سيارات > ليب موتور,ليب موتور,Leapmotor
1002,تعديل الاسم,المركبات > سيارات > لينكولن,لينكولن,Lincoln
1003,تعديل الاسم,المركبات > سيارات > ماركوس,ماركوس,Marcos
1004,تعديل الاسم,المركبات > سيارات > مازدا,مازدا,Mazda
1005,تعديل الاسم,المركبات > سيارات > مازيراتي,مازيراتي,Maserati
1006,تعديل الاسم,المركبات > سيارات > ماكلارين,ماكلارين,McLaren
1007,تعديل الاسم,المركبات > سيارات > مرسيدس-بنز,مرسيدس-بنز,Mercedes-Benz
1008,تعديل الاسم,المركبات > سيارات > مورغان,مورغان,Morgan
1009,تعديل الاسم,المركبات > سيارات > ميتسوبيشي,ميتسوبيشي,Mitsubishi
1010,تعديل الاسم,المركبات > سيارات > ميني,ميني,MINI
1011,تعديل الاسم,المركبات > سيارات > نيسان,نيسان,Nissan
1012,تعديل الاسم,المركبات > سيارات > نيغمر,نيغمر,Niğmer
1013,تعديل الاسم,المركبات > سيارات > نيف,نيف,Nieve
1014,تعديل الاسم,المركبات > سيارات > هوندا,هوندا,Honda
1015,تعديل الاسم,المركبات > سيارات > هيونداي,هيونداي,Hyundai
1016,تعديل الاسم,المركبات > سيارات > يوكي,يوكي,Yuki
1017,تعديل الاسم,المركبات > مركبة المهام المساعدة > أوديس,أوديس,ODES
1018,تعديل الاسم,المركبات > مركبة المهام المساعدة > إكس آند واي,إكس آند واي,X&Y
1019,تعديل الاسم,المركبات > مركبة المهام المساعدة > باجي,باجي,Buggy
1020,تعديل الاسم,المركبات > مركبة المهام المساعدة > بولاريس,بولاريس,Polaris
1021,تعديل الاسم,المركبات > مركبة المهام المساعدة > جون دير,جون دير,John Deere
1022,تعديل الاسم,المركبات > مركبة المهام المساعدة > سي إف موتو,سي إف موتو,CF Moto
1023,تعديل الاسم,المركبات > مركبة المهام المساعدة > سيجواي,سيجواي,Segway
1024,تعديل الاسم,المركبات > مركبة المهام المساعدة > كان-آم,كان-آم,Can-Am
1025,تعديل الاسم,المركبات > مركبة المهام المساعدة > كانوني,كانوني,Kanuni
1026,تعديل الاسم,المركبات > مركبة المهام المساعدة > كاواساكي,كاواساكي,Kawasaki
1027,تعديل الاسم,المركبات > مركبة المهام المساعدة > كوبا,كوبا,Kuba
1028,تعديل الاسم,المركبات > مركبة المهام المساعدة > موتولوكس,موتولوكس,Motolux
1029,تعديل الاسم,المركبات > مركبة المهام المساعدة > مونديال,مونديال,Mondial
1030,تعديل الاسم,المركبات > مركبة المهام المساعدة > يوكي,يوكي,Yuki
1031,تعديل الاسم,سلع مستعملة وجديدة > أخرى > آلات البيع,آلات البيع,ماكينة بيع ذاتي
1032,تعديل الاسم,سلع مستعملة وجديدة > أخرى > أشياء غير عادية,أشياء غير عادية,أشياء نادرة أو غريبة
1033,تعديل الاسم,سلع مستعملة وجديدة > أخرى > اكسسوارات التبغ,اكسسوارات التبغ,إكسسوارات التدخين
1034,تعديل الاسم,سلع مستعملة وجديدة > أخرى > العطلات والمناسبات الخاصة,العطلات والمناسبات الخاصة,أغراض مناسبات وأعياد
1035,تعديل الاسم,سلع مستعملة وجديدة > أخرى > المنتجات الترويجية,المنتجات الترويجية,منتجات دعائية
1036,تعديل الاسم,سلع مستعملة وجديدة > أخرى > براندس فور سالي,براندس فور سالي,علامات تجارية للبيع
1037,تعديل الاسم,سلع مستعملة وجديدة > أخرى > تاتتوس & بودي ارت,تاتتوس & بودي ارت,وشوم وفنون الجسد
1038,تعديل الاسم,سلع مستعملة وجديدة > أخرى > تذاكر الحفلات والمناسبات,تذاكر الحفلات والمناسبات,تذكرة دخول حفلة
1039,تعديل الاسم,سلع مستعملة وجديدة > أخرى > مبيدات الحشرات والقوارض,مبيدات الحشرات والقوارض,مبيد حشرات وفئران
1040,تعديل الاسم,سلع مستعملة وجديدة > أغذية وأعلاف > أطعمة معلبة,أطعمة معلبة,طعام معلب
1041,تعديل الاسم,سلع مستعملة وجديدة > أغذية وأعلاف > جراينس,جراينس,حبوب
1042,تعديل الاسم,سلع مستعملة وجديدة > أغذية وأعلاف > حلويات وعلكة,حلويات وعلكة,حلوى وعلكة
1043,تعديل الاسم,سلع مستعملة وجديدة > أغذية وأعلاف > درييد نوتس,درييد نوتس,مكسرات وفواكه مجففة
1044,تعديل الاسم,سلع مستعملة وجديدة > أغذية وأعلاف > سلال الفاكهة والجملة,سلال الفاكهة والجملة,سلال فواكه
1045,تعديل الاسم,سلع مستعملة وجديدة > أغذية وأعلاف > فواكه وخضروات,فواكه وخضروات,فاكهة وخضار
1046,تعديل الاسم,سلع مستعملة وجديدة > أغذية وأعلاف > لحوم وأسماك,لحوم وأسماك,لحوم وسمك
1047,تعديل الاسم,سلع مستعملة وجديدة > أغذية وأعلاف > مأكولات شهية,مأكولات شهية,مقبلات ومأكولات جاهزة
1048,تعديل الاسم,سلع مستعملة وجديدة > أغذية وأعلاف > مشروبات,مشروبات,مشروب
1049,تعديل الاسم,سلع مستعملة وجديدة > أنتيكات > أدوات,أدوات,أدوات قديمة
1050,تعديل الاسم,سلع مستعملة وجديدة > أنتيكات > إضاءة,إضاءة,إنارة قديمة
1051,تعديل الاسم,سلع مستعملة وجديدة > أنتيكات > إكسسوارات,إكسسوارات,إكسسوارات قديمة
1052,تعديل الاسم,سلع مستعملة وجديدة > أنتيكات > المنزل والحديقة,المنزل والحديقة,منزل وحديقة
1053,تعديل الاسم,سلع مستعملة وجديدة > أنتيكات > قطع,قطع,قطع قديمة
1054,تعديل الاسم,سلع مستعملة وجديدة > أنتيكات > ماكينات,ماكينات,ماكينات قديمة
1055,تعديل الاسم,سلع مستعملة وجديدة > أنتيكات > منتجات ديكور,منتجات ديكور,تحف وديكور قديم
1056,تعديل الاسم,سلع مستعملة وجديدة > أنتيكات > منسوجات,منسوجات,سجاد ومفروشات قديمة
1057,تعديل الاسم,سلع مستعملة وجديدة > إلكترونيات تقنية > أجهزة فحص واختبار,أجهزة فحص واختبار,جهاز فحص واختبار
1058,تعديل الاسم,سلع مستعملة وجديدة > إلكترونيات تقنية > أجهزة كشف المعادن,أجهزة كشف المعادن,جهاز كشف معادن
1059,تعديل الاسم,سلع مستعملة وجديدة > إلكترونيات تقنية > أجهزة لاسلكي,أجهزة لاسلكي,جهاز لاسلكي
1060,تعديل الاسم,سلع مستعملة وجديدة > إلكترونيات تقنية > إمدادات الطاقة والمحولات,إمدادات الطاقة والمحولات,مزود طاقة ومحول
1061,تعديل الاسم,سلع مستعملة وجديدة > إلكترونيات تقنية > بطاريات,بطاريات,بطارية
1062,تعديل الاسم,سلع مستعملة وجديدة > إلكترونيات تقنية > دوائر وتجميع إلكتروني,دوائر وتجميع إلكتروني,قطع وتجميع إلكتروني
1063,تعديل الاسم,سلع مستعملة وجديدة > إلكترونيات تقنية > سكاليس,سكاليس,ميزان
1064,تعديل الاسم,سلع مستعملة وجديدة > إلكترونيات تقنية > قطع,قطع,قطع إلكترونية
1065,تعديل الاسم,سلع مستعملة وجديدة > إلكترونيات تقنية > مؤشرات الليزر والمصابيح الكاشفة,مؤشرات الليزر والمصابيح الكاشفة,مؤشر ليزر وكشاف
1066,تعديل الاسم,سلع مستعملة وجديدة > إلكترونيات منزلية > أجهزة صوت محمولة,أجهزة صوت محمولة,جهاز صوت محمول
1067,تعديل الاسم,سلع مستعملة وجديدة > إلكترونيات منزلية > أجهزة ومعدات الأقمار الصناعية,أجهزة ومعدات الأقمار الصناعية,ستلايت ومستلزماته
1068,تعديل الاسم,سلع مستعملة وجديدة > إلكترونيات منزلية > أنظمة أمان,أنظمة أمان,كاميرات وأنظمة أمان
1069,تعديل الاسم,سلع مستعملة وجديدة > إلكترونيات منزلية > أنظمة المنزل الذكي,أنظمة المنزل الذكي,أجهزة منزل ذكي
1070,تعديل الاسم,سلع مستعملة وجديدة > إلكترونيات منزلية > أنظمة عرض وصورة,أنظمة عرض وصورة,أجهزة عرض وصورة
1071,تعديل الاسم,سلع مستعملة وجديدة > إلكترونيات منزلية > الصوتيات المنزلية,الصوتيات المنزلية,سماعات ونظام صوت منزلي
1072,تعديل الاسم,سلع مستعملة وجديدة > إلكترونيات منزلية > تلفزيونات,تلفزيونات,تلفزيون
1073,تعديل الاسم,سلع مستعملة وجديدة > إلكترونيات منزلية > هواتف,هواتف,هاتف
1074,تعديل الاسم,سلع مستعملة وجديدة > الأم والطفل > أثاث,أثاث,أثاث أطفال
1075,تعديل الاسم,سلع مستعملة وجديدة > الأم والطفل > ألعاب,ألعاب,ألعاب أطفال
1076,تعديل الاسم,سلع مستعملة وجديدة > الأم والطفل > أمان,أمان,حماية الطفل
1077,تعديل الاسم,سلع مستعملة وجديدة > الأم والطفل > التغذية والإطعام,التغذية والإطعام,أكل وإطعام الطفل
1078,تعديل الاسم,سلع مستعملة وجديدة > الأم والطفل > الصحة والعناية,الصحة والعناية,صحة وعناية الطفل
1079,تعديل الاسم,سلع مستعملة وجديدة > الأم والطفل > حمام,حمام,حمام الطفل
1080,تعديل الاسم,سلع مستعملة وجديدة > الأم والطفل > ديكور الغرف,ديكور الغرف,ديكور غرفة الطفل
1081,تعديل الاسم,سلع مستعملة وجديدة > الأم والطفل > مستلزمات رضاعة,مستلزمات رضاعة,رضّاعة وأغراض رضاعة
1082,تعديل الاسم,سلع مستعملة وجديدة > الأم والطفل > ملابس المواليد,ملابس المواليد,ملابس مواليد
1083,تعديل الاسم,سلع مستعملة وجديدة > الأم والطفل > منسوجات منزلية,منسوجات منزلية,بياضات ومفارش أطفال
1084,تعديل الاسم,سلع مستعملة وجديدة > الأم والطفل > مواصلات,مواصلات,عرباية وكرسي سيارة للأطفال
1085,تعديل الاسم,سلع مستعملة وجديدة > الأم والطفل > هدايا ومقتنيات المواليد,هدايا ومقتنيات المواليد,هدايا مواليد
1086,تعديل الاسم,سلع مستعملة وجديدة > تصوير وكاميرات > إكسسوارات العدسات,إكسسوارات العدسات,إكسسوارات عدسات
1087,تعديل الاسم,سلع مستعملة وجديدة > تصوير وكاميرات > تلسكوبات,تلسكوبات,تلسكوب
1088,تعديل الاسم,سلع مستعملة وجديدة > تصوير وكاميرات > عدسات وفلاتر,عدسات وفلاتر,عدسة
1089,تعديل الاسم,سلع مستعملة وجديدة > تصوير وكاميرات > كاميرات تصوير رقمية,كاميرات تصوير رقمية,كاميرا رقمية
1090,تعديل الاسم,سلع مستعملة وجديدة > تصوير وكاميرات > كاميرات فيديو,كاميرات فيديو,كاميرا فيديو
1091,تعديل الاسم,سلع مستعملة وجديدة > تصوير وكاميرات > كاميرات فيلم تناظرية,كاميرات فيلم تناظرية,كاميرا فيلم
1092,تعديل الاسم,سلع مستعملة وجديدة > تصوير وكاميرات > كاميرات للإيجار,كاميرات للإيجار,كاميرا للإيجار
1093,تعديل الاسم,سلع مستعملة وجديدة > تصوير وكاميرات > مناظير,مناظير,منظار
1094,تعديل الاسم,سلع مستعملة وجديدة > ديكور المنزل > أدوات مطبخ,أدوات مطبخ,أغراض مطبخ
1095,تعديل الاسم,سلع مستعملة وجديدة > ديكور المنزل > فنون وأشغال يدوية,فنون وأشغال يدوية,لوحات وأشغال يدوية
1096,تعديل الاسم,سلع مستعملة وجديدة > ديكور المنزل > منتجات تنظيف,منتجات تنظيف,مواد وأدوات تنظيف
1097,تعديل الاسم,سلع مستعملة وجديدة > ديكور المنزل > منتجات ديكور,منتجات ديكور,ديكورات منزلية
1098,تعديل الاسم,سلع مستعملة وجديدة > ديكور المنزل > منسوجات منزلية,منسوجات منزلية,بياضات ومفارش
1099,تعديل الاسم,سلع مستعملة وجديدة > ساعات ومنبهات > ساعات,ساعات,ساعة
1100,تعديل الاسم,سلع مستعملة وجديدة > ساعات ومنبهات > ساعات الحائط,ساعات الحائط,ساعة حائط
1101,تعديل الاسم,سلع مستعملة وجديدة > ساعات ومنبهات > ساعات الطاولة,ساعات الطاولة,ساعة طاولة
1102,تعديل الاسم,سلع مستعملة وجديدة > ساعات ومنبهات > قطع وإكسسوارات,قطع وإكسسوارات,قطع وإكسسوارات ساعات
1103,تعديل الاسم,سلع مستعملة وجديدة > كمبيوتر > خوادم ومكونات,خوادم ومكونات,سيرفرات وقطعها
1104,تعديل الاسم,سلع مستعملة وجديدة > كمبيوتر > لابتوبات ونوت بوك,لابتوبات ونوت بوك,لابتوب
1105,تعديل الاسم,سلع مستعملة وجديدة > كمبيوتر > نطاقات واستضافة وبرمجيات,نطاقات واستضافة وبرمجيات,نطاقات واستضافة
1106,تعديل الاسم,سلع مستعملة وجديدة > مستلزمات الحدائق والبناء > أدوات يدوية,أدوات يدوية,عدة وأدوات يدوية
1107,تعديل الاسم,سلع مستعملة وجديدة > مستلزمات الحدائق والبناء > حديقة,حديقة,أغراض حديقة
1108,تعديل الاسم,سلع مستعملة وجديدة > مستلزمات الحدائق والبناء > ملابس ومستلزمات السلامة المهنية,ملابس ومستلزمات السلامة المهنية,لباس ومعدات سلامة
1109,تعديل الاسم,سلع مستعملة وجديدة > مستلزمات اللاعبين > أجهزة ألعاب ووحدات تحكم,أجهزة ألعاب ووحدات تحكم,أجهزة ألعاب
1110,تعديل الاسم,سلع مستعملة وجديدة > مستلزمات اللاعبين > ألعاب,ألعاب,ألعاب فيديو
1111,تعديل الاسم,سلع مستعملة وجديدة > مستلزمات اللاعبين > معدات ألعاب,معدات ألعاب,إكسسوارات ألعاب
1112,تعديل الاسم,سلع مستعملة وجديدة > مستلزمات المكتب والقرطاسية > آلات مكتبية,آلات مكتبية,معدات مكتبية
1113,تعديل الاسم,سلع مستعملة وجديدة > ملابس وإكسسوارات > أزياء تنكرية,أزياء تنكرية,زي تنكري
1114,تعديل الاسم,سلع مستعملة وجديدة > ملابس وإكسسوارات > حقائب وأمتعة,حقائب وأمتعة,حقيبة سفر
1115,تعديل الاسم,سلع مستعملة وجديدة > ملابس وإكسسوارات > رجالي,رجالي,ملابس رجالي
1116,تعديل الاسم,سلع مستعملة وجديدة > ملابس وإكسسوارات > للجنسين,للجنسين,ملابس للجنسين
1117,تعديل الاسم,سلع مستعملة وجديدة > ملابس وإكسسوارات > ملابس زفاف,ملابس زفاف,فستان عرس وملابس زفاف
1118,تعديل الاسم,سلع مستعملة وجديدة > ملابس وإكسسوارات > نسائي,نسائي,ملابس نسائي
1119,تعديل الاسم,سلع مستعملة وجديدة > هواتف وإكسسوارات > الهواتف المحمولة المجددة,الهواتف المحمولة المجددة,موبايلات مجددة
1120,تعديل الاسم,سلع مستعملة وجديدة > هواتف وإكسسوارات > تقنيات قابلة للارتداء,تقنيات قابلة للارتداء,أجهزة قابلة للارتداء
1121,تعديل الاسم,سلع مستعملة وجديدة > هواتف وإكسسوارات > رقم,رقم,أرقام وخطوط هاتف
1122,تعديل الاسم,سلع مستعملة وجديدة > هواتف وإكسسوارات > قطع,قطع,قطع غيار هواتف
1123,تعديل الاسم,سلع مستعملة وجديدة > هوايات وألعاب > ألعاب,ألعاب,لعبة
1124,تعديل الاسم,سلع مستعملة وجديدة > هوايات وألعاب > ألعاب طاولة,ألعاب طاولة,لعبة طاولة
1125,تعديل الاسم,سلع مستعملة وجديدة > هوايات وألعاب > ألعاب وترفيه تجاري,ألعاب وترفيه تجاري,ألعاب صالات وترفيه
1126,تعديل الاسم,سلع مستعملة وجديدة > هوايات وألعاب > مركبات تحكم لاسلكي,مركبات تحكم لاسلكي,سيارة تحكم لاسلكي
1127,تعديل الاسم,سلع مستعملة وجديدة > هوايات وألعاب > منتجات البازل,منتجات البازل,بازل
1128,تعديل الاسم,الآلات والمعدات > الآلات الزراعية,الآلات الزراعية,معدات وآلات زراعية
1129,تعديل الاسم,الآلات والمعدات > الصناعة,الصناعة,معدات صناعية
1130,تعديل الاسم,الآلات والمعدات > الكهرباء والطاقة,الكهرباء والطاقة,معدات كهرباء وطاقة
1131,تعديل الاسم,الآلات والمعدات > معدات الإنشاءات,معدات الإنشاءات,معدات بناء وإنشاءات
1132,تعديل الاسم,الحيوانات الأليفة والمواشي > الأعلاف والطعام,الأعلاف والطعام,أعلاف وطعام
1133,تعديل الاسم,الحيوانات الأليفة والمواشي > الإكسسوارات والمعدات,الإكسسوارات والمعدات,مستلزمات وإكسسوارات
1134,تعديل الاسم,الحيوانات الأليفة والمواشي > الحيوانات الكبيرة,الحيوانات الكبيرة,مواشي وحيوانات كبيرة
1135,تعديل الاسم,العقارات > سكن,سكن,سكني
1136,تعديل الاسم,العقارات > عقار تجاري,عقار تجاري,تجاري
1137,تعديل الاسم,المركبات > رباعية الدفع,رباعية الدفع,دراجة رباعية الدفع 
1138,تعديل الاسم,المركبات > سيارات الدفع الرباعي والبيك آب,سيارات الدفع الرباعي والبيك آب,سيارات دفع رباعي وبيك آب
1139,تعديل الاسم,المركبات > مركبة المهام المساعدة,مركبة المهام المساعدة,مركبات خدمات
1140,تعديل الاسم,الوظائف > الإدارة والمكاتب,الإدارة والمكاتب,إدارة ومكاتب
1141,تعديل الاسم,الوظائف > الإعلام والراديو والتلفزيون,الإعلام والراديو والتلفزيون,إعلام وتلفزيون
1142,تعديل الاسم,الوظائف > البناء والإنشاءات,البناء والإنشاءات,بناء ومقاولات
1143,تعديل الاسم,الوظائف > البيع بالتجزئة والتجارة,البيع بالتجزئة والتجارة,تجارة وبيع بالتجزئة
1144,تعديل الاسم,الوظائف > الترفيه والفعاليات,الترفيه والفعاليات,فعاليات وترفيه
1145,تعديل الاسم,الوظائف > التسويق وإدارة المنتج,التسويق وإدارة المنتج,تسويق وإدارة منتجات
1146,تعديل الاسم,الوظائف > التوصيل والطرود,التوصيل والطرود,توصيل وطرود
1147,تعديل الاسم,الوظائف > الضيافة والفنادق,الضيافة والفنادق,فنادق وضيافة
1148,تعديل الاسم,الوظائف > اللوجستيات والنقل,اللوجستيات والنقل,لوجستيات ونقل
1149,تعديل الاسم,الوظائف > المحاسبة والمالية والبنوك,المحاسبة والمالية والبنوك,محاسبة وبنوك
1150,تعديل الاسم,الوظائف > تقنية المعلومات وتطوير البرمجيات,تقنية المعلومات وتطوير البرمجيات,تقنية معلومات وبرمجة
1151,تعديل الاسم,الوظائف > وظائف جزئية وأعمال إضافية,وظائف جزئية وأعمال إضافية,دوام جزئي وأعمال إضافية
1152,تعديل الاسم,دروس خصوصية > تحضير الاختبارات,تحضير الاختبارات,تحضير امتحانات
1153,تعديل الاسم,دروس خصوصية > تدريب رياضي ولياقة,تدريب رياضي ولياقة,رياضة ولياقة
1154,تعديل الاسم,دروس خصوصية > تنمية الطفل والتعلم المبكر,تنمية الطفل والتعلم المبكر,تنمية الطفل والتعليم المبكر
1155,تعديل الاسم,دروس خصوصية > فنون ومهارات إبداعية,فنون ومهارات إبداعية,فنون وإبداع
1156,تعديل الاسم,دروس خصوصية > مهارات الكمبيوتر والتقنية,مهارات الكمبيوتر والتقنية,كمبيوتر وتقنية
1157,تعديل الاسم,سلع مستعملة وجديدة > أنتيكات,أنتيكات,تحف وأنتيكات
1158,تعديل الاسم,سلع مستعملة وجديدة > إلكترونيات تقنية,إلكترونيات تقنية,أجهزة تقنية
1159,تعديل الاسم,سلع مستعملة وجديدة > ساوسيبانس,ساوسيبانس,طنجرة
1160,تعديل الاسم,سلع مستعملة وجديدة > سيوينج & يمبرويديري,سيوينج & يمبرويديري,خياطة وتطريز
1161,تعديل الاسم,سلع مستعملة وجديدة > مستلزمات الحدائق والبناء,مستلزمات الحدائق والبناء,أغراض حديقة وبناء
1162,تعديل الاسم,سلع مستعملة وجديدة > مستلزمات اللاعبين,مستلزمات اللاعبين,مستلزمات الألعاب
1163,تعديل الاسم,قطع غيار السيارات > معدات الدراجات النارية,معدات الدراجات النارية,إكسسوارات دراجات نارية
1164,تعديل الاسم,قطع غيار السيارات > معدات السيارات,معدات السيارات,قطع وإكسسوارات السيارات
1165,تعديل الاسم,قطع غيار السيارات > معدات المركبات البحرية,معدات المركبات البحرية,إكسسوارات المركبات البحرية
1166,تعديل الاسم,خدمات المساعدة المنزلية,خدمات المساعدة المنزلية,خدمات منزلية
1167,تعديل الاسم,سلع مستعملة وجديدة,سلع مستعملة وجديدة,سلع جديدة ومستعملة